time_slot,tariff_type,price_per_kWh,peak_flag,base_load_kW,base_load_p90_kW,uci_load_type,co2_factor_kg_per_kWh,in_original_tariff
2026-09-21 00:00:00,경부하,90,0,12.85,15.752,Light,0.4585,1
2026-09-21 00:15:00,경부하,90,0,12.956,15.912,Light,0.4585,1
2026-09-21 00:30:00,경부하,90,0,13.035,16.84,Light,0.4585,1
2026-09-21 00:45:00,경부하,90,0,13.085,15.968,Light,0.4585,1
2026-09-21 01:00:00,경부하,90,0,12.997,16.688,Light,0.4585,1
2026-09-21 01:15:00,경부하,90,0,12.794,15.56,Light,0.4585,1
2026-09-21 01:30:00,경부하,90,0,13.008,16.224,Light,0.4585,1
2026-09-21 01:45:00,경부하,90,0,12.882,15.56,Light,0.4585,1
2026-09-21 02:00:00,경부하,90,0,12.63,15.528,Light,0.4585,1
2026-09-21 02:15:00,경부하,90,0,12.98,15.4,Light,0.4585,1
2026-09-21 02:30:00,경부하,90,0,13.34,17.664,Light,0.4585,1
2026-09-21 02:45:00,경부하,90,0,12.99,15.936,Light,0.4585,1
2026-09-21 03:00:00,경부하,90,0,12.848,15.376,Light,0.4585,1
2026-09-21 03:15:00,경부하,90,0,12.751,15.504,Light,0.4585,1
2026-09-21 03:30:00,경부하,90,0,12.724,15.6,Light,0.4585,1
2026-09-21 03:45:00,경부하,90,0,12.756,15.504,Light,0.4585,1
2026-09-21 04:00:00,경부하,90,0,12.845,15.312,Light,0.4585,1
2026-09-21 04:15:00,경부하,90,0,12.782,15.216,Light,0.4585,1
2026-09-21 04:30:00,경부하,90,0,12.925,16.376,Light,0.4585,1
2026-09-21 04:45:00,경부하,90,0,12.878,16.824,Light,0.4585,1
2026-09-21 05:00:00,경부하,90,0,12.779,15.656,Light,0.4585,1
2026-09-21 05:15:00,경부하,90,0,12.618,15.728,Light,0.4585,1
2026-09-21 05:30:00,경부하,90,0,12.798,16.896,Light,0.4585,1
2026-09-21 05:45:00,경부하,90,0,12.466,15.248,Light,0.4585,1
2026-09-21 06:00:00,경부하,90,0,12.367,15.248,Light,0.4585,1
2026-09-21 06:15:00,경부하,90,0,12.623,15.528,Light,0.4585,1
2026-09-21 06:30:00,경부하,90,0,12.895,16.064,Light,0.4585,1
2026-09-21 06:45:00,경부하,90,0,12.731,15.28,Light,0.4585,1
2026-09-21 07:00:00,경부하,90,0,13.008,16.528,Light,0.4585,1
2026-09-21 07:15:00,경부하,90,0,15.638,21.056,Light,0.4585,1
2026-09-21 07:30:00,경부하,90,0,17.853,24.48,Light,0.4585,1
2026-09-21 07:45:00,경부하,90,0,20.112,29.024,Light,0.4585,1
2026-09-21 08:00:00,중간부하,140,0,114.752,179.248,Light,0.4585,1
2026-09-21 08:15:00,중간부하,140,0,251.374,368.576,Light,0.4585,1
2026-09-21 08:30:00,중간부하,140,0,265.695,384.232,Light,0.4585,1
2026-09-21 08:45:00,중간부하,140,0,276.251,445.768,Light,0.4585,1
2026-09-21 09:00:00,중간부하,140,0,280.412,429.496,Medium,0.4585,1
2026-09-21 09:15:00,중간부하,140,0,266.788,387.696,Medium,0.4585,1
2026-09-21 09:30:00,중간부하,140,0,285.483,443.312,Medium,0.4585,1
2026-09-21 09:45:00,중간부하,140,0,277.985,433.776,Medium,0.4585,1
2026-09-21 10:00:00,최대부하,220,1,259.021,397.704,Maximum,0.4585,1
2026-09-21 10:15:00,최대부하,220,1,269.785,427.552,Maximum,0.4585,1
2026-09-21 10:30:00,최대부하,220,1,263.931,400.968,Maximum,0.4585,1
2026-09-21 10:45:00,최대부하,220,1,271.781,400.768,Maximum,0.4585,1
2026-09-21 11:00:00,최대부하,220,1,284.783,424.912,Maximum,0.4585,1
2026-09-21 11:15:00,최대부하,220,1,271.371,416.896,Maximum,0.4585,1
2026-09-21 11:30:00,최대부하,220,1,278.232,439.736,Maximum,0.4585,1
2026-09-21 11:45:00,최대부하,220,1,252.95,411.216,Maximum,0.4585,1
2026-09-21 12:00:00,중간부하,140,0,43.005,82.472,Medium,0.4585,1
2026-09-21 12:15:00,중간부하,140,0,28.669,37.656,Medium,0.4585,1
2026-09-21 12:30:00,중간부하,140,0,27.18,35.536,Medium,0.4585,1
2026-09-21 12:45:00,중간부하,140,0,27.192,35.096,Medium,0.4585,1
2026-09-21 13:00:00,중간부하,140,0,189.26,288.872,Maximum,0.4585,1
2026-09-21 13:15:00,중간부하,140,0,278.242,394.256,Maximum,0.4585,1
2026-09-21 13:30:00,중간부하,140,0,289.083,465.344,Maximum,0.4585,1
2026-09-21 13:45:00,중간부하,140,0,283.115,449.872,Maximum,0.4585,1
2026-09-21 14:00:00,중간부하,140,0,280.602,436.224,Maximum,0.4585,1
2026-09-21 14:15:00,중간부하,140,0,281.37,435.12,Maximum,0.4585,1
2026-09-21 14:30:00,중간부하,140,0,269.744,421.448,Maximum,0.4585,1
2026-09-21 14:45:00,중간부하,140,0,265.072,416.768,Maximum,0.4585,1
2026-09-21 15:00:00,중간부하,140,0,267.761,444.312,Maximum,0.4585,1
2026-09-21 15:15:00,중간부하,140,0,261.191,404.392,Maximum,0.4585,1
2026-09-21 15:30:00,중간부하,140,0,274.968,429.376,Maximum,0.4585,1
2026-09-21 15:45:00,중간부하,140,0,276.381,434.32,Maximum,0.4585,1
2026-09-21 16:00:00,중간부하,140,0,265.951,398.448,Maximum,0.4585,1
2026-09-21 16:15:00,중간부하,140,0,262.306,408.112,Maximum,0.4585,1
2026-09-21 16:30:00,중간부하,140,0,274.065,428.848,Maximum,0.4585,1
2026-09-21 16:45:00,중간부하,140,0,275.57,428.656,Maximum,0.4585,1
2026-09-21 17:00:00,최대부하,220,1,256.761,380.088,Medium,0.4585,1
2026-09-21 17:15:00,최대부하,220,1,251.72,403.76,Medium,0.4585,1
2026-09-21 17:30:00,최대부하,220,1,144.286,200.144,Medium,0.4585,1
2026-09-21 17:45:00,최대부하,220,1,128.107,141.456,Medium,0.4585,1
2026-09-21 18:00:00,최대부하,220,1,165.557,276.392,Medium,0.4585,1
2026-09-21 18:15:00,최대부하,220,1,207.442,349.68,Medium,0.4585,1
2026-09-21 18:30:00,최대부하,220,1,218.337,419.792,Medium,0.4585,1
2026-09-21 18:45:00,최대부하,220,1,210.851,390.24,Medium,0.4585,1
2026-09-21 19:00:00,최대부하,220,1,209.525,389.232,Medium,0.4585,1
2026-09-21 19:15:00,최대부하,220,1,221.882,383.76,Medium,0.4585,1
2026-09-21 19:30:00,최대부하,220,1,222.524,415.96,Medium,0.4585,1
2026-09-21 19:45:00,최대부하,220,1,220.453,423.48,Medium,0.4585,1
2026-09-21 20:00:00,중간부하,140,0,223.052,398.664,Medium,0.4585,1
2026-09-21 20:15:00,중간부하,140,0,214.365,409.208,Medium,0.4585,1
2026-09-21 20:30:00,중간부하,140,0,191.101,370.336,Medium,0.4585,1
2026-09-21 20:45:00,중간부하,140,0,132.022,329.04,Medium,0.4585,1
2026-09-21 21:00:00,중간부하,140,0,57.185,154.112,Medium,0.4585,1
2026-09-21 21:15:00,중간부하,140,0,44.256,140.592,Medium,0.4585,1
2026-09-21 21:30:00,중간부하,140,0,44.252,140.624,Medium,0.4585,1
2026-09-21 21:45:00,중간부하,140,0,44.954,155.176,Medium,0.4585,1
2026-09-21 22:00:00,경부하,90,0,48.264,144.232,Medium,0.4585,1
2026-09-21 22:15:00,경부하,90,0,38.911,107.328,Medium,0.4585,1
2026-09-21 22:30:00,경부하,90,0,36.838,29.76,Medium,0.4585,1
2026-09-21 22:45:00,경부하,90,0,34.514,26.272,Medium,0.4585,1
2026-09-21 23:00:00,경부하,90,0,34.921,26.336,Light,0.4585,1
2026-09-21 23:15:00,경부하,90,0,36.772,26.24,Light,0.4585,1
2026-09-21 23:30:00,경부하,90,0,34.484,26.248,Light,0.4585,1
2026-09-21 23:45:00,경부하,90,0,36.675,26.112,Light,0.4585,1
2026-09-22 00:00:00,경부하,90,0,36.114,26.424,Light,0.4585,1
2026-09-22 00:15:00,경부하,90,0,39.337,26.692,Light,0.4585,1
2026-09-22 00:30:00,경부하,90,0,37.004,26.516,Light,0.4585,1
2026-09-22 00:45:00,경부하,90,0,41.599,26.66,Light,0.4585,1
2026-09-22 01:00:00,경부하,90,0,35.127,26.516,Light,0.4585,1
2026-09-22 01:15:00,경부하,90,0,24.466,23.704,Light,0.4585,1
2026-09-22 01:30:00,경부하,90,0,17.961,24.976,Light,0.4585,1
2026-09-22 01:45:00,경부하,90,0,17.045,23.032,Light,0.4585,1
2026-09-22 02:00:00,경부하,90,0,17.12,22.888,Light,0.4585,1
2026-09-22 02:15:00,경부하,90,0,17.022,22.932,Light,0.4585,1
2026-09-22 02:30:00,경부하,90,0,16.892,19.412,Light,0.4585,1
2026-09-22 02:45:00,경부하,90,0,16.721,19.0,Light,0.4585,1
2026-09-22 03:00:00,경부하,90,0,16.683,18.864,Light,0.4585,1
2026-09-22 03:15:00,경부하,90,0,16.655,18.848,Light,0.4585,1
2026-09-22 03:30:00,경부하,90,0,16.456,19.224,Light,0.4585,1
2026-09-22 03:45:00,경부하,90,0,16.764,18.988,Light,0.4585,1
2026-09-22 04:00:00,경부하,90,0,16.588,18.72,Light,0.4585,1
2026-09-22 04:15:00,경부하,90,0,16.348,18.532,Light,0.4585,1
2026-09-22 04:30:00,경부하,90,0,16.541,18.46,Light,0.4585,1
2026-09-22 04:45:00,경부하,90,0,16.217,18.532,Light,0.4585,1
2026-09-22 05:00:00,경부하,90,0,16.445,18.704,Light,0.4585,1
2026-09-22 05:15:00,경부하,90,0,16.532,18.692,Light,0.4585,1
2026-09-22 05:30:00,경부하,90,0,16.422,18.44,Light,0.4585,1
2026-09-22 05:45:00,경부하,90,0,16.698,18.704,Light,0.4585,1
2026-09-22 06:00:00,경부하,90,0,16.323,18.692,Light,0.4585,1
2026-09-22 06:15:00,경부하,90,0,16.122,18.704,Light,0.4585,1
2026-09-22 06:30:00,경부하,90,0,16.009,18.448,Light,0.4585,1
2026-09-22 06:45:00,경부하,90,0,15.721,18.196,Light,0.4585,1
2026-09-22 07:00:00,경부하,90,0,16.168,18.072,Light,0.4585,1
2026-09-22 07:15:00,경부하,90,0,18.227,21.836,Light,0.4585,1
2026-09-22 07:30:00,경부하,90,0,21.363,28.448,Light,0.4585,1
2026-09-22 07:45:00,경부하,90,0,29.263,38.492,Light,0.4585,1
2026-09-22 08:00:00,중간부하,140,0,151.495,231.048,Light,0.4585,1
2026-09-22 08:15:00,중간부하,140,0,243.643,374.564,Light,0.4585,1
2026-09-22 08:30:00,중간부하,140,0,265.412,407.304,Light,0.4585,1
2026-09-22 08:45:00,중간부하,140,0,290.912,482.192,Light,0.4585,1
2026-09-22 09:00:00,중간부하,140,0,279.681,416.06,Medium,0.4585,1
2026-09-22 09:15:00,중간부하,140,0,283.746,410.688,Medium,0.4585,1
2026-09-22 09:30:00,중간부하,140,0,279.415,459.908,Medium,0.4585,1
2026-09-22 09:45:00,중간부하,140,0,272.546,424.888,Medium,0.4585,1
2026-09-22 10:00:00,최대부하,220,1,265.441,425.464,Maximum,0.4585,1
2026-09-22 10:15:00,최대부하,220,1,261.782,408.6,Maximum,0.4585,1
2026-09-22 10:30:00,최대부하,220,1,275.664,459.46,Maximum,0.4585,1
2026-09-22 10:45:00,최대부하,220,1,266.892,420.748,Maximum,0.4585,1
2026-09-22 11:00:00,최대부하,220,1,287.107,437.96,Maximum,0.4585,1
2026-09-22 11:15:00,최대부하,220,1,284.135,425.284,Maximum,0.4585,1
2026-09-22 11:30:00,최대부하,220,1,276.332,453.52,Maximum,0.4585,1
2026-09-22 11:45:00,최대부하,220,1,273.556,434.052,Maximum,0.4585,1
2026-09-22 12:00:00,중간부하,140,0,46.767,83.584,Medium,0.4585,1
2026-09-22 12:15:00,중간부하,140,0,27.72,37.088,Medium,0.4585,1
2026-09-22 12:30:00,중간부하,140,0,26.774,35.048,Medium,0.4585,1
2026-09-22 12:45:00,중간부하,140,0,27.928,38.356,Medium,0.4585,1
2026-09-22 13:00:00,중간부하,140,0,182.489,288.128,Maximum,0.4585,1
2026-09-22 13:15:00,중간부하,140,0,285.736,460.64,Maximum,0.4585,1
2026-09-22 13:30:00,중간부하,140,0,286.145,434.324,Maximum,0.4585,1
2026-09-22 13:45:00,중간부하,140,0,279.957,433.388,Maximum,0.4585,1
2026-09-22 14:00:00,중간부하,140,0,264.714,408.772,Maximum,0.4585,1
2026-09-22 14:15:00,중간부하,140,0,274.39,419.344,Maximum,0.4585,1
2026-09-22 14:30:00,중간부하,140,0,268.019,437.932,Maximum,0.4585,1
2026-09-22 14:45:00,중간부하,140,0,270.076,401.164,Maximum,0.4585,1
2026-09-22 15:00:00,중간부하,140,0,262.217,377.912,Maximum,0.4585,1
2026-09-22 15:15:00,중간부하,140,0,268.865,405.596,Maximum,0.4585,1
2026-09-22 15:30:00,중간부하,140,0,285.578,434.944,Maximum,0.4585,1
2026-09-22 15:45:00,중간부하,140,0,277.58,426.276,Maximum,0.4585,1
2026-09-22 16:00:00,중간부하,140,0,278.23,439.54,Maximum,0.4585,1
2026-09-22 16:15:00,중간부하,140,0,276.398,418.096,Maximum,0.4585,1
2026-09-22 16:30:00,중간부하,140,0,285.036,419.848,Maximum,0.4585,1
2026-09-22 16:45:00,중간부하,140,0,281.371,417.4,Maximum,0.4585,1
2026-09-22 17:00:00,최대부하,220,1,269.065,432.936,Medium,0.4585,1
2026-09-22 17:15:00,최대부하,220,1,257.127,406.34,Medium,0.4585,1
2026-09-22 17:30:00,최대부하,220,1,158.167,248.488,Medium,0.4585,1
2026-09-22 17:45:00,최대부하,220,1,133.933,224.948,Medium,0.4585,1
2026-09-22 18:00:00,최대부하,220,1,173.995,283.212,Medium,0.4585,1
2026-09-22 18:15:00,최대부하,220,1,228.677,397.672,Medium,0.4585,1
2026-09-22 18:30:00,최대부하,220,1,221.255,353.636,Medium,0.4585,1
2026-09-22 18:45:00,최대부하,220,1,225.055,427.664,Medium,0.4585,1
2026-09-22 19:00:00,최대부하,220,1,215.646,382.572,Medium,0.4585,1
2026-09-22 19:15:00,최대부하,220,1,224.292,416.68,Medium,0.4585,1
2026-09-22 19:30:00,최대부하,220,1,224.765,379.208,Medium,0.4585,1
2026-09-22 19:45:00,최대부하,220,1,220.343,397.388,Medium,0.4585,1
2026-09-22 20:00:00,중간부하,140,0,217.295,379.424,Medium,0.4585,1
2026-09-22 20:15:00,중간부하,140,0,232.438,402.76,Medium,0.4585,1
2026-09-22 20:30:00,중간부하,140,0,202.0,374.812,Medium,0.4585,1
2026-09-22 20:45:00,중간부하,140,0,123.442,253.252,Medium,0.4585,1
2026-09-22 21:00:00,중간부하,140,0,54.756,131.588,Medium,0.4585,1
2026-09-22 21:15:00,중간부하,140,0,47.072,124.1,Medium,0.4585,1
2026-09-22 21:30:00,중간부하,140,0,44.078,128.088,Medium,0.4585,1
2026-09-22 21:45:00,중간부하,140,0,40.455,147.628,Medium,0.4585,1
2026-09-22 22:00:00,경부하,90,0,40.695,140.04,Medium,0.4585,1
2026-09-22 22:15:00,경부하,90,0,44.449,132.248,Medium,0.4585,1
2026-09-22 22:30:00,경부하,90,0,41.861,146.484,Medium,0.4585,1
2026-09-22 22:45:00,경부하,90,0,41.546,144.088,Medium,0.4585,1
2026-09-22 23:00:00,경부하,90,0,42.38,129.088,Light,0.4585,1
2026-09-22 23:15:00,경부하,90,0,40.47,122.832,Light,0.4585,1
2026-09-22 23:30:00,경부하,90,0,38.335,125.552,Light,0.4585,1
2026-09-22 23:45:00,경부하,90,0,38.911,122.86,Light,0.4585,1
2026-09-23 00:00:00,경부하,90,0,37.418,123.308,Light,0.4585,1
2026-09-23 00:15:00,경부하,90,0,40.035,126.352,Light,0.4585,1
2026-09-23 00:30:00,경부하,90,0,40.663,114.94,Light,0.4585,1
2026-09-23 00:45:00,경부하,90,0,40.911,106.408,Light,0.4585,1
2026-09-23 01:00:00,경부하,90,0,33.475,93.112,Light,0.4585,1
2026-09-23 01:15:00,경부하,90,0,22.947,23.416,Light,0.4585,1
2026-09-23 01:30:00,경부하,90,0,19.222,23.76,Light,0.4585,1
2026-09-23 01:45:00,경부하,90,0,18.318,22.472,Light,0.4585,1
2026-09-23 02:00:00,경부하,90,0,18.12,20.908,Light,0.4585,1
2026-09-23 02:15:00,경부하,90,0,18.145,20.996,Light,0.4585,1
2026-09-23 02:30:00,경부하,90,0,18.082,20.384,Light,0.4585,1
2026-09-23 02:45:00,경부하,90,0,17.741,20.456,Light,0.4585,1
2026-09-23 03:00:00,경부하,90,0,18.025,20.68,Light,0.4585,1
2026-09-23 03:15:00,경부하,90,0,18.775,20.412,Light,0.4585,1
2026-09-23 03:30:00,경부하,90,0,18.358,20.268,Light,0.4585,1
2026-09-23 03:45:00,경부하,90,0,17.994,18.72,Light,0.4585,1
2026-09-23 04:00:00,경부하,90,0,18.013,18.88,Light,0.4585,1
2026-09-23 04:15:00,경부하,90,0,17.742,18.548,Light,0.4585,1
2026-09-23 04:30:00,경부하,90,0,17.35,19.208,Light,0.4585,1
2026-09-23 04:45:00,경부하,90,0,17.128,19.368,Light,0.4585,1
2026-09-23 05:00:00,경부하,90,0,17.232,18.72,Light,0.4585,1
2026-09-23 05:15:00,경부하,90,0,17.455,18.28,Light,0.4585,1
2026-09-23 05:30:00,경부하,90,0,17.556,18.28,Light,0.4585,1
2026-09-23 05:45:00,경부하,90,0,17.41,18.268,Light,0.4585,1
2026-09-23 06:00:00,경부하,90,0,17.809,18.548,Light,0.4585,1
2026-09-23 06:15:00,경부하,90,0,17.996,18.424,Light,0.4585,1
2026-09-23 06:30:00,경부하,90,0,17.65,18.368,Light,0.4585,1
2026-09-23 06:45:00,경부하,90,0,17.578,17.352,Light,0.4585,1
2026-09-23 07:00:00,경부하,90,0,17.262,17.812,Light,0.4585,1
2026-09-23 07:15:00,경부하,90,0,19.424,21.764,Light,0.4585,1
2026-09-23 07:30:00,경부하,90,0,24.39,31.48,Light,0.4585,1
2026-09-23 07:45:00,경부하,90,0,31.34,54.916,Light,0.4585,1
2026-09-23 08:00:00,중간부하,140,0,159.069,226.16,Light,0.4585,1
2026-09-23 08:15:00,중간부하,140,0,269.942,412.768,Light,0.4585,1
2026-09-23 08:30:00,중간부하,140,0,284.293,428.796,Light,0.4585,1
2026-09-23 08:45:00,중간부하,140,0,276.33,441.604,Light,0.4585,1
2026-09-23 09:00:00,중간부하,140,0,279.042,438.028,Medium,0.4585,1
2026-09-23 09:15:00,중간부하,140,0,286.857,443.7,Medium,0.4585,1
2026-09-23 09:30:00,중간부하,140,0,272.74,436.552,Medium,0.4585,1
2026-09-23 09:45:00,중간부하,140,0,269.892,434.636,Medium,0.4585,1
2026-09-23 10:00:00,최대부하,220,1,256.118,376.832,Maximum,0.4585,1
2026-09-23 10:15:00,최대부하,220,1,267.085,450.2,Maximum,0.4585,1
2026-09-23 10:30:00,최대부하,220,1,265.439,407.8,Maximum,0.4585,1
2026-09-23 10:45:00,최대부하,220,1,295.369,447.328,Maximum,0.4585,1
2026-09-23 11:00:00,최대부하,220,1,291.302,439.468,Maximum,0.4585,1
2026-09-23 11:15:00,최대부하,220,1,284.038,446.508,Maximum,0.4585,1
2026-09-23 11:30:00,최대부하,220,1,266.75,394.544,Maximum,0.4585,1
2026-09-23 11:45:00,최대부하,220,1,244.678,412.244,Maximum,0.4585,1
2026-09-23 12:00:00,중간부하,140,0,40.369,79.632,Medium,0.4585,1
2026-09-23 12:15:00,중간부하,140,0,27.647,34.036,Medium,0.4585,1
2026-09-23 12:30:00,중간부하,140,0,28.149,36.224,Medium,0.4585,1
2026-09-23 12:45:00,중간부하,140,0,29.332,36.208,Medium,0.4585,1
2026-09-23 13:00:00,중간부하,140,0,171.38,265.68,Maximum,0.4585,1
2026-09-23 13:15:00,중간부하,140,0,266.295,429.796,Maximum,0.4585,1
2026-09-23 13:30:00,중간부하,140,0,258.91,392.788,Maximum,0.4585,1
2026-09-23 13:45:00,중간부하,140,0,279.498,438.048,Maximum,0.4585,1
2026-09-23 14:00:00,중간부하,140,0,285.861,447.572,Maximum,0.4585,1
2026-09-23 14:15:00,중간부하,140,0,272.125,477.72,Maximum,0.4585,1
2026-09-23 14:30:00,중간부하,140,0,272.985,434.376,Maximum,0.4585,1
2026-09-23 14:45:00,중간부하,140,0,279.835,441.488,Maximum,0.4585,1
2026-09-23 15:00:00,중간부하,140,0,270.658,465.156,Maximum,0.4585,1
2026-09-23 15:15:00,중간부하,140,0,269.159,445.508,Maximum,0.4585,1
2026-09-23 15:30:00,중간부하,140,0,271.022,412.792,Maximum,0.4585,1
2026-09-23 15:45:00,중간부하,140,0,271.092,452.548,Maximum,0.4585,1
2026-09-23 16:00:00,중간부하,140,0,264.628,402.856,Maximum,0.4585,1
2026-09-23 16:15:00,중간부하,140,0,280.148,447.256,Maximum,0.4585,1
2026-09-23 16:30:00,중간부하,140,0,287.726,474.104,Maximum,0.4585,1
2026-09-23 16:45:00,중간부하,140,0,269.837,435.672,Maximum,0.4585,1
2026-09-23 17:00:00,최대부하,220,1,269.621,476.012,Medium,0.4585,1
2026-09-23 17:15:00,최대부하,220,1,251.815,432.088,Medium,0.4585,1
2026-09-23 17:30:00,최대부하,220,1,173.331,301.58,Medium,0.4585,1
2026-09-23 17:45:00,최대부하,220,1,135.333,210.152,Medium,0.4585,1
2026-09-23 18:00:00,최대부하,220,1,124.455,234.872,Medium,0.4585,1
2026-09-23 18:15:00,최대부하,220,1,154.137,369.252,Medium,0.4585,1
2026-09-23 18:30:00,최대부하,220,1,151.595,339.156,Medium,0.4585,1
2026-09-23 18:45:00,최대부하,220,1,158.055,385.588,Medium,0.4585,1
2026-09-23 19:00:00,최대부하,220,1,152.064,336.472,Medium,0.4585,1
2026-09-23 19:15:00,최대부하,220,1,150.662,326.476,Medium,0.4585,1
2026-09-23 19:30:00,최대부하,220,1,147.891,370.268,Medium,0.4585,1
2026-09-23 19:45:00,최대부하,220,1,153.55,370.348,Medium,0.4585,1
2026-09-23 20:00:00,중간부하,140,0,159.595,381.004,Medium,0.4585,1
2026-09-23 20:15:00,중간부하,140,0,154.218,371.836,Medium,0.4585,1
2026-09-23 20:30:00,중간부하,140,0,133.906,344.396,Medium,0.4585,1
2026-09-23 20:45:00,중간부하,140,0,90.133,226.556,Medium,0.4585,1
2026-09-23 21:00:00,중간부하,140,0,54.913,149.236,Medium,0.4585,1
2026-09-23 21:15:00,중간부하,140,0,49.363,159.192,Medium,0.4585,1
2026-09-23 21:30:00,중간부하,140,0,48.443,148.696,Medium,0.4585,1
2026-09-23 21:45:00,중간부하,140,0,39.593,135.172,Medium,0.4585,1
2026-09-23 22:00:00,경부하,90,0,34.38,41.456,Medium,0.4585,1
2026-09-23 22:15:00,경부하,90,0,32.804,21.744,Medium,0.4585,1
2026-09-23 22:30:00,경부하,90,0,31.518,21.584,Medium,0.4585,1
2026-09-23 22:45:00,경부하,90,0,34.164,21.428,Medium,0.4585,1
2026-09-23 23:00:00,경부하,90,0,33.887,21.292,Light,0.4585,1
2026-09-23 23:15:00,경부하,90,0,34.529,20.9,Light,0.4585,1
2026-09-23 23:30:00,경부하,90,0,33.838,20.932,Light,0.4585,1
2026-09-23 23:45:00,경부하,90,0,30.667,20.944,Light,0.4585,1
2026-09-24 00:00:00,경부하,90,0,33.367,20.692,Light,0.4585,1
2026-09-24 00:15:00,경부하,90,0,33.265,21.104,Light,0.4585,1
2026-09-24 00:30:00,경부하,90,0,31.42,20.692,Light,0.4585,1
2026-09-24 00:45:00,경부하,90,0,34.583,19.132,Light,0.4585,1
2026-09-24 01:00:00,경부하,90,0,30.894,18.44,Light,0.4585,1
2026-09-24 01:15:00,경부하,90,0,20.935,18.44,Light,0.4585,1
2026-09-24 01:30:00,경부하,90,0,18.714,18.72,Light,0.4585,1
2026-09-24 01:45:00,경부하,90,0,19.015,21.168,Light,0.4585,1
2026-09-24 02:00:00,경부하,90,0,19.253,19.412,Light,0.4585,1
2026-09-24 02:15:00,경부하,90,0,19.285,20.504,Light,0.4585,1
2026-09-24 02:30:00,경부하,90,0,18.778,20.044,Light,0.4585,1
2026-09-24 02:45:00,경부하,90,0,18.864,22.148,Light,0.4585,1
2026-09-24 03:00:00,경부하,90,0,19.052,20.412,Light,0.4585,1
2026-09-24 03:15:00,경부하,90,0,18.583,18.424,Light,0.4585,1
2026-09-24 03:30:00,경부하,90,0,18.577,18.424,Light,0.4585,1
2026-09-24 03:45:00,경부하,90,0,19.012,19.872,Light,0.4585,1
2026-09-24 04:00:00,경부하,90,0,19.283,20.492,Light,0.4585,1
2026-09-24 04:15:00,경부하,90,0,19.173,18.424,Light,0.4585,1
2026-09-24 04:30:00,경부하,90,0,18.645,18.548,Light,0.4585,1
2026-09-24 04:45:00,경부하,90,0,18.767,18.016,Light,0.4585,1
2026-09-24 05:00:00,경부하,90,0,18.808,17.548,Light,0.4585,1
2026-09-24 05:15:00,경부하,90,0,18.412,17.704,Light,0.4585,1
2026-09-24 05:30:00,경부하,90,0,18.757,17.84,Light,0.4585,1
2026-09-24 05:45:00,경부하,90,0,19.035,17.224,Light,0.4585,1
2026-09-24 06:00:00,경부하,90,0,18.143,16.724,Light,0.4585,1
2026-09-24 06:15:00,경부하,90,0,18.978,18.268,Light,0.4585,1
2026-09-24 06:30:00,경부하,90,0,18.828,17.692,Light,0.4585,1
2026-09-24 06:45:00,경부하,90,0,18.335,18.236,Light,0.4585,1
2026-09-24 07:00:00,경부하,90,0,18.24,18.1,Light,0.4585,1
2026-09-24 07:15:00,경부하,90,0,20.425,19.568,Light,0.4585,1
2026-09-24 07:30:00,경부하,90,0,23.757,28.64,Light,0.4585,1
2026-09-24 07:45:00,경부하,90,0,27.183,32.5,Light,0.4585,1
2026-09-24 08:00:00,중간부하,140,0,191.397,312.552,Light,0.4585,1
2026-09-24 08:15:00,중간부하,140,0,305.288,471.716,Light,0.4585,1
2026-09-24 08:30:00,중간부하,140,0,307.401,469.268,Light,0.4585,1
2026-09-24 08:45:00,중간부하,140,0,323.661,497.944,Light,0.4585,1
2026-09-24 09:00:00,중간부하,140,0,308.033,471.728,Medium,0.4585,1
2026-09-24 09:15:00,중간부하,140,0,300.822,481.824,Medium,0.4585,1
2026-09-24 09:30:00,중간부하,140,0,298.718,452.528,Medium,0.4585,1
2026-09-24 09:45:00,중간부하,140,0,292.326,469.404,Medium,0.4585,1
2026-09-24 10:00:00,최대부하,220,1,302.987,491.744,Maximum,0.4585,1
2026-09-24 10:15:00,최대부하,220,1,289.321,439.424,Maximum,0.4585,1
2026-09-24 10:30:00,최대부하,220,1,294.67,462.212,Maximum,0.4585,1
2026-09-24 10:45:00,최대부하,220,1,280.6,417.008,Maximum,0.4585,1
2026-09-24 11:00:00,최대부하,220,1,285.437,450.272,Maximum,0.4585,1
2026-09-24 11:15:00,최대부하,220,1,285.953,458.18,Maximum,0.4585,1
2026-09-24 11:30:00,최대부하,220,1,286.922,450.296,Maximum,0.4585,1
2026-09-24 11:45:00,최대부하,220,1,276.387,450.504,Maximum,0.4585,1
2026-09-24 12:00:00,중간부하,140,0,49.101,87.536,Medium,0.4585,1
2026-09-24 12:15:00,중간부하,140,0,28.675,41.14,Medium,0.4585,1
2026-09-24 12:30:00,중간부하,140,0,30.302,40.78,Medium,0.4585,1
2026-09-24 12:45:00,중간부하,140,0,33.602,68.672,Medium,0.4585,1
2026-09-24 13:00:00,중간부하,140,0,187.318,314.524,Maximum,0.4585,1
2026-09-24 13:15:00,중간부하,140,0,272.024,437.96,Maximum,0.4585,1
2026-09-24 13:30:00,중간부하,140,0,272.189,481.076,Maximum,0.4585,1
2026-09-24 13:45:00,중간부하,140,0,266.752,426.356,Maximum,0.4585,1
2026-09-24 14:00:00,중간부하,140,0,264.631,436.104,Maximum,0.4585,1
2026-09-24 14:15:00,중간부하,140,0,265.352,435.32,Maximum,0.4585,1
2026-09-24 14:30:00,중간부하,140,0,265.271,427.024,Maximum,0.4585,1
2026-09-24 14:45:00,중간부하,140,0,270.798,443.78,Maximum,0.4585,1
2026-09-24 15:00:00,중간부하,140,0,260.983,420.084,Maximum,0.4585,1
2026-09-24 15:15:00,중간부하,140,0,261.572,406.8,Maximum,0.4585,1
2026-09-24 15:30:00,중간부하,140,0,281.624,454.304,Maximum,0.4585,1
2026-09-24 15:45:00,중간부하,140,0,262.866,401.816,Maximum,0.4585,1
2026-09-24 16:00:00,중간부하,140,0,277.955,443.332,Maximum,0.4585,1
2026-09-24 16:15:00,중간부하,140,0,271.536,398.32,Maximum,0.4585,1
2026-09-24 16:30:00,중간부하,140,0,264.813,409.68,Maximum,0.4585,1
2026-09-24 16:45:00,중간부하,140,0,251.23,390.204,Maximum,0.4585,1
2026-09-24 17:00:00,최대부하,220,1,270.641,441.064,Medium,0.4585,1
2026-09-24 17:15:00,최대부하,220,1,243.981,394.12,Medium,0.4585,1
2026-09-24 17:30:00,최대부하,220,1,137.975,200.288,Medium,0.4585,1
2026-09-24 17:45:00,최대부하,220,1,130.982,173.52,Medium,0.4585,1
2026-09-24 18:00:00,최대부하,220,1,180.622,272.608,Medium,0.4585,1
2026-09-24 18:15:00,최대부하,220,1,228.064,412.568,Medium,0.4585,1
2026-09-24 18:30:00,최대부하,220,1,216.218,337.248,Medium,0.4585,1
2026-09-24 18:45:00,최대부하,220,1,231.463,427.104,Medium,0.4585,1
2026-09-24 19:00:00,최대부하,220,1,214.949,359.048,Medium,0.4585,1
2026-09-24 19:15:00,최대부하,220,1,222.671,370.856,Medium,0.4585,1
2026-09-24 19:30:00,최대부하,220,1,223.345,401.228,Medium,0.4585,1
2026-09-24 19:45:00,최대부하,220,1,216.407,379.296,Medium,0.4585,1
2026-09-24 20:00:00,중간부하,140,0,216.952,366.416,Medium,0.4585,1
2026-09-24 20:15:00,중간부하,140,0,235.69,430.184,Medium,0.4585,1
2026-09-24 20:30:00,중간부하,140,0,201.626,410.888,Medium,0.4585,1
2026-09-24 20:45:00,중간부하,140,0,136.433,299.044,Medium,0.4585,1
2026-09-24 21:00:00,중간부하,140,0,77.192,247.636,Medium,0.4585,1
2026-09-24 21:15:00,중간부하,140,0,52.722,160.864,Medium,0.4585,1
2026-09-24 21:30:00,중간부하,140,0,43.755,133.436,Medium,0.4585,1
2026-09-24 21:45:00,중간부하,140,0,41.743,123.38,Medium,0.4585,1
2026-09-24 22:00:00,경부하,90,0,39.685,45.388,Medium,0.4585,1
2026-09-24 22:15:00,경부하,90,0,36.102,26.136,Medium,0.4585,1
2026-09-24 22:30:00,경부하,90,0,39.482,25.868,Medium,0.4585,1
2026-09-24 22:45:00,경부하,90,0,41.073,28.568,Medium,0.4585,1
2026-09-24 23:00:00,경부하,90,0,35.87,29.824,Light,0.4585,1
2026-09-24 23:15:00,경부하,90,0,34.091,27.108,Light,0.4585,1
2026-09-24 23:30:00,경부하,90,0,36.598,21.512,Light,0.4585,1
2026-09-24 23:45:00,경부하,90,0,39.829,20.968,Light,0.4585,1
2026-09-25 00:00:00,경부하,90,0,30.361,21.16,Light,0.4585,1
2026-09-25 00:15:00,경부하,90,0,38.746,21.032,Light,0.4585,1
2026-09-25 00:30:00,경부하,90,0,35.905,20.908,Light,0.4585,1
2026-09-25 00:45:00,경부하,90,0,33.632,21.016,Light,0.4585,1
2026-09-25 01:00:00,경부하,90,0,24.041,20.924,Light,0.4585,1
2026-09-25 01:15:00,경부하,90,0,21.534,21.368,Light,0.4585,1
2026-09-25 01:30:00,경부하,90,0,20.223,21.204,Light,0.4585,1
2026-09-25 01:45:00,경부하,90,0,19.115,19.664,Light,0.4585,1
2026-09-25 02:00:00,경부하,90,0,22.425,19.808,Light,0.4585,1
2026-09-25 02:15:00,경부하,90,0,22.317,19.808,Light,0.4585,1
2026-09-25 02:30:00,경부하,90,0,20.325,19.664,Light,0.4585,1
2026-09-25 02:45:00,경부하,90,0,21.089,20.188,Light,0.4585,1
2026-09-25 03:00:00,경부하,90,0,20.312,19.916,Light,0.4585,1
2026-09-25 03:15:00,경부하,90,0,21.456,19.792,Light,0.4585,1
2026-09-25 03:30:00,경부하,90,0,19.235,20.032,Light,0.4585,1
2026-09-25 03:45:00,경부하,90,0,19.102,19.0,Light,0.4585,1
2026-09-25 04:00:00,경부하,90,0,19.117,19.144,Light,0.4585,1
2026-09-25 04:15:00,경부하,90,0,20.109,20.044,Light,0.4585,1
2026-09-25 04:30:00,경부하,90,0,18.887,18.944,Light,0.4585,1
2026-09-25 04:45:00,경부하,90,0,18.64,18.836,Light,0.4585,1
2026-09-25 05:00:00,경부하,90,0,18.962,19.424,Light,0.4585,1
2026-09-25 05:15:00,경부하,90,0,20.562,18.504,Light,0.4585,1
2026-09-25 05:30:00,경부하,90,0,21.922,18.928,Light,0.4585,1
2026-09-25 05:45:00,경부하,90,0,21.122,18.704,Light,0.4585,1
2026-09-25 06:00:00,경부하,90,0,21.338,18.944,Light,0.4585,1
2026-09-25 06:15:00,경부하,90,0,21.855,18.404,Light,0.4585,1
2026-09-25 06:30:00,경부하,90,0,20.911,17.516,Light,0.4585,1
2026-09-25 06:45:00,경부하,90,0,22.001,17.264,Light,0.4585,1
2026-09-25 07:00:00,경부하,90,0,21.557,18.124,Light,0.4585,1
2026-09-25 07:15:00,경부하,90,0,21.214,20.924,Light,0.4585,1
2026-09-25 07:30:00,경부하,90,0,26.972,29.108,Light,0.4585,1
2026-09-25 07:45:00,경부하,90,0,26.195,35.944,Light,0.4585,1
2026-09-25 08:00:00,중간부하,140,0,156.597,241.18,Light,0.4585,1
2026-09-25 08:15:00,중간부하,140,0,260.635,411.824,Light,0.4585,1
2026-09-25 08:30:00,중간부하,140,0,279.825,458.452,Light,0.4585,1
2026-09-25 08:45:00,중간부하,140,0,290.583,452.932,Light,0.4585,1
2026-09-25 09:00:00,중간부하,140,0,293.703,463.6,Medium,0.4585,1
2026-09-25 09:15:00,중간부하,140,0,276.915,435.428,Medium,0.4585,1
2026-09-25 09:30:00,중간부하,140,0,264.379,421.22,Medium,0.4585,1
2026-09-25 09:45:00,중간부하,140,0,263.182,400.228,Medium,0.4585,1
2026-09-25 10:00:00,최대부하,220,1,254.578,415.28,Maximum,0.4585,1
2026-09-25 10:15:00,최대부하,220,1,258.041,407.836,Maximum,0.4585,1
2026-09-25 10:30:00,최대부하,220,1,251.716,399.22,Maximum,0.4585,1
2026-09-25 10:45:00,최대부하,220,1,256.311,391.032,Maximum,0.4585,1
2026-09-25 11:00:00,최대부하,220,1,262.412,431.804,Maximum,0.4585,1
2026-09-25 11:15:00,최대부하,220,1,269.604,442.64,Maximum,0.4585,1
2026-09-25 11:30:00,최대부하,220,1,260.805,416.5,Maximum,0.4585,1
2026-09-25 11:45:00,최대부하,220,1,255.243,453.296,Maximum,0.4585,1
2026-09-25 12:00:00,중간부하,140,0,46.342,103.088,Medium,0.4585,1
2026-09-25 12:15:00,중간부하,140,0,24.532,38.736,Medium,0.4585,1
2026-09-25 12:30:00,중간부하,140,0,23.851,33.532,Medium,0.4585,1
2026-09-25 12:45:00,중간부하,140,0,23.976,33.884,Medium,0.4585,1
2026-09-25 13:00:00,중간부하,140,0,174.841,277.372,Maximum,0.4585,1
2026-09-25 13:15:00,중간부하,140,0,260.305,426.196,Maximum,0.4585,1
2026-09-25 13:30:00,중간부하,140,0,270.731,428.74,Maximum,0.4585,1
2026-09-25 13:45:00,중간부하,140,0,258.359,402.068,Maximum,0.4585,1
2026-09-25 14:00:00,중간부하,140,0,266.001,414.964,Maximum,0.4585,1
2026-09-25 14:15:00,중간부하,140,0,269.82,433.576,Maximum,0.4585,1
2026-09-25 14:30:00,중간부하,140,0,270.388,437.184,Maximum,0.4585,1
2026-09-25 14:45:00,중간부하,140,0,266.162,416.176,Maximum,0.4585,1
2026-09-25 15:00:00,중간부하,140,0,248.149,386.8,Maximum,0.4585,1
2026-09-25 15:15:00,중간부하,140,0,267.525,460.784,Maximum,0.4585,1
2026-09-25 15:30:00,중간부하,140,0,261.2,442.784,Maximum,0.4585,1
2026-09-25 15:45:00,중간부하,140,0,255.565,408.96,Maximum,0.4585,1
2026-09-25 16:00:00,중간부하,140,0,276.294,449.316,Maximum,0.4585,1
2026-09-25 16:15:00,중간부하,140,0,255.948,402.716,Maximum,0.4585,1
2026-09-25 16:30:00,중간부하,140,0,278.278,445.96,Maximum,0.4585,1
2026-09-25 16:45:00,중간부하,140,0,251.913,411.46,Maximum,0.4585,1
2026-09-25 17:00:00,최대부하,220,1,243.877,364.12,Medium,0.4585,1
2026-09-25 17:15:00,최대부하,220,1,235.685,397.404,Medium,0.4585,1
2026-09-25 17:30:00,최대부하,220,1,142.014,205.22,Medium,0.4585,1
2026-09-25 17:45:00,최대부하,220,1,132.378,195.788,Medium,0.4585,1
2026-09-25 18:00:00,최대부하,220,1,158.27,250.328,Medium,0.4585,1
2026-09-25 18:15:00,최대부하,220,1,203.446,317.32,Medium,0.4585,1
2026-09-25 18:30:00,최대부하,220,1,200.544,359.28,Medium,0.4585,1
2026-09-25 18:45:00,최대부하,220,1,204.748,387.332,Medium,0.4585,1
2026-09-25 19:00:00,최대부하,220,1,202.898,344.016,Medium,0.4585,1
2026-09-25 19:15:00,최대부하,220,1,204.345,317.752,Medium,0.4585,1
2026-09-25 19:30:00,최대부하,220,1,213.591,404.336,Medium,0.4585,1
2026-09-25 19:45:00,최대부하,220,1,210.014,411.524,Medium,0.4585,1
2026-09-25 20:00:00,중간부하,140,0,210.725,400.544,Medium,0.4585,1
2026-09-25 20:15:00,중간부하,140,0,197.949,337.696,Medium,0.4585,1
2026-09-25 20:30:00,중간부하,140,0,189.179,387.604,Medium,0.4585,1
2026-09-25 20:45:00,중간부하,140,0,114.285,238.156,Medium,0.4585,1
2026-09-25 21:00:00,중간부하,140,0,60.127,155.52,Medium,0.4585,1
2026-09-25 21:15:00,중간부하,140,0,52.508,158.732,Medium,0.4585,1
2026-09-25 21:30:00,중간부하,140,0,46.501,147.616,Medium,0.4585,1
2026-09-25 21:45:00,중간부하,140,0,50.834,144.412,Medium,0.4585,1
2026-09-25 22:00:00,경부하,90,0,45.177,154.388,Medium,0.4585,1
2026-09-25 22:15:00,경부하,90,0,38.754,131.336,Medium,0.4585,1
2026-09-25 22:30:00,경부하,90,0,47.296,127.052,Medium,0.4585,1
2026-09-25 22:45:00,경부하,90,0,37.343,128.996,Medium,0.4585,1
2026-09-25 23:00:00,경부하,90,0,38.762,132.32,Light,0.4585,1
2026-09-25 23:15:00,경부하,90,0,46.49,112.852,Light,0.4585,1
2026-09-25 23:30:00,경부하,90,0,40.772,112.16,Light,0.4585,1
2026-09-25 23:45:00,경부하,90,0,42.482,112.372,Light,0.4585,1
2026-09-26 00:00:00,경부하,76,0,43.126,133.544,Light,0.4585,1
2026-09-26 00:15:00,경부하,76,0,40.765,135.036,Light,0.4585,1
2026-09-26 00:30:00,경부하,76,0,38.779,73.384,Light,0.4585,1
2026-09-26 00:45:00,경부하,76,0,34.83,27.468,Light,0.4585,1
2026-09-26 01:00:00,경부하,76,0,35.279,22.652,Light,0.4585,1
2026-09-26 01:15:00,경부하,76,0,25.721,19.808,Light,0.4585,1
2026-09-26 01:30:00,경부하,76,0,23.928,19.512,Light,0.4585,1
2026-09-26 01:45:00,경부하,76,0,21.462,23.524,Light,0.4585,1
2026-09-26 02:00:00,경부하,76,0,18.222,21.832,Light,0.4585,1
2026-09-26 02:15:00,경부하,76,0,20.736,18.676,Light,0.4585,1
2026-09-26 02:30:00,경부하,76,0,20.572,18.844,Light,0.4585,1
2026-09-26 02:45:00,경부하,76,0,18.598,20.204,Light,0.4585,1
2026-09-26 03:00:00,경부하,76,0,19.308,19.252,Light,0.4585,1
2026-09-26 03:15:00,경부하,76,0,20.568,20.824,Light,0.4585,1
2026-09-26 03:30:00,경부하,76,0,18.908,18.772,Light,0.4585,1
2026-09-26 03:45:00,경부하,76,0,19.745,19.16,Light,0.4585,1
2026-09-26 04:00:00,경부하,76,0,20.234,18.692,Light,0.4585,1
2026-09-26 04:15:00,경부하,76,0,18.193,18.856,Light,0.4585,1
2026-09-26 04:30:00,경부하,76,0,20.502,18.676,Light,0.4585,1
2026-09-26 04:45:00,경부하,76,0,19.883,18.772,Light,0.4585,1
2026-09-26 05:00:00,경부하,76,0,18.612,18.972,Light,0.4585,1
2026-09-26 05:15:00,경부하,76,0,20.46,18.664,Light,0.4585,1
2026-09-26 05:30:00,경부하,76,0,18.132,18.756,Light,0.4585,1
2026-09-26 05:45:00,경부하,76,0,17.727,18.72,Light,0.4585,1
2026-09-26 06:00:00,경부하,76,0,20.401,18.756,Light,0.4585,1
2026-09-26 06:15:00,경부하,76,0,18.839,16.796,Light,0.4585,1
2026-09-26 06:30:00,경부하,76,0,18.765,16.784,Light,0.4585,1
2026-09-26 06:45:00,경부하,76,0,20.345,16.544,Light,0.4585,1
2026-09-26 07:00:00,경부하,76,0,17.589,17.576,Light,0.4585,1
2026-09-26 07:15:00,경부하,76,0,16.712,16.4,Light,0.4585,1
2026-09-26 07:30:00,경부하,76,0,17.474,25.012,Light,0.4585,1
2026-09-26 07:45:00,경부하,76,0,20.316,27.504,Light,0.4585,1
2026-09-26 08:00:00,중간부하,119,0,89.882,159.164,Light,0.4585,1
2026-09-26 08:15:00,중간부하,119,0,148.489,359.388,Light,0.4585,1
2026-09-26 08:30:00,중간부하,119,0,139.175,294.992,Light,0.4585,1
2026-09-26 08:45:00,중간부하,119,0,143.964,252.836,Light,0.4585,1
2026-09-26 09:00:00,중간부하,119,0,151.455,336.068,Medium,0.4585,1
2026-09-26 09:15:00,중간부하,119,0,146.051,299.88,Medium,0.4585,1
2026-09-26 09:30:00,중간부하,119,0,142.095,250.516,Medium,0.4585,1
2026-09-26 09:45:00,중간부하,119,0,145.035,282.368,Medium,0.4585,1
2026-09-26 10:00:00,최대부하,187,1,145.905,294.76,Maximum,0.4585,1
2026-09-26 10:15:00,최대부하,187,1,148.066,309.672,Maximum,0.4585,1
2026-09-26 10:30:00,최대부하,187,1,147.628,288.02,Maximum,0.4585,1
2026-09-26 10:45:00,최대부하,187,1,155.062,364.048,Maximum,0.4585,1
2026-09-26 11:00:00,최대부하,187,1,142.73,268.724,Maximum,0.4585,1
2026-09-26 11:15:00,최대부하,187,1,146.409,291.528,Maximum,0.4585,1
2026-09-26 11:30:00,최대부하,187,1,145.442,291.616,Maximum,0.4585,1
2026-09-26 11:45:00,최대부하,187,1,106.313,226.232,Maximum,0.4585,1
2026-09-26 12:00:00,중간부하,119,0,25.505,39.248,Medium,0.4585,1
2026-09-26 12:15:00,중간부하,119,0,20.312,24.984,Medium,0.4585,1
2026-09-26 12:30:00,중간부하,119,0,20.444,25.596,Medium,0.4585,1
2026-09-26 12:45:00,중간부하,119,0,20.73,26.036,Medium,0.4585,1
2026-09-26 13:00:00,중간부하,119,0,74.014,136.1,Maximum,0.4585,1
2026-09-26 13:15:00,중간부하,119,0,151.325,334.276,Maximum,0.4585,1
2026-09-26 13:30:00,중간부하,119,0,151.055,330.292,Maximum,0.4585,1
2026-09-26 13:45:00,중간부하,119,0,154.525,362.224,Maximum,0.4585,1
2026-09-26 14:00:00,중간부하,119,0,145.119,298.0,Maximum,0.4585,1
2026-09-26 14:15:00,중간부하,119,0,154.367,333.324,Maximum,0.4585,1
2026-09-26 14:30:00,중간부하,119,0,151.035,317.32,Maximum,0.4585,1
2026-09-26 14:45:00,중간부하,119,0,158.344,338.176,Maximum,0.4585,1
2026-09-26 15:00:00,중간부하,119,0,153.372,369.604,Maximum,0.4585,1
2026-09-26 15:15:00,중간부하,119,0,156.283,324.34,Maximum,0.4585,1
2026-09-26 15:30:00,중간부하,119,0,163.725,343.692,Maximum,0.4585,1
2026-09-26 15:45:00,중간부하,119,0,146.872,311.544,Maximum,0.4585,1
2026-09-26 16:00:00,중간부하,119,0,153.275,315.664,Maximum,0.4585,1
2026-09-26 16:15:00,중간부하,119,0,148.156,333.576,Maximum,0.4585,1
2026-09-26 16:30:00,중간부하,119,0,140.021,352.736,Maximum,0.4585,1
2026-09-26 16:45:00,중간부하,119,0,75.312,159.984,Maximum,0.4585,1
2026-09-26 17:00:00,최대부하,187,1,38.946,104.212,Medium,0.4585,1
2026-09-26 17:15:00,최대부하,187,1,35.028,100.008,Medium,0.4585,1
2026-09-26 17:30:00,최대부하,187,1,33.513,104.3,Medium,0.4585,1
2026-09-26 17:45:00,최대부하,187,1,34.641,97.344,Medium,0.4585,1
2026-09-26 18:00:00,최대부하,187,1,31.698,95.168,Medium,0.4585,1
2026-09-26 18:15:00,최대부하,187,1,31.564,25.604,Medium,0.4585,1
2026-09-26 18:30:00,최대부하,187,1,28.671,21.304,Medium,0.4585,1
2026-09-26 18:45:00,최대부하,187,1,31.088,20.528,Medium,0.4585,1
2026-09-26 19:00:00,최대부하,187,1,28.996,20.664,Medium,0.4585,1
2026-09-26 19:15:00,최대부하,187,1,26.009,20.0,Medium,0.4585,1
2026-09-26 19:30:00,최대부하,187,1,29.461,19.96,Medium,0.4585,1
2026-09-26 19:45:00,최대부하,187,1,29.867,20.044,Medium,0.4585,1
2026-09-26 20:00:00,중간부하,119,0,29.556,19.424,Medium,0.4585,1
2026-09-26 20:15:00,중간부하,119,0,28.473,19.54,Medium,0.4585,1
2026-09-26 20:30:00,중간부하,119,0,26.323,19.108,Medium,0.4585,1
2026-09-26 20:45:00,중간부하,119,0,25.864,19.18,Medium,0.4585,1
2026-09-26 21:00:00,중간부하,119,0,26.016,18.944,Medium,0.4585,1
2026-09-26 21:15:00,중간부하,119,0,25.37,20.204,Medium,0.4585,1
2026-09-26 21:30:00,중간부하,119,0,26.457,19.028,Medium,0.4585,1
2026-09-26 21:45:00,중간부하,119,0,23.398,18.368,Medium,0.4585,1
2026-09-26 22:00:00,경부하,76,0,25.642,18.416,Medium,0.4585,1
2026-09-26 22:15:00,경부하,76,0,24.288,18.368,Medium,0.4585,1
2026-09-26 22:30:00,경부하,76,0,24.244,18.62,Medium,0.4585,1
2026-09-26 22:45:00,경부하,76,0,23.669,18.28,Medium,0.4585,1
2026-09-26 23:00:00,경부하,76,0,23.612,17.532,Light,0.4585,1
2026-09-26 23:15:00,경부하,76,0,23.451,16.048,Light,0.4585,1
2026-09-26 23:30:00,경부하,76,0,22.961,15.28,Light,0.4585,1
2026-09-26 23:45:00,경부하,76,0,21.873,17.064,Light,0.4585,1
2026-09-27 00:00:00,경부하,76,0,22.248,16.328,Light,0.4585,1
2026-09-27 00:15:00,경부하,76,0,21.832,15.94,Light,0.4585,1
2026-09-27 00:30:00,경부하,76,0,19.921,16.288,Light,0.4585,1
2026-09-27 00:45:00,경부하,76,0,20.232,18.252,Light,0.4585,1
2026-09-27 01:00:00,경부하,76,0,17.288,17.984,Light,0.4585,1
2026-09-27 01:15:00,경부하,76,0,15.905,17.604,Light,0.4585,1
2026-09-27 01:30:00,경부하,76,0,15.657,16.532,Light,0.4585,1
2026-09-27 01:45:00,경부하,76,0,15.828,16.616,Light,0.4585,1
2026-09-27 02:00:00,경부하,76,0,15.318,16.22,Light,0.4585,1
2026-09-27 02:15:00,경부하,76,0,15.278,16.652,Light,0.4585,1
2026-09-27 02:30:00,경부하,76,0,15.838,16.712,Light,0.4585,1
2026-09-27 02:45:00,경부하,76,0,15.985,17.928,Light,0.4585,1
2026-09-27 03:00:00,경부하,76,0,15.722,16.768,Light,0.4585,1
2026-09-27 03:15:00,경부하,76,0,15.743,15.388,Light,0.4585,1
2026-09-27 03:30:00,경부하,76,0,15.731,17.264,Light,0.4585,1
2026-09-27 03:45:00,경부하,76,0,15.575,15.796,Light,0.4585,1
2026-09-27 04:00:00,경부하,76,0,15.706,15.784,Light,0.4585,1
2026-09-27 04:15:00,경부하,76,0,15.354,16.064,Light,0.4585,1
2026-09-27 04:30:00,경부하,76,0,15.713,16.544,Light,0.4585,1
2026-09-27 04:45:00,경부하,76,0,15.895,17.632,Light,0.4585,1
2026-09-27 05:00:00,경부하,76,0,15.068,16.472,Light,0.4585,1
2026-09-27 05:15:00,경부하,76,0,14.018,16.388,Light,0.4585,1
2026-09-27 05:30:00,경부하,76,0,12.866,16.784,Light,0.4585,1
2026-09-27 05:45:00,경부하,76,0,12.792,16.576,Light,0.4585,1
2026-09-27 06:00:00,경부하,76,0,12.713,15.928,Light,0.4585,1
2026-09-27 06:15:00,경부하,76,0,12.64,15.652,Light,0.4585,1
2026-09-27 06:30:00,경부하,76,0,12.932,17.08,Light,0.4585,1
2026-09-27 06:45:00,경부하,76,0,12.771,16.236,Light,0.4585,1
2026-09-27 07:00:00,경부하,76,0,12.516,15.444,Light,0.4585,1
2026-09-27 07:15:00,경부하,76,0,12.54,15.328,Light,0.4585,1
2026-09-27 07:30:00,경부하,76,0,12.668,15.824,Light,0.4585,1
2026-09-27 07:45:00,경부하,76,0,14.532,17.784,Light,0.4585,1
2026-09-27 08:00:00,중간부하,119,0,42.572,105.976,Light,0.4585,1
2026-09-27 08:15:00,중간부하,119,0,65.489,195.32,Light,0.4585,1
2026-09-27 08:30:00,중간부하,119,0,60.635,167.492,Light,0.4585,1
2026-09-27 08:45:00,중간부하,119,0,65.008,164.896,Light,0.4585,1
2026-09-27 09:00:00,중간부하,119,0,60.27,144.208,Light,0.4585,1
2026-09-27 09:15:00,중간부하,119,0,63.161,155.428,Light,0.4585,1
2026-09-27 09:30:00,중간부하,119,0,68.01,199.456,Light,0.4585,1
2026-09-27 09:45:00,중간부하,119,0,62.445,144.0,Light,0.4585,1
2026-09-27 10:00:00,최대부하,187,1,64.752,198.46,Light,0.4585,1
2026-09-27 10:15:00,최대부하,187,1,64.89,189.268,Light,0.4585,1
2026-09-27 10:30:00,최대부하,187,1,64.339,139.952,Light,0.4585,1
2026-09-27 10:45:00,최대부하,187,1,62.242,140.42,Light,0.4585,1
2026-09-27 11:00:00,최대부하,187,1,66.597,149.248,Light,0.4585,1
2026-09-27 11:15:00,최대부하,187,1,62.407,204.356,Light,0.4585,1
2026-09-27 11:30:00,최대부하,187,1,64.188,214.236,Light,0.4585,1
2026-09-27 11:45:00,최대부하,187,1,41.472,136.096,Light,0.4585,1
2026-09-27 12:00:00,중간부하,119,0,16.96,22.176,Light,0.4585,1
2026-09-27 12:15:00,중간부하,119,0,16.848,21.024,Light,0.4585,1
2026-09-27 12:30:00,중간부하,119,0,16.795,21.384,Light,0.4585,1
2026-09-27 12:45:00,중간부하,119,0,16.46,20.356,Light,0.4585,1
2026-09-27 13:00:00,중간부하,119,0,37.534,89.836,Light,0.4585,1
2026-09-27 13:15:00,중간부하,119,0,67.28,144.956,Light,0.4585,1
2026-09-27 13:30:00,중간부하,119,0,61.742,199.78,Light,0.4585,1
2026-09-27 13:45:00,중간부하,119,0,62.418,140.356,Light,0.4585,1
2026-09-27 14:00:00,중간부하,119,0,59.25,141.076,Light,0.4585,1
2026-09-27 14:15:00,중간부하,119,0,59.904,141.112,Light,0.4585,1
2026-09-27 14:30:00,중간부하,119,0,59.657,144.98,Light,0.4585,1
2026-09-27 14:45:00,중간부하,119,0,58.42,139.196,Light,0.4585,1
2026-09-27 15:00:00,중간부하,119,0,57.632,146.972,Light,0.4585,1
2026-09-27 15:15:00,중간부하,119,0,57.97,134.44,Light,0.4585,1
2026-09-27 15:30:00,중간부하,119,0,57.804,147.152,Light,0.4585,1
2026-09-27 15:45:00,중간부하,119,0,57.182,145.592,Light,0.4585,1
2026-09-27 16:00:00,중간부하,119,0,57.992,152.372,Light,0.4585,1
2026-09-27 16:15:00,중간부하,119,0,52.412,135.488,Light,0.4585,1
2026-09-27 16:30:00,중간부하,119,0,47.272,140.6,Light,0.4585,1
2026-09-27 16:45:00,중간부하,119,0,25.923,37.736,Light,0.4585,1
2026-09-27 17:00:00,최대부하,187,1,20.468,20.32,Light,0.4585,1
2026-09-27 17:15:00,최대부하,187,1,20.326,19.856,Light,0.4585,1
2026-09-27 17:30:00,최대부하,187,1,19.438,19.988,Light,0.4585,1
2026-09-27 17:45:00,최대부하,187,1,18.378,19.836,Light,0.4585,1
2026-09-27 18:00:00,최대부하,187,1,18.608,18.884,Light,0.4585,1
2026-09-27 18:15:00,최대부하,187,1,18.747,18.8,Light,0.4585,1
2026-09-27 18:30:00,최대부하,187,1,19.018,19.72,Light,0.4585,1
2026-09-27 18:45:00,최대부하,187,1,19.511,19.864,Light,0.4585,1
2026-09-27 19:00:00,최대부하,187,1,19.579,19.764,Light,0.4585,1
2026-09-27 19:15:00,최대부하,187,1,19.396,19.476,Light,0.4585,1
2026-09-27 19:30:00,최대부하,187,1,19.217,19.144,Light,0.4585,1
2026-09-27 19:45:00,최대부하,187,1,19.61,19.944,Light,0.4585,1
2026-09-27 20:00:00,중간부하,119,0,19.327,17.84,Light,0.4585,1
2026-09-27 20:15:00,중간부하,119,0,19.314,18.988,Light,0.4585,1
2026-09-27 20:30:00,중간부하,119,0,19.325,18.916,Light,0.4585,1
2026-09-27 20:45:00,중간부하,119,0,16.784,19.556,Light,0.4585,1
2026-09-27 21:00:00,중간부하,119,0,16.109,17.048,Light,0.4585,1
2026-09-27 21:15:00,중간부하,119,0,15.985,18.396,Light,0.4585,1
2026-09-27 21:30:00,중간부하,119,0,15.941,18.424,Light,0.4585,1
2026-09-27 21:45:00,중간부하,119,0,15.938,18.18,Light,0.4585,1
2026-09-27 22:00:00,경부하,76,0,15.539,16.928,Light,0.4585,1
2026-09-27 22:15:00,경부하,76,0,13.565,16.12,Light,0.4585,1
2026-09-27 22:30:00,경부하,76,0,12.806,16.252,Light,0.4585,1
2026-09-27 22:45:00,경부하,76,0,13.003,16.0,Light,0.4585,1
2026-09-27 23:00:00,경부하,76,0,12.68,15.94,Light,0.4585,1
2026-09-27 23:15:00,경부하,76,0,12.646,16.0,Light,0.4585,1
2026-09-27 23:30:00,경부하,76,0,12.673,16.704,Light,0.4585,1
2026-09-27 23:45:00,경부하,76,0,12.833,17.38,Light,0.4585,1
2026-09-28 00:00:00,경부하,90,0,12.85,15.752,Light,0.4585,0
2026-09-28 00:15:00,경부하,90,0,12.956,15.912,Light,0.4585,0
2026-09-28 00:30:00,경부하,90,0,13.035,16.84,Light,0.4585,0
2026-09-28 00:45:00,경부하,90,0,13.085,15.968,Light,0.4585,0
2026-09-28 01:00:00,경부하,90,0,12.997,16.688,Light,0.4585,0
2026-09-28 01:15:00,경부하,90,0,12.794,15.56,Light,0.4585,0
2026-09-28 01:30:00,경부하,90,0,13.008,16.224,Light,0.4585,0
2026-09-28 01:45:00,경부하,90,0,12.882,15.56,Light,0.4585,0
2026-09-28 02:00:00,경부하,90,0,12.63,15.528,Light,0.4585,0
2026-09-28 02:15:00,경부하,90,0,12.98,15.4,Light,0.4585,0
2026-09-28 02:30:00,경부하,90,0,13.34,17.664,Light,0.4585,0
2026-09-28 02:45:00,경부하,90,0,12.99,15.936,Light,0.4585,0
2026-09-28 03:00:00,경부하,90,0,12.848,15.376,Light,0.4585,0
2026-09-28 03:15:00,경부하,90,0,12.751,15.504,Light,0.4585,0
2026-09-28 03:30:00,경부하,90,0,12.724,15.6,Light,0.4585,0
2026-09-28 03:45:00,경부하,90,0,12.756,15.504,Light,0.4585,0
2026-09-28 04:00:00,경부하,90,0,12.845,15.312,Light,0.4585,0
2026-09-28 04:15:00,경부하,90,0,12.782,15.216,Light,0.4585,0
2026-09-28 04:30:00,경부하,90,0,12.925,16.376,Light,0.4585,0
2026-09-28 04:45:00,경부하,90,0,12.878,16.824,Light,0.4585,0
2026-09-28 05:00:00,경부하,90,0,12.779,15.656,Light,0.4585,0
2026-09-28 05:15:00,경부하,90,0,12.618,15.728,Light,0.4585,0
2026-09-28 05:30:00,경부하,90,0,12.798,16.896,Light,0.4585,0
2026-09-28 05:45:00,경부하,90,0,12.466,15.248,Light,0.4585,0
2026-09-28 06:00:00,경부하,90,0,12.367,15.248,Light,0.4585,0
2026-09-28 06:15:00,경부하,90,0,12.623,15.528,Light,0.4585,0
2026-09-28 06:30:00,경부하,90,0,12.895,16.064,Light,0.4585,0
2026-09-28 06:45:00,경부하,90,0,12.731,15.28,Light,0.4585,0
2026-09-28 07:00:00,경부하,90,0,13.008,16.528,Light,0.4585,0
2026-09-28 07:15:00,경부하,90,0,15.638,21.056,Light,0.4585,0
2026-09-28 07:30:00,경부하,90,0,17.853,24.48,Light,0.4585,0
2026-09-28 07:45:00,경부하,90,0,20.112,29.024,Light,0.4585,0
2026-09-28 08:00:00,중간부하,140,0,114.752,179.248,Light,0.4585,0
2026-09-28 08:15:00,중간부하,140,0,251.374,368.576,Light,0.4585,0
2026-09-28 08:30:00,중간부하,140,0,265.695,384.232,Light,0.4585,0
2026-09-28 08:45:00,중간부하,140,0,276.251,445.768,Light,0.4585,0
2026-09-28 09:00:00,중간부하,140,0,280.412,429.496,Medium,0.4585,0
2026-09-28 09:15:00,중간부하,140,0,266.788,387.696,Medium,0.4585,0
2026-09-28 09:30:00,중간부하,140,0,285.483,443.312,Medium,0.4585,0
2026-09-28 09:45:00,중간부하,140,0,277.985,433.776,Medium,0.4585,0
2026-09-28 10:00:00,최대부하,220,1,259.021,397.704,Maximum,0.4585,0
2026-09-28 10:15:00,최대부하,220,1,269.785,427.552,Maximum,0.4585,0
2026-09-28 10:30:00,최대부하,220,1,263.931,400.968,Maximum,0.4585,0
2026-09-28 10:45:00,최대부하,220,1,271.781,400.768,Maximum,0.4585,0
2026-09-28 11:00:00,최대부하,220,1,284.783,424.912,Maximum,0.4585,0
2026-09-28 11:15:00,최대부하,220,1,271.371,416.896,Maximum,0.4585,0
2026-09-28 11:30:00,최대부하,220,1,278.232,439.736,Maximum,0.4585,0
2026-09-28 11:45:00,최대부하,220,1,252.95,411.216,Maximum,0.4585,0
2026-09-28 12:00:00,중간부하,140,0,43.005,82.472,Medium,0.4585,0
2026-09-28 12:15:00,중간부하,140,0,28.669,37.656,Medium,0.4585,0
2026-09-28 12:30:00,중간부하,140,0,27.18,35.536,Medium,0.4585,0
2026-09-28 12:45:00,중간부하,140,0,27.192,35.096,Medium,0.4585,0
2026-09-28 13:00:00,중간부하,140,0,189.26,288.872,Maximum,0.4585,0
2026-09-28 13:15:00,중간부하,140,0,278.242,394.256,Maximum,0.4585,0
2026-09-28 13:30:00,중간부하,140,0,289.083,465.344,Maximum,0.4585,0
2026-09-28 13:45:00,중간부하,140,0,283.115,449.872,Maximum,0.4585,0
2026-09-28 14:00:00,중간부하,140,0,280.602,436.224,Maximum,0.4585,0
2026-09-28 14:15:00,중간부하,140,0,281.37,435.12,Maximum,0.4585,0
2026-09-28 14:30:00,중간부하,140,0,269.744,421.448,Maximum,0.4585,0
2026-09-28 14:45:00,중간부하,140,0,265.072,416.768,Maximum,0.4585,0
2026-09-28 15:00:00,중간부하,140,0,267.761,444.312,Maximum,0.4585,0
2026-09-28 15:15:00,중간부하,140,0,261.191,404.392,Maximum,0.4585,0
2026-09-28 15:30:00,중간부하,140,0,274.968,429.376,Maximum,0.4585,0
2026-09-28 15:45:00,중간부하,140,0,276.381,434.32,Maximum,0.4585,0
2026-09-28 16:00:00,중간부하,140,0,265.951,398.448,Maximum,0.4585,0
2026-09-28 16:15:00,중간부하,140,0,262.306,408.112,Maximum,0.4585,0
2026-09-28 16:30:00,중간부하,140,0,274.065,428.848,Maximum,0.4585,0
2026-09-28 16:45:00,중간부하,140,0,275.57,428.656,Maximum,0.4585,0
2026-09-28 17:00:00,최대부하,220,1,256.761,380.088,Medium,0.4585,0
2026-09-28 17:15:00,최대부하,220,1,251.72,403.76,Medium,0.4585,0
2026-09-28 17:30:00,최대부하,220,1,144.286,200.144,Medium,0.4585,0
2026-09-28 17:45:00,최대부하,220,1,128.107,141.456,Medium,0.4585,0
2026-09-28 18:00:00,최대부하,220,1,165.557,276.392,Medium,0.4585,0
2026-09-28 18:15:00,최대부하,220,1,207.442,349.68,Medium,0.4585,0
2026-09-28 18:30:00,최대부하,220,1,218.337,419.792,Medium,0.4585,0
2026-09-28 18:45:00,최대부하,220,1,210.851,390.24,Medium,0.4585,0
2026-09-28 19:00:00,최대부하,220,1,209.525,389.232,Medium,0.4585,0
2026-09-28 19:15:00,최대부하,220,1,221.882,383.76,Medium,0.4585,0
2026-09-28 19:30:00,최대부하,220,1,222.524,415.96,Medium,0.4585,0
2026-09-28 19:45:00,최대부하,220,1,220.453,423.48,Medium,0.4585,0
2026-09-28 20:00:00,중간부하,140,0,223.052,398.664,Medium,0.4585,0
2026-09-28 20:15:00,중간부하,140,0,214.365,409.208,Medium,0.4585,0
2026-09-28 20:30:00,중간부하,140,0,191.101,370.336,Medium,0.4585,0
2026-09-28 20:45:00,중간부하,140,0,132.022,329.04,Medium,0.4585,0
2026-09-28 21:00:00,중간부하,140,0,57.185,154.112,Medium,0.4585,0
2026-09-28 21:15:00,중간부하,140,0,44.256,140.592,Medium,0.4585,0
2026-09-28 21:30:00,중간부하,140,0,44.252,140.624,Medium,0.4585,0
2026-09-28 21:45:00,중간부하,140,0,44.954,155.176,Medium,0.4585,0
2026-09-28 22:00:00,경부하,90,0,48.264,144.232,Medium,0.4585,0
2026-09-28 22:15:00,경부하,90,0,38.911,107.328,Medium,0.4585,0
2026-09-28 22:30:00,경부하,90,0,36.838,29.76,Medium,0.4585,0
2026-09-28 22:45:00,경부하,90,0,34.514,26.272,Medium,0.4585,0
2026-09-28 23:00:00,경부하,90,0,34.921,26.336,Light,0.4585,0
2026-09-28 23:15:00,경부하,90,0,36.772,26.24,Light,0.4585,0
2026-09-28 23:30:00,경부하,90,0,34.484,26.248,Light,0.4585,0
2026-09-28 23:45:00,경부하,90,0,36.675,26.112,Light,0.4585,0
2026-09-29 00:00:00,경부하,90,0,36.114,26.424,Light,0.4585,0
2026-09-29 00:15:00,경부하,90,0,39.337,26.692,Light,0.4585,0
2026-09-29 00:30:00,경부하,90,0,37.004,26.516,Light,0.4585,0
2026-09-29 00:45:00,경부하,90,0,41.599,26.66,Light,0.4585,0
2026-09-29 01:00:00,경부하,90,0,35.127,26.516,Light,0.4585,0
2026-09-29 01:15:00,경부하,90,0,24.466,23.704,Light,0.4585,0
2026-09-29 01:30:00,경부하,90,0,17.961,24.976,Light,0.4585,0
2026-09-29 01:45:00,경부하,90,0,17.045,23.032,Light,0.4585,0
2026-09-29 02:00:00,경부하,90,0,17.12,22.888,Light,0.4585,0
2026-09-29 02:15:00,경부하,90,0,17.022,22.932,Light,0.4585,0
2026-09-29 02:30:00,경부하,90,0,16.892,19.412,Light,0.4585,0
2026-09-29 02:45:00,경부하,90,0,16.721,19.0,Light,0.4585,0
2026-09-29 03:00:00,경부하,90,0,16.683,18.864,Light,0.4585,0
2026-09-29 03:15:00,경부하,90,0,16.655,18.848,Light,0.4585,0
2026-09-29 03:30:00,경부하,90,0,16.456,19.224,Light,0.4585,0
2026-09-29 03:45:00,경부하,90,0,16.764,18.988,Light,0.4585,0
2026-09-29 04:00:00,경부하,90,0,16.588,18.72,Light,0.4585,0
2026-09-29 04:15:00,경부하,90,0,16.348,18.532,Light,0.4585,0
2026-09-29 04:30:00,경부하,90,0,16.541,18.46,Light,0.4585,0
2026-09-29 04:45:00,경부하,90,0,16.217,18.532,Light,0.4585,0
2026-09-29 05:00:00,경부하,90,0,16.445,18.704,Light,0.4585,0
2026-09-29 05:15:00,경부하,90,0,16.532,18.692,Light,0.4585,0
2026-09-29 05:30:00,경부하,90,0,16.422,18.44,Light,0.4585,0
2026-09-29 05:45:00,경부하,90,0,16.698,18.704,Light,0.4585,0
2026-09-29 06:00:00,경부하,90,0,16.323,18.692,Light,0.4585,0
2026-09-29 06:15:00,경부하,90,0,16.122,18.704,Light,0.4585,0
2026-09-29 06:30:00,경부하,90,0,16.009,18.448,Light,0.4585,0
2026-09-29 06:45:00,경부하,90,0,15.721,18.196,Light,0.4585,0
2026-09-29 07:00:00,경부하,90,0,16.168,18.072,Light,0.4585,0
2026-09-29 07:15:00,경부하,90,0,18.227,21.836,Light,0.4585,0
2026-09-29 07:30:00,경부하,90,0,21.363,28.448,Light,0.4585,0
2026-09-29 07:45:00,경부하,90,0,29.263,38.492,Light,0.4585,0
2026-09-29 08:00:00,중간부하,140,0,151.495,231.048,Light,0.4585,0
2026-09-29 08:15:00,중간부하,140,0,243.643,374.564,Light,0.4585,0
2026-09-29 08:30:00,중간부하,140,0,265.412,407.304,Light,0.4585,0
2026-09-29 08:45:00,중간부하,140,0,290.912,482.192,Light,0.4585,0
2026-09-29 09:00:00,중간부하,140,0,279.681,416.06,Medium,0.4585,0
2026-09-29 09:15:00,중간부하,140,0,283.746,410.688,Medium,0.4585,0
2026-09-29 09:30:00,중간부하,140,0,279.415,459.908,Medium,0.4585,0
2026-09-29 09:45:00,중간부하,140,0,272.546,424.888,Medium,0.4585,0
2026-09-29 10:00:00,최대부하,220,1,265.441,425.464,Maximum,0.4585,0
2026-09-29 10:15:00,최대부하,220,1,261.782,408.6,Maximum,0.4585,0
2026-09-29 10:30:00,최대부하,220,1,275.664,459.46,Maximum,0.4585,0
2026-09-29 10:45:00,최대부하,220,1,266.892,420.748,Maximum,0.4585,0
2026-09-29 11:00:00,최대부하,220,1,287.107,437.96,Maximum,0.4585,0
2026-09-29 11:15:00,최대부하,220,1,284.135,425.284,Maximum,0.4585,0
2026-09-29 11:30:00,최대부하,220,1,276.332,453.52,Maximum,0.4585,0
2026-09-29 11:45:00,최대부하,220,1,273.556,434.052,Maximum,0.4585,0
2026-09-29 12:00:00,중간부하,140,0,46.767,83.584,Medium,0.4585,0
2026-09-29 12:15:00,중간부하,140,0,27.72,37.088,Medium,0.4585,0
2026-09-29 12:30:00,중간부하,140,0,26.774,35.048,Medium,0.4585,0
2026-09-29 12:45:00,중간부하,140,0,27.928,38.356,Medium,0.4585,0
2026-09-29 13:00:00,중간부하,140,0,182.489,288.128,Maximum,0.4585,0
2026-09-29 13:15:00,중간부하,140,0,285.736,460.64,Maximum,0.4585,0
2026-09-29 13:30:00,중간부하,140,0,286.145,434.324,Maximum,0.4585,0
2026-09-29 13:45:00,중간부하,140,0,279.957,433.388,Maximum,0.4585,0
2026-09-29 14:00:00,중간부하,140,0,264.714,408.772,Maximum,0.4585,0
2026-09-29 14:15:00,중간부하,140,0,274.39,419.344,Maximum,0.4585,0
2026-09-29 14:30:00,중간부하,140,0,268.019,437.932,Maximum,0.4585,0
2026-09-29 14:45:00,중간부하,140,0,270.076,401.164,Maximum,0.4585,0
2026-09-29 15:00:00,중간부하,140,0,262.217,377.912,Maximum,0.4585,0
2026-09-29 15:15:00,중간부하,140,0,268.865,405.596,Maximum,0.4585,0
2026-09-29 15:30:00,중간부하,140,0,285.578,434.944,Maximum,0.4585,0
2026-09-29 15:45:00,중간부하,140,0,277.58,426.276,Maximum,0.4585,0
2026-09-29 16:00:00,중간부하,140,0,278.23,439.54,Maximum,0.4585,0
2026-09-29 16:15:00,중간부하,140,0,276.398,418.096,Maximum,0.4585,0
2026-09-29 16:30:00,중간부하,140,0,285.036,419.848,Maximum,0.4585,0
2026-09-29 16:45:00,중간부하,140,0,281.371,417.4,Maximum,0.4585,0
2026-09-29 17:00:00,최대부하,220,1,269.065,432.936,Medium,0.4585,0
2026-09-29 17:15:00,최대부하,220,1,257.127,406.34,Medium,0.4585,0
2026-09-29 17:30:00,최대부하,220,1,158.167,248.488,Medium,0.4585,0
2026-09-29 17:45:00,최대부하,220,1,133.933,224.948,Medium,0.4585,0
2026-09-29 18:00:00,최대부하,220,1,173.995,283.212,Medium,0.4585,0
2026-09-29 18:15:00,최대부하,220,1,228.677,397.672,Medium,0.4585,0
2026-09-29 18:30:00,최대부하,220,1,221.255,353.636,Medium,0.4585,0
2026-09-29 18:45:00,최대부하,220,1,225.055,427.664,Medium,0.4585,0
2026-09-29 19:00:00,최대부하,220,1,215.646,382.572,Medium,0.4585,0
2026-09-29 19:15:00,최대부하,220,1,224.292,416.68,Medium,0.4585,0
2026-09-29 19:30:00,최대부하,220,1,224.765,379.208,Medium,0.4585,0
2026-09-29 19:45:00,최대부하,220,1,220.343,397.388,Medium,0.4585,0
2026-09-29 20:00:00,중간부하,140,0,217.295,379.424,Medium,0.4585,0
2026-09-29 20:15:00,중간부하,140,0,232.438,402.76,Medium,0.4585,0
2026-09-29 20:30:00,중간부하,140,0,202.0,374.812,Medium,0.4585,0
2026-09-29 20:45:00,중간부하,140,0,123.442,253.252,Medium,0.4585,0
2026-09-29 21:00:00,중간부하,140,0,54.756,131.588,Medium,0.4585,0
2026-09-29 21:15:00,중간부하,140,0,47.072,124.1,Medium,0.4585,0
2026-09-29 21:30:00,중간부하,140,0,44.078,128.088,Medium,0.4585,0
2026-09-29 21:45:00,중간부하,140,0,40.455,147.628,Medium,0.4585,0
2026-09-29 22:00:00,경부하,90,0,40.695,140.04,Medium,0.4585,0
2026-09-29 22:15:00,경부하,90,0,44.449,132.248,Medium,0.4585,0
2026-09-29 22:30:00,경부하,90,0,41.861,146.484,Medium,0.4585,0
2026-09-29 22:45:00,경부하,90,0,41.546,144.088,Medium,0.4585,0
2026-09-29 23:00:00,경부하,90,0,42.38,129.088,Light,0.4585,0
2026-09-29 23:15:00,경부하,90,0,40.47,122.832,Light,0.4585,0
2026-09-29 23:30:00,경부하,90,0,38.335,125.552,Light,0.4585,0
2026-09-29 23:45:00,경부하,90,0,38.911,122.86,Light,0.4585,0
2026-09-30 00:00:00,경부하,90,0,37.418,123.308,Light,0.4585,0
2026-09-30 00:15:00,경부하,90,0,40.035,126.352,Light,0.4585,0
2026-09-30 00:30:00,경부하,90,0,40.663,114.94,Light,0.4585,0
2026-09-30 00:45:00,경부하,90,0,40.911,106.408,Light,0.4585,0
2026-09-30 01:00:00,경부하,90,0,33.475,93.112,Light,0.4585,0
2026-09-30 01:15:00,경부하,90,0,22.947,23.416,Light,0.4585,0
2026-09-30 01:30:00,경부하,90,0,19.222,23.76,Light,0.4585,0
2026-09-30 01:45:00,경부하,90,0,18.318,22.472,Light,0.4585,0
2026-09-30 02:00:00,경부하,90,0,18.12,20.908,Light,0.4585,0
2026-09-30 02:15:00,경부하,90,0,18.145,20.996,Light,0.4585,0
2026-09-30 02:30:00,경부하,90,0,18.082,20.384,Light,0.4585,0
2026-09-30 02:45:00,경부하,90,0,17.741,20.456,Light,0.4585,0
2026-09-30 03:00:00,경부하,90,0,18.025,20.68,Light,0.4585,0
2026-09-30 03:15:00,경부하,90,0,18.775,20.412,Light,0.4585,0
2026-09-30 03:30:00,경부하,90,0,18.358,20.268,Light,0.4585,0
2026-09-30 03:45:00,경부하,90,0,17.994,18.72,Light,0.4585,0
2026-09-30 04:00:00,경부하,90,0,18.013,18.88,Light,0.4585,0
2026-09-30 04:15:00,경부하,90,0,17.742,18.548,Light,0.4585,0
2026-09-30 04:30:00,경부하,90,0,17.35,19.208,Light,0.4585,0
2026-09-30 04:45:00,경부하,90,0,17.128,19.368,Light,0.4585,0
2026-09-30 05:00:00,경부하,90,0,17.232,18.72,Light,0.4585,0
2026-09-30 05:15:00,경부하,90,0,17.455,18.28,Light,0.4585,0
2026-09-30 05:30:00,경부하,90,0,17.556,18.28,Light,0.4585,0
2026-09-30 05:45:00,경부하,90,0,17.41,18.268,Light,0.4585,0
2026-09-30 06:00:00,경부하,90,0,17.809,18.548,Light,0.4585,0
2026-09-30 06:15:00,경부하,90,0,17.996,18.424,Light,0.4585,0
2026-09-30 06:30:00,경부하,90,0,17.65,18.368,Light,0.4585,0
2026-09-30 06:45:00,경부하,90,0,17.578,17.352,Light,0.4585,0
2026-09-30 07:00:00,경부하,90,0,17.262,17.812,Light,0.4585,0
2026-09-30 07:15:00,경부하,90,0,19.424,21.764,Light,0.4585,0
2026-09-30 07:30:00,경부하,90,0,24.39,31.48,Light,0.4585,0
2026-09-30 07:45:00,경부하,90,0,31.34,54.916,Light,0.4585,0
2026-09-30 08:00:00,중간부하,140,0,159.069,226.16,Light,0.4585,0
2026-09-30 08:15:00,중간부하,140,0,269.942,412.768,Light,0.4585,0
2026-09-30 08:30:00,중간부하,140,0,284.293,428.796,Light,0.4585,0
2026-09-30 08:45:00,중간부하,140,0,276.33,441.604,Light,0.4585,0
2026-09-30 09:00:00,중간부하,140,0,279.042,438.028,Medium,0.4585,0
2026-09-30 09:15:00,중간부하,140,0,286.857,443.7,Medium,0.4585,0
2026-09-30 09:30:00,중간부하,140,0,272.74,436.552,Medium,0.4585,0
2026-09-30 09:45:00,중간부하,140,0,269.892,434.636,Medium,0.4585,0
2026-09-30 10:00:00,최대부하,220,1,256.118,376.832,Maximum,0.4585,0
2026-09-30 10:15:00,최대부하,220,1,267.085,450.2,Maximum,0.4585,0
2026-09-30 10:30:00,최대부하,220,1,265.439,407.8,Maximum,0.4585,0
2026-09-30 10:45:00,최대부하,220,1,295.369,447.328,Maximum,0.4585,0
2026-09-30 11:00:00,최대부하,220,1,291.302,439.468,Maximum,0.4585,0
2026-09-30 11:15:00,최대부하,220,1,284.038,446.508,Maximum,0.4585,0
2026-09-30 11:30:00,최대부하,220,1,266.75,394.544,Maximum,0.4585,0
2026-09-30 11:45:00,최대부하,220,1,244.678,412.244,Maximum,0.4585,0
2026-09-30 12:00:00,중간부하,140,0,40.369,79.632,Medium,0.4585,0
2026-09-30 12:15:00,중간부하,140,0,27.647,34.036,Medium,0.4585,0
2026-09-30 12:30:00,중간부하,140,0,28.149,36.224,Medium,0.4585,0
2026-09-30 12:45:00,중간부하,140,0,29.332,36.208,Medium,0.4585,0
2026-09-30 13:00:00,중간부하,140,0,171.38,265.68,Maximum,0.4585,0
2026-09-30 13:15:00,중간부하,140,0,266.295,429.796,Maximum,0.4585,0
2026-09-30 13:30:00,중간부하,140,0,258.91,392.788,Maximum,0.4585,0
2026-09-30 13:45:00,중간부하,140,0,279.498,438.048,Maximum,0.4585,0
2026-09-30 14:00:00,중간부하,140,0,285.861,447.572,Maximum,0.4585,0
2026-09-30 14:15:00,중간부하,140,0,272.125,477.72,Maximum,0.4585,0
2026-09-30 14:30:00,중간부하,140,0,272.985,434.376,Maximum,0.4585,0
2026-09-30 14:45:00,중간부하,140,0,279.835,441.488,Maximum,0.4585,0
2026-09-30 15:00:00,중간부하,140,0,270.658,465.156,Maximum,0.4585,0
2026-09-30 15:15:00,중간부하,140,0,269.159,445.508,Maximum,0.4585,0
2026-09-30 15:30:00,중간부하,140,0,271.022,412.792,Maximum,0.4585,0
2026-09-30 15:45:00,중간부하,140,0,271.092,452.548,Maximum,0.4585,0
2026-09-30 16:00:00,중간부하,140,0,264.628,402.856,Maximum,0.4585,0
2026-09-30 16:15:00,중간부하,140,0,280.148,447.256,Maximum,0.4585,0
2026-09-30 16:30:00,중간부하,140,0,287.726,474.104,Maximum,0.4585,0
2026-09-30 16:45:00,중간부하,140,0,269.837,435.672,Maximum,0.4585,0
2026-09-30 17:00:00,최대부하,220,1,269.621,476.012,Medium,0.4585,0
2026-09-30 17:15:00,최대부하,220,1,251.815,432.088,Medium,0.4585,0
2026-09-30 17:30:00,최대부하,220,1,173.331,301.58,Medium,0.4585,0
2026-09-30 17:45:00,최대부하,220,1,135.333,210.152,Medium,0.4585,0
2026-09-30 18:00:00,최대부하,220,1,124.455,234.872,Medium,0.4585,0
2026-09-30 18:15:00,최대부하,220,1,154.137,369.252,Medium,0.4585,0
2026-09-30 18:30:00,최대부하,220,1,151.595,339.156,Medium,0.4585,0
2026-09-30 18:45:00,최대부하,220,1,158.055,385.588,Medium,0.4585,0
2026-09-30 19:00:00,최대부하,220,1,152.064,336.472,Medium,0.4585,0
2026-09-30 19:15:00,최대부하,220,1,150.662,326.476,Medium,0.4585,0
2026-09-30 19:30:00,최대부하,220,1,147.891,370.268,Medium,0.4585,0
2026-09-30 19:45:00,최대부하,220,1,153.55,370.348,Medium,0.4585,0
2026-09-30 20:00:00,중간부하,140,0,159.595,381.004,Medium,0.4585,0
2026-09-30 20:15:00,중간부하,140,0,154.218,371.836,Medium,0.4585,0
2026-09-30 20:30:00,중간부하,140,0,133.906,344.396,Medium,0.4585,0
2026-09-30 20:45:00,중간부하,140,0,90.133,226.556,Medium,0.4585,0
2026-09-30 21:00:00,중간부하,140,0,54.913,149.236,Medium,0.4585,0
2026-09-30 21:15:00,중간부하,140,0,49.363,159.192,Medium,0.4585,0
2026-09-30 21:30:00,중간부하,140,0,48.443,148.696,Medium,0.4585,0
2026-09-30 21:45:00,중간부하,140,0,39.593,135.172,Medium,0.4585,0
2026-09-30 22:00:00,경부하,90,0,34.38,41.456,Medium,0.4585,0
2026-09-30 22:15:00,경부하,90,0,32.804,21.744,Medium,0.4585,0
2026-09-30 22:30:00,경부하,90,0,31.518,21.584,Medium,0.4585,0
2026-09-30 22:45:00,경부하,90,0,34.164,21.428,Medium,0.4585,0
2026-09-30 23:00:00,경부하,90,0,33.887,21.292,Light,0.4585,0
2026-09-30 23:15:00,경부하,90,0,34.529,20.9,Light,0.4585,0
2026-09-30 23:30:00,경부하,90,0,33.838,20.932,Light,0.4585,0
2026-09-30 23:45:00,경부하,90,0,30.667,20.944,Light,0.4585,0
2026-10-01 00:00:00,경부하,90,0,33.367,20.692,Light,0.4585,0
2026-10-01 00:15:00,경부하,90,0,33.265,21.104,Light,0.4585,0
2026-10-01 00:30:00,경부하,90,0,31.42,20.692,Light,0.4585,0
2026-10-01 00:45:00,경부하,90,0,34.583,19.132,Light,0.4585,0
2026-10-01 01:00:00,경부하,90,0,30.894,18.44,Light,0.4585,0
2026-10-01 01:15:00,경부하,90,0,20.935,18.44,Light,0.4585,0
2026-10-01 01:30:00,경부하,90,0,18.714,18.72,Light,0.4585,0
2026-10-01 01:45:00,경부하,90,0,19.015,21.168,Light,0.4585,0
2026-10-01 02:00:00,경부하,90,0,19.253,19.412,Light,0.4585,0
2026-10-01 02:15:00,경부하,90,0,19.285,20.504,Light,0.4585,0
2026-10-01 02:30:00,경부하,90,0,18.778,20.044,Light,0.4585,0
2026-10-01 02:45:00,경부하,90,0,18.864,22.148,Light,0.4585,0
2026-10-01 03:00:00,경부하,90,0,19.052,20.412,Light,0.4585,0
2026-10-01 03:15:00,경부하,90,0,18.583,18.424,Light,0.4585,0
2026-10-01 03:30:00,경부하,90,0,18.577,18.424,Light,0.4585,0
2026-10-01 03:45:00,경부하,90,0,19.012,19.872,Light,0.4585,0
2026-10-01 04:00:00,경부하,90,0,19.283,20.492,Light,0.4585,0
2026-10-01 04:15:00,경부하,90,0,19.173,18.424,Light,0.4585,0
2026-10-01 04:30:00,경부하,90,0,18.645,18.548,Light,0.4585,0
2026-10-01 04:45:00,경부하,90,0,18.767,18.016,Light,0.4585,0
2026-10-01 05:00:00,경부하,90,0,18.808,17.548,Light,0.4585,0
2026-10-01 05:15:00,경부하,90,0,18.412,17.704,Light,0.4585,0
2026-10-01 05:30:00,경부하,90,0,18.757,17.84,Light,0.4585,0
2026-10-01 05:45:00,경부하,90,0,19.035,17.224,Light,0.4585,0
2026-10-01 06:00:00,경부하,90,0,18.143,16.724,Light,0.4585,0
2026-10-01 06:15:00,경부하,90,0,18.978,18.268,Light,0.4585,0
2026-10-01 06:30:00,경부하,90,0,18.828,17.692,Light,0.4585,0
2026-10-01 06:45:00,경부하,90,0,18.335,18.236,Light,0.4585,0
2026-10-01 07:00:00,경부하,90,0,18.24,18.1,Light,0.4585,0
2026-10-01 07:15:00,경부하,90,0,20.425,19.568,Light,0.4585,0
2026-10-01 07:30:00,경부하,90,0,23.757,28.64,Light,0.4585,0
2026-10-01 07:45:00,경부하,90,0,27.183,32.5,Light,0.4585,0
2026-10-01 08:00:00,중간부하,140,0,191.397,312.552,Light,0.4585,0
2026-10-01 08:15:00,중간부하,140,0,305.288,471.716,Light,0.4585,0
2026-10-01 08:30:00,중간부하,140,0,307.401,469.268,Light,0.4585,0
2026-10-01 08:45:00,중간부하,140,0,323.661,497.944,Light,0.4585,0
2026-10-01 09:00:00,중간부하,140,0,308.033,471.728,Medium,0.4585,0
2026-10-01 09:15:00,중간부하,140,0,300.822,481.824,Medium,0.4585,0
2026-10-01 09:30:00,중간부하,140,0,298.718,452.528,Medium,0.4585,0
2026-10-01 09:45:00,중간부하,140,0,292.326,469.404,Medium,0.4585,0
2026-10-01 10:00:00,최대부하,220,1,302.987,491.744,Maximum,0.4585,0
2026-10-01 10:15:00,최대부하,220,1,289.321,439.424,Maximum,0.4585,0
2026-10-01 10:30:00,최대부하,220,1,294.67,462.212,Maximum,0.4585,0
2026-10-01 10:45:00,최대부하,220,1,280.6,417.008,Maximum,0.4585,0
2026-10-01 11:00:00,최대부하,220,1,285.437,450.272,Maximum,0.4585,0
2026-10-01 11:15:00,최대부하,220,1,285.953,458.18,Maximum,0.4585,0
2026-10-01 11:30:00,최대부하,220,1,286.922,450.296,Maximum,0.4585,0
2026-10-01 11:45:00,최대부하,220,1,276.387,450.504,Maximum,0.4585,0
2026-10-01 12:00:00,중간부하,140,0,49.101,87.536,Medium,0.4585,0
2026-10-01 12:15:00,중간부하,140,0,28.675,41.14,Medium,0.4585,0
2026-10-01 12:30:00,중간부하,140,0,30.302,40.78,Medium,0.4585,0
2026-10-01 12:45:00,중간부하,140,0,33.602,68.672,Medium,0.4585,0
2026-10-01 13:00:00,중간부하,140,0,187.318,314.524,Maximum,0.4585,0
2026-10-01 13:15:00,중간부하,140,0,272.024,437.96,Maximum,0.4585,0
2026-10-01 13:30:00,중간부하,140,0,272.189,481.076,Maximum,0.4585,0
2026-10-01 13:45:00,중간부하,140,0,266.752,426.356,Maximum,0.4585,0
2026-10-01 14:00:00,중간부하,140,0,264.631,436.104,Maximum,0.4585,0
2026-10-01 14:15:00,중간부하,140,0,265.352,435.32,Maximum,0.4585,0
2026-10-01 14:30:00,중간부하,140,0,265.271,427.024,Maximum,0.4585,0
2026-10-01 14:45:00,중간부하,140,0,270.798,443.78,Maximum,0.4585,0
2026-10-01 15:00:00,중간부하,140,0,260.983,420.084,Maximum,0.4585,0
2026-10-01 15:15:00,중간부하,140,0,261.572,406.8,Maximum,0.4585,0
2026-10-01 15:30:00,중간부하,140,0,281.624,454.304,Maximum,0.4585,0
2026-10-01 15:45:00,중간부하,140,0,262.866,401.816,Maximum,0.4585,0
2026-10-01 16:00:00,중간부하,140,0,277.955,443.332,Maximum,0.4585,0
2026-10-01 16:15:00,중간부하,140,0,271.536,398.32,Maximum,0.4585,0
2026-10-01 16:30:00,중간부하,140,0,264.813,409.68,Maximum,0.4585,0
2026-10-01 16:45:00,중간부하,140,0,251.23,390.204,Maximum,0.4585,0
2026-10-01 17:00:00,최대부하,220,1,270.641,441.064,Medium,0.4585,0
2026-10-01 17:15:00,최대부하,220,1,243.981,394.12,Medium,0.4585,0
2026-10-01 17:30:00,최대부하,220,1,137.975,200.288,Medium,0.4585,0
2026-10-01 17:45:00,최대부하,220,1,130.982,173.52,Medium,0.4585,0
2026-10-01 18:00:00,최대부하,220,1,180.622,272.608,Medium,0.4585,0
2026-10-01 18:15:00,최대부하,220,1,228.064,412.568,Medium,0.4585,0
2026-10-01 18:30:00,최대부하,220,1,216.218,337.248,Medium,0.4585,0
2026-10-01 18:45:00,최대부하,220,1,231.463,427.104,Medium,0.4585,0
2026-10-01 19:00:00,최대부하,220,1,214.949,359.048,Medium,0.4585,0
2026-10-01 19:15:00,최대부하,220,1,222.671,370.856,Medium,0.4585,0
2026-10-01 19:30:00,최대부하,220,1,223.345,401.228,Medium,0.4585,0
2026-10-01 19:45:00,최대부하,220,1,216.407,379.296,Medium,0.4585,0
2026-10-01 20:00:00,중간부하,140,0,216.952,366.416,Medium,0.4585,0
2026-10-01 20:15:00,중간부하,140,0,235.69,430.184,Medium,0.4585,0
2026-10-01 20:30:00,중간부하,140,0,201.626,410.888,Medium,0.4585,0
2026-10-01 20:45:00,중간부하,140,0,136.433,299.044,Medium,0.4585,0
2026-10-01 21:00:00,중간부하,140,0,77.192,247.636,Medium,0.4585,0
2026-10-01 21:15:00,중간부하,140,0,52.722,160.864,Medium,0.4585,0
2026-10-01 21:30:00,중간부하,140,0,43.755,133.436,Medium,0.4585,0
2026-10-01 21:45:00,중간부하,140,0,41.743,123.38,Medium,0.4585,0
2026-10-01 22:00:00,경부하,90,0,39.685,45.388,Medium,0.4585,0
2026-10-01 22:15:00,경부하,90,0,36.102,26.136,Medium,0.4585,0
2026-10-01 22:30:00,경부하,90,0,39.482,25.868,Medium,0.4585,0
2026-10-01 22:45:00,경부하,90,0,41.073,28.568,Medium,0.4585,0
2026-10-01 23:00:00,경부하,90,0,35.87,29.824,Light,0.4585,0
2026-10-01 23:15:00,경부하,90,0,34.091,27.108,Light,0.4585,0
2026-10-01 23:30:00,경부하,90,0,36.598,21.512,Light,0.4585,0
2026-10-01 23:45:00,경부하,90,0,39.829,20.968,Light,0.4585,0
2026-10-02 00:00:00,경부하,90,0,30.361,21.16,Light,0.4585,0
2026-10-02 00:15:00,경부하,90,0,38.746,21.032,Light,0.4585,0
2026-10-02 00:30:00,경부하,90,0,35.905,20.908,Light,0.4585,0
2026-10-02 00:45:00,경부하,90,0,33.632,21.016,Light,0.4585,0
2026-10-02 01:00:00,경부하,90,0,24.041,20.924,Light,0.4585,0
2026-10-02 01:15:00,경부하,90,0,21.534,21.368,Light,0.4585,0
2026-10-02 01:30:00,경부하,90,0,20.223,21.204,Light,0.4585,0
2026-10-02 01:45:00,경부하,90,0,19.115,19.664,Light,0.4585,0
2026-10-02 02:00:00,경부하,90,0,22.425,19.808,Light,0.4585,0
2026-10-02 02:15:00,경부하,90,0,22.317,19.808,Light,0.4585,0
2026-10-02 02:30:00,경부하,90,0,20.325,19.664,Light,0.4585,0
2026-10-02 02:45:00,경부하,90,0,21.089,20.188,Light,0.4585,0
2026-10-02 03:00:00,경부하,90,0,20.312,19.916,Light,0.4585,0
2026-10-02 03:15:00,경부하,90,0,21.456,19.792,Light,0.4585,0
2026-10-02 03:30:00,경부하,90,0,19.235,20.032,Light,0.4585,0
2026-10-02 03:45:00,경부하,90,0,19.102,19.0,Light,0.4585,0
2026-10-02 04:00:00,경부하,90,0,19.117,19.144,Light,0.4585,0
2026-10-02 04:15:00,경부하,90,0,20.109,20.044,Light,0.4585,0
2026-10-02 04:30:00,경부하,90,0,18.887,18.944,Light,0.4585,0
2026-10-02 04:45:00,경부하,90,0,18.64,18.836,Light,0.4585,0
2026-10-02 05:00:00,경부하,90,0,18.962,19.424,Light,0.4585,0
2026-10-02 05:15:00,경부하,90,0,20.562,18.504,Light,0.4585,0
2026-10-02 05:30:00,경부하,90,0,21.922,18.928,Light,0.4585,0
2026-10-02 05:45:00,경부하,90,0,21.122,18.704,Light,0.4585,0
2026-10-02 06:00:00,경부하,90,0,21.338,18.944,Light,0.4585,0
2026-10-02 06:15:00,경부하,90,0,21.855,18.404,Light,0.4585,0
2026-10-02 06:30:00,경부하,90,0,20.911,17.516,Light,0.4585,0
2026-10-02 06:45:00,경부하,90,0,22.001,17.264,Light,0.4585,0
2026-10-02 07:00:00,경부하,90,0,21.557,18.124,Light,0.4585,0
2026-10-02 07:15:00,경부하,90,0,21.214,20.924,Light,0.4585,0
2026-10-02 07:30:00,경부하,90,0,26.972,29.108,Light,0.4585,0
2026-10-02 07:45:00,경부하,90,0,26.195,35.944,Light,0.4585,0
2026-10-02 08:00:00,중간부하,140,0,156.597,241.18,Light,0.4585,0
2026-10-02 08:15:00,중간부하,140,0,260.635,411.824,Light,0.4585,0
2026-10-02 08:30:00,중간부하,140,0,279.825,458.452,Light,0.4585,0
2026-10-02 08:45:00,중간부하,140,0,290.583,452.932,Light,0.4585,0
2026-10-02 09:00:00,중간부하,140,0,293.703,463.6,Medium,0.4585,0
2026-10-02 09:15:00,중간부하,140,0,276.915,435.428,Medium,0.4585,0
2026-10-02 09:30:00,중간부하,140,0,264.379,421.22,Medium,0.4585,0
2026-10-02 09:45:00,중간부하,140,0,263.182,400.228,Medium,0.4585,0
2026-10-02 10:00:00,최대부하,220,1,254.578,415.28,Maximum,0.4585,0
2026-10-02 10:15:00,최대부하,220,1,258.041,407.836,Maximum,0.4585,0
2026-10-02 10:30:00,최대부하,220,1,251.716,399.22,Maximum,0.4585,0
2026-10-02 10:45:00,최대부하,220,1,256.311,391.032,Maximum,0.4585,0
2026-10-02 11:00:00,최대부하,220,1,262.412,431.804,Maximum,0.4585,0
2026-10-02 11:15:00,최대부하,220,1,269.604,442.64,Maximum,0.4585,0
2026-10-02 11:30:00,최대부하,220,1,260.805,416.5,Maximum,0.4585,0
2026-10-02 11:45:00,최대부하,220,1,255.243,453.296,Maximum,0.4585,0
2026-10-02 12:00:00,중간부하,140,0,46.342,103.088,Medium,0.4585,0
2026-10-02 12:15:00,중간부하,140,0,24.532,38.736,Medium,0.4585,0
2026-10-02 12:30:00,중간부하,140,0,23.851,33.532,Medium,0.4585,0
2026-10-02 12:45:00,중간부하,140,0,23.976,33.884,Medium,0.4585,0
2026-10-02 13:00:00,중간부하,140,0,174.841,277.372,Maximum,0.4585,0
2026-10-02 13:15:00,중간부하,140,0,260.305,426.196,Maximum,0.4585,0
2026-10-02 13:30:00,중간부하,140,0,270.731,428.74,Maximum,0.4585,0
2026-10-02 13:45:00,중간부하,140,0,258.359,402.068,Maximum,0.4585,0
2026-10-02 14:00:00,중간부하,140,0,266.001,414.964,Maximum,0.4585,0
2026-10-02 14:15:00,중간부하,140,0,269.82,433.576,Maximum,0.4585,0
2026-10-02 14:30:00,중간부하,140,0,270.388,437.184,Maximum,0.4585,0
2026-10-02 14:45:00,중간부하,140,0,266.162,416.176,Maximum,0.4585,0
2026-10-02 15:00:00,중간부하,140,0,248.149,386.8,Maximum,0.4585,0
2026-10-02 15:15:00,중간부하,140,0,267.525,460.784,Maximum,0.4585,0
2026-10-02 15:30:00,중간부하,140,0,261.2,442.784,Maximum,0.4585,0
2026-10-02 15:45:00,중간부하,140,0,255.565,408.96,Maximum,0.4585,0
2026-10-02 16:00:00,중간부하,140,0,276.294,449.316,Maximum,0.4585,0
2026-10-02 16:15:00,중간부하,140,0,255.948,402.716,Maximum,0.4585,0
2026-10-02 16:30:00,중간부하,140,0,278.278,445.96,Maximum,0.4585,0
2026-10-02 16:45:00,중간부하,140,0,251.913,411.46,Maximum,0.4585,0
2026-10-02 17:00:00,최대부하,220,1,243.877,364.12,Medium,0.4585,0
2026-10-02 17:15:00,최대부하,220,1,235.685,397.404,Medium,0.4585,0
2026-10-02 17:30:00,최대부하,220,1,142.014,205.22,Medium,0.4585,0
2026-10-02 17:45:00,최대부하,220,1,132.378,195.788,Medium,0.4585,0
2026-10-02 18:00:00,최대부하,220,1,158.27,250.328,Medium,0.4585,0
2026-10-02 18:15:00,최대부하,220,1,203.446,317.32,Medium,0.4585,0
2026-10-02 18:30:00,최대부하,220,1,200.544,359.28,Medium,0.4585,0
2026-10-02 18:45:00,최대부하,220,1,204.748,387.332,Medium,0.4585,0
2026-10-02 19:00:00,최대부하,220,1,202.898,344.016,Medium,0.4585,0
2026-10-02 19:15:00,최대부하,220,1,204.345,317.752,Medium,0.4585,0
2026-10-02 19:30:00,최대부하,220,1,213.591,404.336,Medium,0.4585,0
2026-10-02 19:45:00,최대부하,220,1,210.014,411.524,Medium,0.4585,0
2026-10-02 20:00:00,중간부하,140,0,210.725,400.544,Medium,0.4585,0
2026-10-02 20:15:00,중간부하,140,0,197.949,337.696,Medium,0.4585,0
2026-10-02 20:30:00,중간부하,140,0,189.179,387.604,Medium,0.4585,0
2026-10-02 20:45:00,중간부하,140,0,114.285,238.156,Medium,0.4585,0
2026-10-02 21:00:00,중간부하,140,0,60.127,155.52,Medium,0.4585,0
2026-10-02 21:15:00,중간부하,140,0,52.508,158.732,Medium,0.4585,0
2026-10-02 21:30:00,중간부하,140,0,46.501,147.616,Medium,0.4585,0
2026-10-02 21:45:00,중간부하,140,0,50.834,144.412,Medium,0.4585,0
2026-10-02 22:00:00,경부하,90,0,45.177,154.388,Medium,0.4585,0
2026-10-02 22:15:00,경부하,90,0,38.754,131.336,Medium,0.4585,0
2026-10-02 22:30:00,경부하,90,0,47.296,127.052,Medium,0.4585,0
2026-10-02 22:45:00,경부하,90,0,37.343,128.996,Medium,0.4585,0
2026-10-02 23:00:00,경부하,90,0,38.762,132.32,Light,0.4585,0
2026-10-02 23:15:00,경부하,90,0,46.49,112.852,Light,0.4585,0
2026-10-02 23:30:00,경부하,90,0,40.772,112.16,Light,0.4585,0
2026-10-02 23:45:00,경부하,90,0,42.482,112.372,Light,0.4585,0
2026-10-03 00:00:00,경부하,76,0,43.126,133.544,Light,0.4585,0
2026-10-03 00:15:00,경부하,76,0,40.765,135.036,Light,0.4585,0
2026-10-03 00:30:00,경부하,76,0,38.779,73.384,Light,0.4585,0
2026-10-03 00:45:00,경부하,76,0,34.83,27.468,Light,0.4585,0
2026-10-03 01:00:00,경부하,76,0,35.279,22.652,Light,0.4585,0
2026-10-03 01:15:00,경부하,76,0,25.721,19.808,Light,0.4585,0
2026-10-03 01:30:00,경부하,76,0,23.928,19.512,Light,0.4585,0
2026-10-03 01:45:00,경부하,76,0,21.462,23.524,Light,0.4585,0
2026-10-03 02:00:00,경부하,76,0,18.222,21.832,Light,0.4585,0
2026-10-03 02:15:00,경부하,76,0,20.736,18.676,Light,0.4585,0
2026-10-03 02:30:00,경부하,76,0,20.572,18.844,Light,0.4585,0
2026-10-03 02:45:00,경부하,76,0,18.598,20.204,Light,0.4585,0
2026-10-03 03:00:00,경부하,76,0,19.308,19.252,Light,0.4585,0
2026-10-03 03:15:00,경부하,76,0,20.568,20.824,Light,0.4585,0
2026-10-03 03:30:00,경부하,76,0,18.908,18.772,Light,0.4585,0
2026-10-03 03:45:00,경부하,76,0,19.745,19.16,Light,0.4585,0
2026-10-03 04:00:00,경부하,76,0,20.234,18.692,Light,0.4585,0
2026-10-03 04:15:00,경부하,76,0,18.193,18.856,Light,0.4585,0
2026-10-03 04:30:00,경부하,76,0,20.502,18.676,Light,0.4585,0
2026-10-03 04:45:00,경부하,76,0,19.883,18.772,Light,0.4585,0
2026-10-03 05:00:00,경부하,76,0,18.612,18.972,Light,0.4585,0
2026-10-03 05:15:00,경부하,76,0,20.46,18.664,Light,0.4585,0
2026-10-03 05:30:00,경부하,76,0,18.132,18.756,Light,0.4585,0
2026-10-03 05:45:00,경부하,76,0,17.727,18.72,Light,0.4585,0
2026-10-03 06:00:00,경부하,76,0,20.401,18.756,Light,0.4585,0
2026-10-03 06:15:00,경부하,76,0,18.839,16.796,Light,0.4585,0
2026-10-03 06:30:00,경부하,76,0,18.765,16.784,Light,0.4585,0
2026-10-03 06:45:00,경부하,76,0,20.345,16.544,Light,0.4585,0
2026-10-03 07:00:00,경부하,76,0,17.589,17.576,Light,0.4585,0
2026-10-03 07:15:00,경부하,76,0,16.712,16.4,Light,0.4585,0
2026-10-03 07:30:00,경부하,76,0,17.474,25.012,Light,0.4585,0
2026-10-03 07:45:00,경부하,76,0,20.316,27.504,Light,0.4585,0
2026-10-03 08:00:00,중간부하,119,0,89.882,159.164,Light,0.4585,0
2026-10-03 08:15:00,중간부하,119,0,148.489,359.388,Light,0.4585,0
2026-10-03 08:30:00,중간부하,119,0,139.175,294.992,Light,0.4585,0
2026-10-03 08:45:00,중간부하,119,0,143.964,252.836,Light,0.4585,0
2026-10-03 09:00:00,중간부하,119,0,151.455,336.068,Medium,0.4585,0
2026-10-03 09:15:00,중간부하,119,0,146.051,299.88,Medium,0.4585,0
2026-10-03 09:30:00,중간부하,119,0,142.095,250.516,Medium,0.4585,0
2026-10-03 09:45:00,중간부하,119,0,145.035,282.368,Medium,0.4585,0
2026-10-03 10:00:00,최대부하,187,1,145.905,294.76,Maximum,0.4585,0
2026-10-03 10:15:00,최대부하,187,1,148.066,309.672,Maximum,0.4585,0
2026-10-03 10:30:00,최대부하,187,1,147.628,288.02,Maximum,0.4585,0
2026-10-03 10:45:00,최대부하,187,1,155.062,364.048,Maximum,0.4585,0
2026-10-03 11:00:00,최대부하,187,1,142.73,268.724,Maximum,0.4585,0
2026-10-03 11:15:00,최대부하,187,1,146.409,291.528,Maximum,0.4585,0
2026-10-03 11:30:00,최대부하,187,1,145.442,291.616,Maximum,0.4585,0
2026-10-03 11:45:00,최대부하,187,1,106.313,226.232,Maximum,0.4585,0
2026-10-03 12:00:00,중간부하,119,0,25.505,39.248,Medium,0.4585,0
2026-10-03 12:15:00,중간부하,119,0,20.312,24.984,Medium,0.4585,0
2026-10-03 12:30:00,중간부하,119,0,20.444,25.596,Medium,0.4585,0
2026-10-03 12:45:00,중간부하,119,0,20.73,26.036,Medium,0.4585,0
2026-10-03 13:00:00,중간부하,119,0,74.014,136.1,Maximum,0.4585,0
2026-10-03 13:15:00,중간부하,119,0,151.325,334.276,Maximum,0.4585,0
2026-10-03 13:30:00,중간부하,119,0,151.055,330.292,Maximum,0.4585,0
2026-10-03 13:45:00,중간부하,119,0,154.525,362.224,Maximum,0.4585,0
2026-10-03 14:00:00,중간부하,119,0,145.119,298.0,Maximum,0.4585,0
2026-10-03 14:15:00,중간부하,119,0,154.367,333.324,Maximum,0.4585,0
2026-10-03 14:30:00,중간부하,119,0,151.035,317.32,Maximum,0.4585,0
2026-10-03 14:45:00,중간부하,119,0,158.344,338.176,Maximum,0.4585,0
2026-10-03 15:00:00,중간부하,119,0,153.372,369.604,Maximum,0.4585,0
2026-10-03 15:15:00,중간부하,119,0,156.283,324.34,Maximum,0.4585,0
2026-10-03 15:30:00,중간부하,119,0,163.725,343.692,Maximum,0.4585,0
2026-10-03 15:45:00,중간부하,119,0,146.872,311.544,Maximum,0.4585,0
2026-10-03 16:00:00,중간부하,119,0,153.275,315.664,Maximum,0.4585,0
2026-10-03 16:15:00,중간부하,119,0,148.156,333.576,Maximum,0.4585,0
2026-10-03 16:30:00,중간부하,119,0,140.021,352.736,Maximum,0.4585,0
2026-10-03 16:45:00,중간부하,119,0,75.312,159.984,Maximum,0.4585,0
2026-10-03 17:00:00,최대부하,187,1,38.946,104.212,Medium,0.4585,0
2026-10-03 17:15:00,최대부하,187,1,35.028,100.008,Medium,0.4585,0
2026-10-03 17:30:00,최대부하,187,1,33.513,104.3,Medium,0.4585,0
2026-10-03 17:45:00,최대부하,187,1,34.641,97.344,Medium,0.4585,0
2026-10-03 18:00:00,최대부하,187,1,31.698,95.168,Medium,0.4585,0
2026-10-03 18:15:00,최대부하,187,1,31.564,25.604,Medium,0.4585,0
2026-10-03 18:30:00,최대부하,187,1,28.671,21.304,Medium,0.4585,0
2026-10-03 18:45:00,최대부하,187,1,31.088,20.528,Medium,0.4585,0
2026-10-03 19:00:00,최대부하,187,1,28.996,20.664,Medium,0.4585,0
2026-10-03 19:15:00,최대부하,187,1,26.009,20.0,Medium,0.4585,0
2026-10-03 19:30:00,최대부하,187,1,29.461,19.96,Medium,0.4585,0
2026-10-03 19:45:00,최대부하,187,1,29.867,20.044,Medium,0.4585,0
2026-10-03 20:00:00,중간부하,119,0,29.556,19.424,Medium,0.4585,0
2026-10-03 20:15:00,중간부하,119,0,28.473,19.54,Medium,0.4585,0
2026-10-03 20:30:00,중간부하,119,0,26.323,19.108,Medium,0.4585,0
2026-10-03 20:45:00,중간부하,119,0,25.864,19.18,Medium,0.4585,0
2026-10-03 21:00:00,중간부하,119,0,26.016,18.944,Medium,0.4585,0
2026-10-03 21:15:00,중간부하,119,0,25.37,20.204,Medium,0.4585,0
2026-10-03 21:30:00,중간부하,119,0,26.457,19.028,Medium,0.4585,0
2026-10-03 21:45:00,중간부하,119,0,23.398,18.368,Medium,0.4585,0
2026-10-03 22:00:00,경부하,76,0,25.642,18.416,Medium,0.4585,0
2026-10-03 22:15:00,경부하,76,0,24.288,18.368,Medium,0.4585,0
2026-10-03 22:30:00,경부하,76,0,24.244,18.62,Medium,0.4585,0
2026-10-03 22:45:00,경부하,76,0,23.669,18.28,Medium,0.4585,0
2026-10-03 23:00:00,경부하,76,0,23.612,17.532,Light,0.4585,0
2026-10-03 23:15:00,경부하,76,0,23.451,16.048,Light,0.4585,0
2026-10-03 23:30:00,경부하,76,0,22.961,15.28,Light,0.4585,0
2026-10-03 23:45:00,경부하,76,0,21.873,17.064,Light,0.4585,0
2026-10-04 00:00:00,경부하,76,0,22.248,16.328,Light,0.4585,0
2026-10-04 00:15:00,경부하,76,0,21.832,15.94,Light,0.4585,0
2026-10-04 00:30:00,경부하,76,0,19.921,16.288,Light,0.4585,0
2026-10-04 00:45:00,경부하,76,0,20.232,18.252,Light,0.4585,0
2026-10-04 01:00:00,경부하,76,0,17.288,17.984,Light,0.4585,0
2026-10-04 01:15:00,경부하,76,0,15.905,17.604,Light,0.4585,0
2026-10-04 01:30:00,경부하,76,0,15.657,16.532,Light,0.4585,0
2026-10-04 01:45:00,경부하,76,0,15.828,16.616,Light,0.4585,0
2026-10-04 02:00:00,경부하,76,0,15.318,16.22,Light,0.4585,0
2026-10-04 02:15:00,경부하,76,0,15.278,16.652,Light,0.4585,0
2026-10-04 02:30:00,경부하,76,0,15.838,16.712,Light,0.4585,0
2026-10-04 02:45:00,경부하,76,0,15.985,17.928,Light,0.4585,0
2026-10-04 03:00:00,경부하,76,0,15.722,16.768,Light,0.4585,0
2026-10-04 03:15:00,경부하,76,0,15.743,15.388,Light,0.4585,0
2026-10-04 03:30:00,경부하,76,0,15.731,17.264,Light,0.4585,0
2026-10-04 03:45:00,경부하,76,0,15.575,15.796,Light,0.4585,0
2026-10-04 04:00:00,경부하,76,0,15.706,15.784,Light,0.4585,0
2026-10-04 04:15:00,경부하,76,0,15.354,16.064,Light,0.4585,0
2026-10-04 04:30:00,경부하,76,0,15.713,16.544,Light,0.4585,0
2026-10-04 04:45:00,경부하,76,0,15.895,17.632,Light,0.4585,0
2026-10-04 05:00:00,경부하,76,0,15.068,16.472,Light,0.4585,0
2026-10-04 05:15:00,경부하,76,0,14.018,16.388,Light,0.4585,0
2026-10-04 05:30:00,경부하,76,0,12.866,16.784,Light,0.4585,0
2026-10-04 05:45:00,경부하,76,0,12.792,16.576,Light,0.4585,0
2026-10-04 06:00:00,경부하,76,0,12.713,15.928,Light,0.4585,0
2026-10-04 06:15:00,경부하,76,0,12.64,15.652,Light,0.4585,0
2026-10-04 06:30:00,경부하,76,0,12.932,17.08,Light,0.4585,0
2026-10-04 06:45:00,경부하,76,0,12.771,16.236,Light,0.4585,0
2026-10-04 07:00:00,경부하,76,0,12.516,15.444,Light,0.4585,0
2026-10-04 07:15:00,경부하,76,0,12.54,15.328,Light,0.4585,0
2026-10-04 07:30:00,경부하,76,0,12.668,15.824,Light,0.4585,0
2026-10-04 07:45:00,경부하,76,0,14.532,17.784,Light,0.4585,0
2026-10-04 08:00:00,중간부하,119,0,42.572,105.976,Light,0.4585,0
2026-10-04 08:15:00,중간부하,119,0,65.489,195.32,Light,0.4585,0
2026-10-04 08:30:00,중간부하,119,0,60.635,167.492,Light,0.4585,0
2026-10-04 08:45:00,중간부하,119,0,65.008,164.896,Light,0.4585,0
2026-10-04 09:00:00,중간부하,119,0,60.27,144.208,Light,0.4585,0
2026-10-04 09:15:00,중간부하,119,0,63.161,155.428,Light,0.4585,0
2026-10-04 09:30:00,중간부하,119,0,68.01,199.456,Light,0.4585,0
2026-10-04 09:45:00,중간부하,119,0,62.445,144.0,Light,0.4585,0
2026-10-04 10:00:00,최대부하,187,1,64.752,198.46,Light,0.4585,0
2026-10-04 10:15:00,최대부하,187,1,64.89,189.268,Light,0.4585,0
2026-10-04 10:30:00,최대부하,187,1,64.339,139.952,Light,0.4585,0
2026-10-04 10:45:00,최대부하,187,1,62.242,140.42,Light,0.4585,0
2026-10-04 11:00:00,최대부하,187,1,66.597,149.248,Light,0.4585,0
2026-10-04 11:15:00,최대부하,187,1,62.407,204.356,Light,0.4585,0
2026-10-04 11:30:00,최대부하,187,1,64.188,214.236,Light,0.4585,0
2026-10-04 11:45:00,최대부하,187,1,41.472,136.096,Light,0.4585,0
2026-10-04 12:00:00,중간부하,119,0,16.96,22.176,Light,0.4585,0
2026-10-04 12:15:00,중간부하,119,0,16.848,21.024,Light,0.4585,0
2026-10-04 12:30:00,중간부하,119,0,16.795,21.384,Light,0.4585,0
2026-10-04 12:45:00,중간부하,119,0,16.46,20.356,Light,0.4585,0
2026-10-04 13:00:00,중간부하,119,0,37.534,89.836,Light,0.4585,0
2026-10-04 13:15:00,중간부하,119,0,67.28,144.956,Light,0.4585,0
2026-10-04 13:30:00,중간부하,119,0,61.742,199.78,Light,0.4585,0
2026-10-04 13:45:00,중간부하,119,0,62.418,140.356,Light,0.4585,0
2026-10-04 14:00:00,중간부하,119,0,59.25,141.076,Light,0.4585,0
2026-10-04 14:15:00,중간부하,119,0,59.904,141.112,Light,0.4585,0
2026-10-04 14:30:00,중간부하,119,0,59.657,144.98,Light,0.4585,0
2026-10-04 14:45:00,중간부하,119,0,58.42,139.196,Light,0.4585,0
2026-10-04 15:00:00,중간부하,119,0,57.632,146.972,Light,0.4585,0
2026-10-04 15:15:00,중간부하,119,0,57.97,134.44,Light,0.4585,0
2026-10-04 15:30:00,중간부하,119,0,57.804,147.152,Light,0.4585,0
2026-10-04 15:45:00,중간부하,119,0,57.182,145.592,Light,0.4585,0
2026-10-04 16:00:00,중간부하,119,0,57.992,152.372,Light,0.4585,0
2026-10-04 16:15:00,중간부하,119,0,52.412,135.488,Light,0.4585,0
2026-10-04 16:30:00,중간부하,119,0,47.272,140.6,Light,0.4585,0
2026-10-04 16:45:00,중간부하,119,0,25.923,37.736,Light,0.4585,0
2026-10-04 17:00:00,최대부하,187,1,20.468,20.32,Light,0.4585,0
2026-10-04 17:15:00,최대부하,187,1,20.326,19.856,Light,0.4585,0
2026-10-04 17:30:00,최대부하,187,1,19.438,19.988,Light,0.4585,0
2026-10-04 17:45:00,최대부하,187,1,18.378,19.836,Light,0.4585,0
2026-10-04 18:00:00,최대부하,187,1,18.608,18.884,Light,0.4585,0
2026-10-04 18:15:00,최대부하,187,1,18.747,18.8,Light,0.4585,0
2026-10-04 18:30:00,최대부하,187,1,19.018,19.72,Light,0.4585,0
2026-10-04 18:45:00,최대부하,187,1,19.511,19.864,Light,0.4585,0
2026-10-04 19:00:00,최대부하,187,1,19.579,19.764,Light,0.4585,0
2026-10-04 19:15:00,최대부하,187,1,19.396,19.476,Light,0.4585,0
2026-10-04 19:30:00,최대부하,187,1,19.217,19.144,Light,0.4585,0
2026-10-04 19:45:00,최대부하,187,1,19.61,19.944,Light,0.4585,0
2026-10-04 20:00:00,중간부하,119,0,19.327,17.84,Light,0.4585,0
2026-10-04 20:15:00,중간부하,119,0,19.314,18.988,Light,0.4585,0
2026-10-04 20:30:00,중간부하,119,0,19.325,18.916,Light,0.4585,0
2026-10-04 20:45:00,중간부하,119,0,16.784,19.556,Light,0.4585,0
2026-10-04 21:00:00,중간부하,119,0,16.109,17.048,Light,0.4585,0
2026-10-04 21:15:00,중간부하,119,0,15.985,18.396,Light,0.4585,0
2026-10-04 21:30:00,중간부하,119,0,15.941,18.424,Light,0.4585,0
2026-10-04 21:45:00,중간부하,119,0,15.938,18.18,Light,0.4585,0
2026-10-04 22:00:00,경부하,76,0,15.539,16.928,Light,0.4585,0
2026-10-04 22:15:00,경부하,76,0,13.565,16.12,Light,0.4585,0
2026-10-04 22:30:00,경부하,76,0,12.806,16.252,Light,0.4585,0
2026-10-04 22:45:00,경부하,76,0,13.003,16.0,Light,0.4585,0
2026-10-04 23:00:00,경부하,76,0,12.68,15.94,Light,0.4585,0
2026-10-04 23:15:00,경부하,76,0,12.646,16.0,Light,0.4585,0
2026-10-04 23:30:00,경부하,76,0,12.673,16.704,Light,0.4585,0
2026-10-04 23:45:00,경부하,76,0,12.833,17.38,Light,0.4585,0
2026-10-05 00:00:00,경부하,90,0,12.85,15.752,Light,0.4585,0
2026-10-05 00:15:00,경부하,90,0,12.956,15.912,Light,0.4585,0
2026-10-05 00:30:00,경부하,90,0,13.035,16.84,Light,0.4585,0
2026-10-05 00:45:00,경부하,90,0,13.085,15.968,Light,0.4585,0
2026-10-05 01:00:00,경부하,90,0,12.997,16.688,Light,0.4585,0
2026-10-05 01:15:00,경부하,90,0,12.794,15.56,Light,0.4585,0
2026-10-05 01:30:00,경부하,90,0,13.008,16.224,Light,0.4585,0
2026-10-05 01:45:00,경부하,90,0,12.882,15.56,Light,0.4585,0
2026-10-05 02:00:00,경부하,90,0,12.63,15.528,Light,0.4585,0
2026-10-05 02:15:00,경부하,90,0,12.98,15.4,Light,0.4585,0
2026-10-05 02:30:00,경부하,90,0,13.34,17.664,Light,0.4585,0
2026-10-05 02:45:00,경부하,90,0,12.99,15.936,Light,0.4585,0
2026-10-05 03:00:00,경부하,90,0,12.848,15.376,Light,0.4585,0
2026-10-05 03:15:00,경부하,90,0,12.751,15.504,Light,0.4585,0
2026-10-05 03:30:00,경부하,90,0,12.724,15.6,Light,0.4585,0
2026-10-05 03:45:00,경부하,90,0,12.756,15.504,Light,0.4585,0
2026-10-05 04:00:00,경부하,90,0,12.845,15.312,Light,0.4585,0
2026-10-05 04:15:00,경부하,90,0,12.782,15.216,Light,0.4585,0
2026-10-05 04:30:00,경부하,90,0,12.925,16.376,Light,0.4585,0
2026-10-05 04:45:00,경부하,90,0,12.878,16.824,Light,0.4585,0
2026-10-05 05:00:00,경부하,90,0,12.779,15.656,Light,0.4585,0
2026-10-05 05:15:00,경부하,90,0,12.618,15.728,Light,0.4585,0
2026-10-05 05:30:00,경부하,90,0,12.798,16.896,Light,0.4585,0
2026-10-05 05:45:00,경부하,90,0,12.466,15.248,Light,0.4585,0
2026-10-05 06:00:00,경부하,90,0,12.367,15.248,Light,0.4585,0
2026-10-05 06:15:00,경부하,90,0,12.623,15.528,Light,0.4585,0
2026-10-05 06:30:00,경부하,90,0,12.895,16.064,Light,0.4585,0
2026-10-05 06:45:00,경부하,90,0,12.731,15.28,Light,0.4585,0
2026-10-05 07:00:00,경부하,90,0,13.008,16.528,Light,0.4585,0
2026-10-05 07:15:00,경부하,90,0,15.638,21.056,Light,0.4585,0
2026-10-05 07:30:00,경부하,90,0,17.853,24.48,Light,0.4585,0
2026-10-05 07:45:00,경부하,90,0,20.112,29.024,Light,0.4585,0
2026-10-05 08:00:00,중간부하,140,0,114.752,179.248,Light,0.4585,0
2026-10-05 08:15:00,중간부하,140,0,251.374,368.576,Light,0.4585,0
2026-10-05 08:30:00,중간부하,140,0,265.695,384.232,Light,0.4585,0
2026-10-05 08:45:00,중간부하,140,0,276.251,445.768,Light,0.4585,0
2026-10-05 09:00:00,중간부하,140,0,280.412,429.496,Medium,0.4585,0
2026-10-05 09:15:00,중간부하,140,0,266.788,387.696,Medium,0.4585,0
2026-10-05 09:30:00,중간부하,140,0,285.483,443.312,Medium,0.4585,0
2026-10-05 09:45:00,중간부하,140,0,277.985,433.776,Medium,0.4585,0
2026-10-05 10:00:00,최대부하,220,1,259.021,397.704,Maximum,0.4585,0
2026-10-05 10:15:00,최대부하,220,1,269.785,427.552,Maximum,0.4585,0
2026-10-05 10:30:00,최대부하,220,1,263.931,400.968,Maximum,0.4585,0
2026-10-05 10:45:00,최대부하,220,1,271.781,400.768,Maximum,0.4585,0
2026-10-05 11:00:00,최대부하,220,1,284.783,424.912,Maximum,0.4585,0
2026-10-05 11:15:00,최대부하,220,1,271.371,416.896,Maximum,0.4585,0
2026-10-05 11:30:00,최대부하,220,1,278.232,439.736,Maximum,0.4585,0
2026-10-05 11:45:00,최대부하,220,1,252.95,411.216,Maximum,0.4585,0
2026-10-05 12:00:00,중간부하,140,0,43.005,82.472,Medium,0.4585,0
2026-10-05 12:15:00,중간부하,140,0,28.669,37.656,Medium,0.4585,0
2026-10-05 12:30:00,중간부하,140,0,27.18,35.536,Medium,0.4585,0
2026-10-05 12:45:00,중간부하,140,0,27.192,35.096,Medium,0.4585,0
2026-10-05 13:00:00,중간부하,140,0,189.26,288.872,Maximum,0.4585,0
2026-10-05 13:15:00,중간부하,140,0,278.242,394.256,Maximum,0.4585,0
2026-10-05 13:30:00,중간부하,140,0,289.083,465.344,Maximum,0.4585,0
2026-10-05 13:45:00,중간부하,140,0,283.115,449.872,Maximum,0.4585,0
2026-10-05 14:00:00,중간부하,140,0,280.602,436.224,Maximum,0.4585,0
2026-10-05 14:15:00,중간부하,140,0,281.37,435.12,Maximum,0.4585,0
2026-10-05 14:30:00,중간부하,140,0,269.744,421.448,Maximum,0.4585,0
2026-10-05 14:45:00,중간부하,140,0,265.072,416.768,Maximum,0.4585,0
2026-10-05 15:00:00,중간부하,140,0,267.761,444.312,Maximum,0.4585,0
2026-10-05 15:15:00,중간부하,140,0,261.191,404.392,Maximum,0.4585,0
2026-10-05 15:30:00,중간부하,140,0,274.968,429.376,Maximum,0.4585,0
2026-10-05 15:45:00,중간부하,140,0,276.381,434.32,Maximum,0.4585,0
2026-10-05 16:00:00,중간부하,140,0,265.951,398.448,Maximum,0.4585,0
2026-10-05 16:15:00,중간부하,140,0,262.306,408.112,Maximum,0.4585,0
2026-10-05 16:30:00,중간부하,140,0,274.065,428.848,Maximum,0.4585,0
2026-10-05 16:45:00,중간부하,140,0,275.57,428.656,Maximum,0.4585,0
2026-10-05 17:00:00,최대부하,220,1,256.761,380.088,Medium,0.4585,0
2026-10-05 17:15:00,최대부하,220,1,251.72,403.76,Medium,0.4585,0
2026-10-05 17:30:00,최대부하,220,1,144.286,200.144,Medium,0.4585,0
2026-10-05 17:45:00,최대부하,220,1,128.107,141.456,Medium,0.4585,0
2026-10-05 18:00:00,최대부하,220,1,165.557,276.392,Medium,0.4585,0
2026-10-05 18:15:00,최대부하,220,1,207.442,349.68,Medium,0.4585,0
2026-10-05 18:30:00,최대부하,220,1,218.337,419.792,Medium,0.4585,0
2026-10-05 18:45:00,최대부하,220,1,210.851,390.24,Medium,0.4585,0
2026-10-05 19:00:00,최대부하,220,1,209.525,389.232,Medium,0.4585,0
2026-10-05 19:15:00,최대부하,220,1,221.882,383.76,Medium,0.4585,0
2026-10-05 19:30:00,최대부하,220,1,222.524,415.96,Medium,0.4585,0
2026-10-05 19:45:00,최대부하,220,1,220.453,423.48,Medium,0.4585,0
2026-10-05 20:00:00,중간부하,140,0,223.052,398.664,Medium,0.4585,0
2026-10-05 20:15:00,중간부하,140,0,214.365,409.208,Medium,0.4585,0
2026-10-05 20:30:00,중간부하,140,0,191.101,370.336,Medium,0.4585,0
2026-10-05 20:45:00,중간부하,140,0,132.022,329.04,Medium,0.4585,0
2026-10-05 21:00:00,중간부하,140,0,57.185,154.112,Medium,0.4585,0
2026-10-05 21:15:00,중간부하,140,0,44.256,140.592,Medium,0.4585,0
2026-10-05 21:30:00,중간부하,140,0,44.252,140.624,Medium,0.4585,0
2026-10-05 21:45:00,중간부하,140,0,44.954,155.176,Medium,0.4585,0
2026-10-05 22:00:00,경부하,90,0,48.264,144.232,Medium,0.4585,0
2026-10-05 22:15:00,경부하,90,0,38.911,107.328,Medium,0.4585,0
2026-10-05 22:30:00,경부하,90,0,36.838,29.76,Medium,0.4585,0
2026-10-05 22:45:00,경부하,90,0,34.514,26.272,Medium,0.4585,0
2026-10-05 23:00:00,경부하,90,0,34.921,26.336,Light,0.4585,0
2026-10-05 23:15:00,경부하,90,0,36.772,26.24,Light,0.4585,0
2026-10-05 23:30:00,경부하,90,0,34.484,26.248,Light,0.4585,0
2026-10-05 23:45:00,경부하,90,0,36.675,26.112,Light,0.4585,0
2026-10-06 00:00:00,경부하,90,0,36.114,26.424,Light,0.4585,0
2026-10-06 00:15:00,경부하,90,0,39.337,26.692,Light,0.4585,0
2026-10-06 00:30:00,경부하,90,0,37.004,26.516,Light,0.4585,0
2026-10-06 00:45:00,경부하,90,0,41.599,26.66,Light,0.4585,0
2026-10-06 01:00:00,경부하,90,0,35.127,26.516,Light,0.4585,0
2026-10-06 01:15:00,경부하,90,0,24.466,23.704,Light,0.4585,0
2026-10-06 01:30:00,경부하,90,0,17.961,24.976,Light,0.4585,0
2026-10-06 01:45:00,경부하,90,0,17.045,23.032,Light,0.4585,0
2026-10-06 02:00:00,경부하,90,0,17.12,22.888,Light,0.4585,0
2026-10-06 02:15:00,경부하,90,0,17.022,22.932,Light,0.4585,0
2026-10-06 02:30:00,경부하,90,0,16.892,19.412,Light,0.4585,0
2026-10-06 02:45:00,경부하,90,0,16.721,19.0,Light,0.4585,0
2026-10-06 03:00:00,경부하,90,0,16.683,18.864,Light,0.4585,0
2026-10-06 03:15:00,경부하,90,0,16.655,18.848,Light,0.4585,0
2026-10-06 03:30:00,경부하,90,0,16.456,19.224,Light,0.4585,0
2026-10-06 03:45:00,경부하,90,0,16.764,18.988,Light,0.4585,0
2026-10-06 04:00:00,경부하,90,0,16.588,18.72,Light,0.4585,0
2026-10-06 04:15:00,경부하,90,0,16.348,18.532,Light,0.4585,0
2026-10-06 04:30:00,경부하,90,0,16.541,18.46,Light,0.4585,0
2026-10-06 04:45:00,경부하,90,0,16.217,18.532,Light,0.4585,0
2026-10-06 05:00:00,경부하,90,0,16.445,18.704,Light,0.4585,0
2026-10-06 05:15:00,경부하,90,0,16.532,18.692,Light,0.4585,0
2026-10-06 05:30:00,경부하,90,0,16.422,18.44,Light,0.4585,0
2026-10-06 05:45:00,경부하,90,0,16.698,18.704,Light,0.4585,0
2026-10-06 06:00:00,경부하,90,0,16.323,18.692,Light,0.4585,0
2026-10-06 06:15:00,경부하,90,0,16.122,18.704,Light,0.4585,0
2026-10-06 06:30:00,경부하,90,0,16.009,18.448,Light,0.4585,0
2026-10-06 06:45:00,경부하,90,0,15.721,18.196,Light,0.4585,0
2026-10-06 07:00:00,경부하,90,0,16.168,18.072,Light,0.4585,0
2026-10-06 07:15:00,경부하,90,0,18.227,21.836,Light,0.4585,0
2026-10-06 07:30:00,경부하,90,0,21.363,28.448,Light,0.4585,0
2026-10-06 07:45:00,경부하,90,0,29.263,38.492,Light,0.4585,0
2026-10-06 08:00:00,중간부하,140,0,151.495,231.048,Light,0.4585,0
2026-10-06 08:15:00,중간부하,140,0,243.643,374.564,Light,0.4585,0
2026-10-06 08:30:00,중간부하,140,0,265.412,407.304,Light,0.4585,0
2026-10-06 08:45:00,중간부하,140,0,290.912,482.192,Light,0.4585,0
2026-10-06 09:00:00,중간부하,140,0,279.681,416.06,Medium,0.4585,0
2026-10-06 09:15:00,중간부하,140,0,283.746,410.688,Medium,0.4585,0
2026-10-06 09:30:00,중간부하,140,0,279.415,459.908,Medium,0.4585,0
2026-10-06 09:45:00,중간부하,140,0,272.546,424.888,Medium,0.4585,0
2026-10-06 10:00:00,최대부하,220,1,265.441,425.464,Maximum,0.4585,0
2026-10-06 10:15:00,최대부하,220,1,261.782,408.6,Maximum,0.4585,0
2026-10-06 10:30:00,최대부하,220,1,275.664,459.46,Maximum,0.4585,0
2026-10-06 10:45:00,최대부하,220,1,266.892,420.748,Maximum,0.4585,0
2026-10-06 11:00:00,최대부하,220,1,287.107,437.96,Maximum,0.4585,0
2026-10-06 11:15:00,최대부하,220,1,284.135,425.284,Maximum,0.4585,0
2026-10-06 11:30:00,최대부하,220,1,276.332,453.52,Maximum,0.4585,0
2026-10-06 11:45:00,최대부하,220,1,273.556,434.052,Maximum,0.4585,0
2026-10-06 12:00:00,중간부하,140,0,46.767,83.584,Medium,0.4585,0
2026-10-06 12:15:00,중간부하,140,0,27.72,37.088,Medium,0.4585,0
2026-10-06 12:30:00,중간부하,140,0,26.774,35.048,Medium,0.4585,0
2026-10-06 12:45:00,중간부하,140,0,27.928,38.356,Medium,0.4585,0
2026-10-06 13:00:00,중간부하,140,0,182.489,288.128,Maximum,0.4585,0
2026-10-06 13:15:00,중간부하,140,0,285.736,460.64,Maximum,0.4585,0
2026-10-06 13:30:00,중간부하,140,0,286.145,434.324,Maximum,0.4585,0
2026-10-06 13:45:00,중간부하,140,0,279.957,433.388,Maximum,0.4585,0
2026-10-06 14:00:00,중간부하,140,0,264.714,408.772,Maximum,0.4585,0
2026-10-06 14:15:00,중간부하,140,0,274.39,419.344,Maximum,0.4585,0
2026-10-06 14:30:00,중간부하,140,0,268.019,437.932,Maximum,0.4585,0
2026-10-06 14:45:00,중간부하,140,0,270.076,401.164,Maximum,0.4585,0
2026-10-06 15:00:00,중간부하,140,0,262.217,377.912,Maximum,0.4585,0
2026-10-06 15:15:00,중간부하,140,0,268.865,405.596,Maximum,0.4585,0
2026-10-06 15:30:00,중간부하,140,0,285.578,434.944,Maximum,0.4585,0
2026-10-06 15:45:00,중간부하,140,0,277.58,426.276,Maximum,0.4585,0
2026-10-06 16:00:00,중간부하,140,0,278.23,439.54,Maximum,0.4585,0
2026-10-06 16:15:00,중간부하,140,0,276.398,418.096,Maximum,0.4585,0
2026-10-06 16:30:00,중간부하,140,0,285.036,419.848,Maximum,0.4585,0
2026-10-06 16:45:00,중간부하,140,0,281.371,417.4,Maximum,0.4585,0
2026-10-06 17:00:00,최대부하,220,1,269.065,432.936,Medium,0.4585,0
2026-10-06 17:15:00,최대부하,220,1,257.127,406.34,Medium,0.4585,0
2026-10-06 17:30:00,최대부하,220,1,158.167,248.488,Medium,0.4585,0
2026-10-06 17:45:00,최대부하,220,1,133.933,224.948,Medium,0.4585,0
2026-10-06 18:00:00,최대부하,220,1,173.995,283.212,Medium,0.4585,0
2026-10-06 18:15:00,최대부하,220,1,228.677,397.672,Medium,0.4585,0
2026-10-06 18:30:00,최대부하,220,1,221.255,353.636,Medium,0.4585,0
2026-10-06 18:45:00,최대부하,220,1,225.055,427.664,Medium,0.4585,0
2026-10-06 19:00:00,최대부하,220,1,215.646,382.572,Medium,0.4585,0
2026-10-06 19:15:00,최대부하,220,1,224.292,416.68,Medium,0.4585,0
2026-10-06 19:30:00,최대부하,220,1,224.765,379.208,Medium,0.4585,0
2026-10-06 19:45:00,최대부하,220,1,220.343,397.388,Medium,0.4585,0
2026-10-06 20:00:00,중간부하,140,0,217.295,379.424,Medium,0.4585,0
2026-10-06 20:15:00,중간부하,140,0,232.438,402.76,Medium,0.4585,0
2026-10-06 20:30:00,중간부하,140,0,202.0,374.812,Medium,0.4585,0
2026-10-06 20:45:00,중간부하,140,0,123.442,253.252,Medium,0.4585,0
2026-10-06 21:00:00,중간부하,140,0,54.756,131.588,Medium,0.4585,0
2026-10-06 21:15:00,중간부하,140,0,47.072,124.1,Medium,0.4585,0
2026-10-06 21:30:00,중간부하,140,0,44.078,128.088,Medium,0.4585,0
2026-10-06 21:45:00,중간부하,140,0,40.455,147.628,Medium,0.4585,0
2026-10-06 22:00:00,경부하,90,0,40.695,140.04,Medium,0.4585,0
2026-10-06 22:15:00,경부하,90,0,44.449,132.248,Medium,0.4585,0
2026-10-06 22:30:00,경부하,90,0,41.861,146.484,Medium,0.4585,0
2026-10-06 22:45:00,경부하,90,0,41.546,144.088,Medium,0.4585,0
2026-10-06 23:00:00,경부하,90,0,42.38,129.088,Light,0.4585,0
2026-10-06 23:15:00,경부하,90,0,40.47,122.832,Light,0.4585,0
2026-10-06 23:30:00,경부하,90,0,38.335,125.552,Light,0.4585,0
2026-10-06 23:45:00,경부하,90,0,38.911,122.86,Light,0.4585,0
2026-10-07 00:00:00,경부하,90,0,37.418,123.308,Light,0.4585,0
2026-10-07 00:15:00,경부하,90,0,40.035,126.352,Light,0.4585,0
2026-10-07 00:30:00,경부하,90,0,40.663,114.94,Light,0.4585,0
2026-10-07 00:45:00,경부하,90,0,40.911,106.408,Light,0.4585,0
2026-10-07 01:00:00,경부하,90,0,33.475,93.112,Light,0.4585,0
2026-10-07 01:15:00,경부하,90,0,22.947,23.416,Light,0.4585,0
2026-10-07 01:30:00,경부하,90,0,19.222,23.76,Light,0.4585,0
2026-10-07 01:45:00,경부하,90,0,18.318,22.472,Light,0.4585,0
2026-10-07 02:00:00,경부하,90,0,18.12,20.908,Light,0.4585,0
2026-10-07 02:15:00,경부하,90,0,18.145,20.996,Light,0.4585,0
2026-10-07 02:30:00,경부하,90,0,18.082,20.384,Light,0.4585,0
2026-10-07 02:45:00,경부하,90,0,17.741,20.456,Light,0.4585,0
2026-10-07 03:00:00,경부하,90,0,18.025,20.68,Light,0.4585,0
2026-10-07 03:15:00,경부하,90,0,18.775,20.412,Light,0.4585,0
2026-10-07 03:30:00,경부하,90,0,18.358,20.268,Light,0.4585,0
2026-10-07 03:45:00,경부하,90,0,17.994,18.72,Light,0.4585,0
2026-10-07 04:00:00,경부하,90,0,18.013,18.88,Light,0.4585,0
2026-10-07 04:15:00,경부하,90,0,17.742,18.548,Light,0.4585,0
2026-10-07 04:30:00,경부하,90,0,17.35,19.208,Light,0.4585,0
2026-10-07 04:45:00,경부하,90,0,17.128,19.368,Light,0.4585,0
2026-10-07 05:00:00,경부하,90,0,17.232,18.72,Light,0.4585,0
2026-10-07 05:15:00,경부하,90,0,17.455,18.28,Light,0.4585,0
2026-10-07 05:30:00,경부하,90,0,17.556,18.28,Light,0.4585,0
2026-10-07 05:45:00,경부하,90,0,17.41,18.268,Light,0.4585,0
2026-10-07 06:00:00,경부하,90,0,17.809,18.548,Light,0.4585,0
2026-10-07 06:15:00,경부하,90,0,17.996,18.424,Light,0.4585,0
2026-10-07 06:30:00,경부하,90,0,17.65,18.368,Light,0.4585,0
2026-10-07 06:45:00,경부하,90,0,17.578,17.352,Light,0.4585,0
2026-10-07 07:00:00,경부하,90,0,17.262,17.812,Light,0.4585,0
2026-10-07 07:15:00,경부하,90,0,19.424,21.764,Light,0.4585,0
2026-10-07 07:30:00,경부하,90,0,24.39,31.48,Light,0.4585,0
2026-10-07 07:45:00,경부하,90,0,31.34,54.916,Light,0.4585,0
2026-10-07 08:00:00,중간부하,140,0,159.069,226.16,Light,0.4585,0
2026-10-07 08:15:00,중간부하,140,0,269.942,412.768,Light,0.4585,0
2026-10-07 08:30:00,중간부하,140,0,284.293,428.796,Light,0.4585,0
2026-10-07 08:45:00,중간부하,140,0,276.33,441.604,Light,0.4585,0
2026-10-07 09:00:00,중간부하,140,0,279.042,438.028,Medium,0.4585,0
2026-10-07 09:15:00,중간부하,140,0,286.857,443.7,Medium,0.4585,0
2026-10-07 09:30:00,중간부하,140,0,272.74,436.552,Medium,0.4585,0
2026-10-07 09:45:00,중간부하,140,0,269.892,434.636,Medium,0.4585,0
2026-10-07 10:00:00,최대부하,220,1,256.118,376.832,Maximum,0.4585,0
2026-10-07 10:15:00,최대부하,220,1,267.085,450.2,Maximum,0.4585,0
2026-10-07 10:30:00,최대부하,220,1,265.439,407.8,Maximum,0.4585,0
2026-10-07 10:45:00,최대부하,220,1,295.369,447.328,Maximum,0.4585,0
2026-10-07 11:00:00,최대부하,220,1,291.302,439.468,Maximum,0.4585,0
2026-10-07 11:15:00,최대부하,220,1,284.038,446.508,Maximum,0.4585,0
2026-10-07 11:30:00,최대부하,220,1,266.75,394.544,Maximum,0.4585,0
2026-10-07 11:45:00,최대부하,220,1,244.678,412.244,Maximum,0.4585,0
2026-10-07 12:00:00,중간부하,140,0,40.369,79.632,Medium,0.4585,0
2026-10-07 12:15:00,중간부하,140,0,27.647,34.036,Medium,0.4585,0
2026-10-07 12:30:00,중간부하,140,0,28.149,36.224,Medium,0.4585,0
2026-10-07 12:45:00,중간부하,140,0,29.332,36.208,Medium,0.4585,0
2026-10-07 13:00:00,중간부하,140,0,171.38,265.68,Maximum,0.4585,0
2026-10-07 13:15:00,중간부하,140,0,266.295,429.796,Maximum,0.4585,0
2026-10-07 13:30:00,중간부하,140,0,258.91,392.788,Maximum,0.4585,0
2026-10-07 13:45:00,중간부하,140,0,279.498,438.048,Maximum,0.4585,0
2026-10-07 14:00:00,중간부하,140,0,285.861,447.572,Maximum,0.4585,0
2026-10-07 14:15:00,중간부하,140,0,272.125,477.72,Maximum,0.4585,0
2026-10-07 14:30:00,중간부하,140,0,272.985,434.376,Maximum,0.4585,0
2026-10-07 14:45:00,중간부하,140,0,279.835,441.488,Maximum,0.4585,0
2026-10-07 15:00:00,중간부하,140,0,270.658,465.156,Maximum,0.4585,0
2026-10-07 15:15:00,중간부하,140,0,269.159,445.508,Maximum,0.4585,0
2026-10-07 15:30:00,중간부하,140,0,271.022,412.792,Maximum,0.4585,0
2026-10-07 15:45:00,중간부하,140,0,271.092,452.548,Maximum,0.4585,0
2026-10-07 16:00:00,중간부하,140,0,264.628,402.856,Maximum,0.4585,0
2026-10-07 16:15:00,중간부하,140,0,280.148,447.256,Maximum,0.4585,0
2026-10-07 16:30:00,중간부하,140,0,287.726,474.104,Maximum,0.4585,0
2026-10-07 16:45:00,중간부하,140,0,269.837,435.672,Maximum,0.4585,0
2026-10-07 17:00:00,최대부하,220,1,269.621,476.012,Medium,0.4585,0
2026-10-07 17:15:00,최대부하,220,1,251.815,432.088,Medium,0.4585,0
2026-10-07 17:30:00,최대부하,220,1,173.331,301.58,Medium,0.4585,0
2026-10-07 17:45:00,최대부하,220,1,135.333,210.152,Medium,0.4585,0
2026-10-07 18:00:00,최대부하,220,1,124.455,234.872,Medium,0.4585,0
2026-10-07 18:15:00,최대부하,220,1,154.137,369.252,Medium,0.4585,0
2026-10-07 18:30:00,최대부하,220,1,151.595,339.156,Medium,0.4585,0
2026-10-07 18:45:00,최대부하,220,1,158.055,385.588,Medium,0.4585,0
2026-10-07 19:00:00,최대부하,220,1,152.064,336.472,Medium,0.4585,0
2026-10-07 19:15:00,최대부하,220,1,150.662,326.476,Medium,0.4585,0
2026-10-07 19:30:00,최대부하,220,1,147.891,370.268,Medium,0.4585,0
2026-10-07 19:45:00,최대부하,220,1,153.55,370.348,Medium,0.4585,0
2026-10-07 20:00:00,중간부하,140,0,159.595,381.004,Medium,0.4585,0
2026-10-07 20:15:00,중간부하,140,0,154.218,371.836,Medium,0.4585,0
2026-10-07 20:30:00,중간부하,140,0,133.906,344.396,Medium,0.4585,0
2026-10-07 20:45:00,중간부하,140,0,90.133,226.556,Medium,0.4585,0
2026-10-07 21:00:00,중간부하,140,0,54.913,149.236,Medium,0.4585,0
2026-10-07 21:15:00,중간부하,140,0,49.363,159.192,Medium,0.4585,0
2026-10-07 21:30:00,중간부하,140,0,48.443,148.696,Medium,0.4585,0
2026-10-07 21:45:00,중간부하,140,0,39.593,135.172,Medium,0.4585,0
2026-10-07 22:00:00,경부하,90,0,34.38,41.456,Medium,0.4585,0
2026-10-07 22:15:00,경부하,90,0,32.804,21.744,Medium,0.4585,0
2026-10-07 22:30:00,경부하,90,0,31.518,21.584,Medium,0.4585,0
2026-10-07 22:45:00,경부하,90,0,34.164,21.428,Medium,0.4585,0
2026-10-07 23:00:00,경부하,90,0,33.887,21.292,Light,0.4585,0
2026-10-07 23:15:00,경부하,90,0,34.529,20.9,Light,0.4585,0
2026-10-07 23:30:00,경부하,90,0,33.838,20.932,Light,0.4585,0
2026-10-07 23:45:00,경부하,90,0,30.667,20.944,Light,0.4585,0
2026-10-08 00:00:00,경부하,90,0,33.367,20.692,Light,0.4585,0
2026-10-08 00:15:00,경부하,90,0,33.265,21.104,Light,0.4585,0
2026-10-08 00:30:00,경부하,90,0,31.42,20.692,Light,0.4585,0
2026-10-08 00:45:00,경부하,90,0,34.583,19.132,Light,0.4585,0
2026-10-08 01:00:00,경부하,90,0,30.894,18.44,Light,0.4585,0
2026-10-08 01:15:00,경부하,90,0,20.935,18.44,Light,0.4585,0
2026-10-08 01:30:00,경부하,90,0,18.714,18.72,Light,0.4585,0
2026-10-08 01:45:00,경부하,90,0,19.015,21.168,Light,0.4585,0
2026-10-08 02:00:00,경부하,90,0,19.253,19.412,Light,0.4585,0
2026-10-08 02:15:00,경부하,90,0,19.285,20.504,Light,0.4585,0
2026-10-08 02:30:00,경부하,90,0,18.778,20.044,Light,0.4585,0
2026-10-08 02:45:00,경부하,90,0,18.864,22.148,Light,0.4585,0
2026-10-08 03:00:00,경부하,90,0,19.052,20.412,Light,0.4585,0
2026-10-08 03:15:00,경부하,90,0,18.583,18.424,Light,0.4585,0
2026-10-08 03:30:00,경부하,90,0,18.577,18.424,Light,0.4585,0
2026-10-08 03:45:00,경부하,90,0,19.012,19.872,Light,0.4585,0
2026-10-08 04:00:00,경부하,90,0,19.283,20.492,Light,0.4585,0
2026-10-08 04:15:00,경부하,90,0,19.173,18.424,Light,0.4585,0
2026-10-08 04:30:00,경부하,90,0,18.645,18.548,Light,0.4585,0
2026-10-08 04:45:00,경부하,90,0,18.767,18.016,Light,0.4585,0
2026-10-08 05:00:00,경부하,90,0,18.808,17.548,Light,0.4585,0
2026-10-08 05:15:00,경부하,90,0,18.412,17.704,Light,0.4585,0
2026-10-08 05:30:00,경부하,90,0,18.757,17.84,Light,0.4585,0
2026-10-08 05:45:00,경부하,90,0,19.035,17.224,Light,0.4585,0
2026-10-08 06:00:00,경부하,90,0,18.143,16.724,Light,0.4585,0
2026-10-08 06:15:00,경부하,90,0,18.978,18.268,Light,0.4585,0
2026-10-08 06:30:00,경부하,90,0,18.828,17.692,Light,0.4585,0
2026-10-08 06:45:00,경부하,90,0,18.335,18.236,Light,0.4585,0
2026-10-08 07:00:00,경부하,90,0,18.24,18.1,Light,0.4585,0
2026-10-08 07:15:00,경부하,90,0,20.425,19.568,Light,0.4585,0
2026-10-08 07:30:00,경부하,90,0,23.757,28.64,Light,0.4585,0
2026-10-08 07:45:00,경부하,90,0,27.183,32.5,Light,0.4585,0
2026-10-08 08:00:00,중간부하,140,0,191.397,312.552,Light,0.4585,0
2026-10-08 08:15:00,중간부하,140,0,305.288,471.716,Light,0.4585,0
2026-10-08 08:30:00,중간부하,140,0,307.401,469.268,Light,0.4585,0
2026-10-08 08:45:00,중간부하,140,0,323.661,497.944,Light,0.4585,0
2026-10-08 09:00:00,중간부하,140,0,308.033,471.728,Medium,0.4585,0
2026-10-08 09:15:00,중간부하,140,0,300.822,481.824,Medium,0.4585,0
2026-10-08 09:30:00,중간부하,140,0,298.718,452.528,Medium,0.4585,0
2026-10-08 09:45:00,중간부하,140,0,292.326,469.404,Medium,0.4585,0
2026-10-08 10:00:00,최대부하,220,1,302.987,491.744,Maximum,0.4585,0
2026-10-08 10:15:00,최대부하,220,1,289.321,439.424,Maximum,0.4585,0
2026-10-08 10:30:00,최대부하,220,1,294.67,462.212,Maximum,0.4585,0
2026-10-08 10:45:00,최대부하,220,1,280.6,417.008,Maximum,0.4585,0
2026-10-08 11:00:00,최대부하,220,1,285.437,450.272,Maximum,0.4585,0
2026-10-08 11:15:00,최대부하,220,1,285.953,458.18,Maximum,0.4585,0
2026-10-08 11:30:00,최대부하,220,1,286.922,450.296,Maximum,0.4585,0
2026-10-08 11:45:00,최대부하,220,1,276.387,450.504,Maximum,0.4585,0
2026-10-08 12:00:00,중간부하,140,0,49.101,87.536,Medium,0.4585,0
2026-10-08 12:15:00,중간부하,140,0,28.675,41.14,Medium,0.4585,0
2026-10-08 12:30:00,중간부하,140,0,30.302,40.78,Medium,0.4585,0
2026-10-08 12:45:00,중간부하,140,0,33.602,68.672,Medium,0.4585,0
2026-10-08 13:00:00,중간부하,140,0,187.318,314.524,Maximum,0.4585,0
2026-10-08 13:15:00,중간부하,140,0,272.024,437.96,Maximum,0.4585,0
2026-10-08 13:30:00,중간부하,140,0,272.189,481.076,Maximum,0.4585,0
2026-10-08 13:45:00,중간부하,140,0,266.752,426.356,Maximum,0.4585,0
2026-10-08 14:00:00,중간부하,140,0,264.631,436.104,Maximum,0.4585,0
2026-10-08 14:15:00,중간부하,140,0,265.352,435.32,Maximum,0.4585,0
2026-10-08 14:30:00,중간부하,140,0,265.271,427.024,Maximum,0.4585,0
2026-10-08 14:45:00,중간부하,140,0,270.798,443.78,Maximum,0.4585,0
2026-10-08 15:00:00,중간부하,140,0,260.983,420.084,Maximum,0.4585,0
2026-10-08 15:15:00,중간부하,140,0,261.572,406.8,Maximum,0.4585,0
2026-10-08 15:30:00,중간부하,140,0,281.624,454.304,Maximum,0.4585,0
2026-10-08 15:45:00,중간부하,140,0,262.866,401.816,Maximum,0.4585,0
2026-10-08 16:00:00,중간부하,140,0,277.955,443.332,Maximum,0.4585,0
2026-10-08 16:15:00,중간부하,140,0,271.536,398.32,Maximum,0.4585,0
2026-10-08 16:30:00,중간부하,140,0,264.813,409.68,Maximum,0.4585,0
2026-10-08 16:45:00,중간부하,140,0,251.23,390.204,Maximum,0.4585,0
2026-10-08 17:00:00,최대부하,220,1,270.641,441.064,Medium,0.4585,0
2026-10-08 17:15:00,최대부하,220,1,243.981,394.12,Medium,0.4585,0
2026-10-08 17:30:00,최대부하,220,1,137.975,200.288,Medium,0.4585,0
2026-10-08 17:45:00,최대부하,220,1,130.982,173.52,Medium,0.4585,0
2026-10-08 18:00:00,최대부하,220,1,180.622,272.608,Medium,0.4585,0
2026-10-08 18:15:00,최대부하,220,1,228.064,412.568,Medium,0.4585,0
2026-10-08 18:30:00,최대부하,220,1,216.218,337.248,Medium,0.4585,0
2026-10-08 18:45:00,최대부하,220,1,231.463,427.104,Medium,0.4585,0
2026-10-08 19:00:00,최대부하,220,1,214.949,359.048,Medium,0.4585,0
2026-10-08 19:15:00,최대부하,220,1,222.671,370.856,Medium,0.4585,0
2026-10-08 19:30:00,최대부하,220,1,223.345,401.228,Medium,0.4585,0
2026-10-08 19:45:00,최대부하,220,1,216.407,379.296,Medium,0.4585,0
2026-10-08 20:00:00,중간부하,140,0,216.952,366.416,Medium,0.4585,0
2026-10-08 20:15:00,중간부하,140,0,235.69,430.184,Medium,0.4585,0
2026-10-08 20:30:00,중간부하,140,0,201.626,410.888,Medium,0.4585,0
2026-10-08 20:45:00,중간부하,140,0,136.433,299.044,Medium,0.4585,0
2026-10-08 21:00:00,중간부하,140,0,77.192,247.636,Medium,0.4585,0
2026-10-08 21:15:00,중간부하,140,0,52.722,160.864,Medium,0.4585,0
2026-10-08 21:30:00,중간부하,140,0,43.755,133.436,Medium,0.4585,0
2026-10-08 21:45:00,중간부하,140,0,41.743,123.38,Medium,0.4585,0
2026-10-08 22:00:00,경부하,90,0,39.685,45.388,Medium,0.4585,0
2026-10-08 22:15:00,경부하,90,0,36.102,26.136,Medium,0.4585,0
2026-10-08 22:30:00,경부하,90,0,39.482,25.868,Medium,0.4585,0
2026-10-08 22:45:00,경부하,90,0,41.073,28.568,Medium,0.4585,0
2026-10-08 23:00:00,경부하,90,0,35.87,29.824,Light,0.4585,0
2026-10-08 23:15:00,경부하,90,0,34.091,27.108,Light,0.4585,0
2026-10-08 23:30:00,경부하,90,0,36.598,21.512,Light,0.4585,0
2026-10-08 23:45:00,경부하,90,0,39.829,20.968,Light,0.4585,0
2026-10-09 00:00:00,경부하,90,0,30.361,21.16,Light,0.4585,0
2026-10-09 00:15:00,경부하,90,0,38.746,21.032,Light,0.4585,0
2026-10-09 00:30:00,경부하,90,0,35.905,20.908,Light,0.4585,0
2026-10-09 00:45:00,경부하,90,0,33.632,21.016,Light,0.4585,0
2026-10-09 01:00:00,경부하,90,0,24.041,20.924,Light,0.4585,0
2026-10-09 01:15:00,경부하,90,0,21.534,21.368,Light,0.4585,0
2026-10-09 01:30:00,경부하,90,0,20.223,21.204,Light,0.4585,0
2026-10-09 01:45:00,경부하,90,0,19.115,19.664,Light,0.4585,0
2026-10-09 02:00:00,경부하,90,0,22.425,19.808,Light,0.4585,0
2026-10-09 02:15:00,경부하,90,0,22.317,19.808,Light,0.4585,0
2026-10-09 02:30:00,경부하,90,0,20.325,19.664,Light,0.4585,0
2026-10-09 02:45:00,경부하,90,0,21.089,20.188,Light,0.4585,0
2026-10-09 03:00:00,경부하,90,0,20.312,19.916,Light,0.4585,0
2026-10-09 03:15:00,경부하,90,0,21.456,19.792,Light,0.4585,0
2026-10-09 03:30:00,경부하,90,0,19.235,20.032,Light,0.4585,0
2026-10-09 03:45:00,경부하,90,0,19.102,19.0,Light,0.4585,0
2026-10-09 04:00:00,경부하,90,0,19.117,19.144,Light,0.4585,0
2026-10-09 04:15:00,경부하,90,0,20.109,20.044,Light,0.4585,0
2026-10-09 04:30:00,경부하,90,0,18.887,18.944,Light,0.4585,0
2026-10-09 04:45:00,경부하,90,0,18.64,18.836,Light,0.4585,0
2026-10-09 05:00:00,경부하,90,0,18.962,19.424,Light,0.4585,0
2026-10-09 05:15:00,경부하,90,0,20.562,18.504,Light,0.4585,0
2026-10-09 05:30:00,경부하,90,0,21.922,18.928,Light,0.4585,0
2026-10-09 05:45:00,경부하,90,0,21.122,18.704,Light,0.4585,0
2026-10-09 06:00:00,경부하,90,0,21.338,18.944,Light,0.4585,0
2026-10-09 06:15:00,경부하,90,0,21.855,18.404,Light,0.4585,0
2026-10-09 06:30:00,경부하,90,0,20.911,17.516,Light,0.4585,0
2026-10-09 06:45:00,경부하,90,0,22.001,17.264,Light,0.4585,0
2026-10-09 07:00:00,경부하,90,0,21.557,18.124,Light,0.4585,0
2026-10-09 07:15:00,경부하,90,0,21.214,20.924,Light,0.4585,0
2026-10-09 07:30:00,경부하,90,0,26.972,29.108,Light,0.4585,0
2026-10-09 07:45:00,경부하,90,0,26.195,35.944,Light,0.4585,0
2026-10-09 08:00:00,중간부하,140,0,156.597,241.18,Light,0.4585,0
2026-10-09 08:15:00,중간부하,140,0,260.635,411.824,Light,0.4585,0
2026-10-09 08:30:00,중간부하,140,0,279.825,458.452,Light,0.4585,0
2026-10-09 08:45:00,중간부하,140,0,290.583,452.932,Light,0.4585,0
2026-10-09 09:00:00,중간부하,140,0,293.703,463.6,Medium,0.4585,0
2026-10-09 09:15:00,중간부하,140,0,276.915,435.428,Medium,0.4585,0
2026-10-09 09:30:00,중간부하,140,0,264.379,421.22,Medium,0.4585,0
2026-10-09 09:45:00,중간부하,140,0,263.182,400.228,Medium,0.4585,0
2026-10-09 10:00:00,최대부하,220,1,254.578,415.28,Maximum,0.4585,0
2026-10-09 10:15:00,최대부하,220,1,258.041,407.836,Maximum,0.4585,0
2026-10-09 10:30:00,최대부하,220,1,251.716,399.22,Maximum,0.4585,0
2026-10-09 10:45:00,최대부하,220,1,256.311,391.032,Maximum,0.4585,0
2026-10-09 11:00:00,최대부하,220,1,262.412,431.804,Maximum,0.4585,0
2026-10-09 11:15:00,최대부하,220,1,269.604,442.64,Maximum,0.4585,0
2026-10-09 11:30:00,최대부하,220,1,260.805,416.5,Maximum,0.4585,0
2026-10-09 11:45:00,최대부하,220,1,255.243,453.296,Maximum,0.4585,0
2026-10-09 12:00:00,중간부하,140,0,46.342,103.088,Medium,0.4585,0
2026-10-09 12:15:00,중간부하,140,0,24.532,38.736,Medium,0.4585,0
2026-10-09 12:30:00,중간부하,140,0,23.851,33.532,Medium,0.4585,0
2026-10-09 12:45:00,중간부하,140,0,23.976,33.884,Medium,0.4585,0
2026-10-09 13:00:00,중간부하,140,0,174.841,277.372,Maximum,0.4585,0
2026-10-09 13:15:00,중간부하,140,0,260.305,426.196,Maximum,0.4585,0
2026-10-09 13:30:00,중간부하,140,0,270.731,428.74,Maximum,0.4585,0
2026-10-09 13:45:00,중간부하,140,0,258.359,402.068,Maximum,0.4585,0
2026-10-09 14:00:00,중간부하,140,0,266.001,414.964,Maximum,0.4585,0
2026-10-09 14:15:00,중간부하,140,0,269.82,433.576,Maximum,0.4585,0
2026-10-09 14:30:00,중간부하,140,0,270.388,437.184,Maximum,0.4585,0
2026-10-09 14:45:00,중간부하,140,0,266.162,416.176,Maximum,0.4585,0
2026-10-09 15:00:00,중간부하,140,0,248.149,386.8,Maximum,0.4585,0
2026-10-09 15:15:00,중간부하,140,0,267.525,460.784,Maximum,0.4585,0
2026-10-09 15:30:00,중간부하,140,0,261.2,442.784,Maximum,0.4585,0
2026-10-09 15:45:00,중간부하,140,0,255.565,408.96,Maximum,0.4585,0
2026-10-09 16:00:00,중간부하,140,0,276.294,449.316,Maximum,0.4585,0
2026-10-09 16:15:00,중간부하,140,0,255.948,402.716,Maximum,0.4585,0
2026-10-09 16:30:00,중간부하,140,0,278.278,445.96,Maximum,0.4585,0
2026-10-09 16:45:00,중간부하,140,0,251.913,411.46,Maximum,0.4585,0
2026-10-09 17:00:00,최대부하,220,1,243.877,364.12,Medium,0.4585,0
2026-10-09 17:15:00,최대부하,220,1,235.685,397.404,Medium,0.4585,0
2026-10-09 17:30:00,최대부하,220,1,142.014,205.22,Medium,0.4585,0
2026-10-09 17:45:00,최대부하,220,1,132.378,195.788,Medium,0.4585,0
2026-10-09 18:00:00,최대부하,220,1,158.27,250.328,Medium,0.4585,0
2026-10-09 18:15:00,최대부하,220,1,203.446,317.32,Medium,0.4585,0
2026-10-09 18:30:00,최대부하,220,1,200.544,359.28,Medium,0.4585,0
2026-10-09 18:45:00,최대부하,220,1,204.748,387.332,Medium,0.4585,0
2026-10-09 19:00:00,최대부하,220,1,202.898,344.016,Medium,0.4585,0
2026-10-09 19:15:00,최대부하,220,1,204.345,317.752,Medium,0.4585,0
2026-10-09 19:30:00,최대부하,220,1,213.591,404.336,Medium,0.4585,0
2026-10-09 19:45:00,최대부하,220,1,210.014,411.524,Medium,0.4585,0
2026-10-09 20:00:00,중간부하,140,0,210.725,400.544,Medium,0.4585,0
2026-10-09 20:15:00,중간부하,140,0,197.949,337.696,Medium,0.4585,0
2026-10-09 20:30:00,중간부하,140,0,189.179,387.604,Medium,0.4585,0
2026-10-09 20:45:00,중간부하,140,0,114.285,238.156,Medium,0.4585,0
2026-10-09 21:00:00,중간부하,140,0,60.127,155.52,Medium,0.4585,0
2026-10-09 21:15:00,중간부하,140,0,52.508,158.732,Medium,0.4585,0
2026-10-09 21:30:00,중간부하,140,0,46.501,147.616,Medium,0.4585,0
2026-10-09 21:45:00,중간부하,140,0,50.834,144.412,Medium,0.4585,0
2026-10-09 22:00:00,경부하,90,0,45.177,154.388,Medium,0.4585,0
2026-10-09 22:15:00,경부하,90,0,38.754,131.336,Medium,0.4585,0
2026-10-09 22:30:00,경부하,90,0,47.296,127.052,Medium,0.4585,0
2026-10-09 22:45:00,경부하,90,0,37.343,128.996,Medium,0.4585,0
2026-10-09 23:00:00,경부하,90,0,38.762,132.32,Light,0.4585,0
2026-10-09 23:15:00,경부하,90,0,46.49,112.852,Light,0.4585,0
2026-10-09 23:30:00,경부하,90,0,40.772,112.16,Light,0.4585,0
2026-10-09 23:45:00,경부하,90,0,42.482,112.372,Light,0.4585,0
2026-10-10 00:00:00,경부하,76,0,43.126,133.544,Light,0.4585,0
2026-10-10 00:15:00,경부하,76,0,40.765,135.036,Light,0.4585,0
2026-10-10 00:30:00,경부하,76,0,38.779,73.384,Light,0.4585,0
2026-10-10 00:45:00,경부하,76,0,34.83,27.468,Light,0.4585,0
2026-10-10 01:00:00,경부하,76,0,35.279,22.652,Light,0.4585,0
2026-10-10 01:15:00,경부하,76,0,25.721,19.808,Light,0.4585,0
2026-10-10 01:30:00,경부하,76,0,23.928,19.512,Light,0.4585,0
2026-10-10 01:45:00,경부하,76,0,21.462,23.524,Light,0.4585,0
2026-10-10 02:00:00,경부하,76,0,18.222,21.832,Light,0.4585,0
2026-10-10 02:15:00,경부하,76,0,20.736,18.676,Light,0.4585,0
2026-10-10 02:30:00,경부하,76,0,20.572,18.844,Light,0.4585,0
2026-10-10 02:45:00,경부하,76,0,18.598,20.204,Light,0.4585,0
2026-10-10 03:00:00,경부하,76,0,19.308,19.252,Light,0.4585,0
2026-10-10 03:15:00,경부하,76,0,20.568,20.824,Light,0.4585,0
2026-10-10 03:30:00,경부하,76,0,18.908,18.772,Light,0.4585,0
2026-10-10 03:45:00,경부하,76,0,19.745,19.16,Light,0.4585,0
2026-10-10 04:00:00,경부하,76,0,20.234,18.692,Light,0.4585,0
2026-10-10 04:15:00,경부하,76,0,18.193,18.856,Light,0.4585,0
2026-10-10 04:30:00,경부하,76,0,20.502,18.676,Light,0.4585,0
2026-10-10 04:45:00,경부하,76,0,19.883,18.772,Light,0.4585,0
2026-10-10 05:00:00,경부하,76,0,18.612,18.972,Light,0.4585,0
2026-10-10 05:15:00,경부하,76,0,20.46,18.664,Light,0.4585,0
2026-10-10 05:30:00,경부하,76,0,18.132,18.756,Light,0.4585,0
2026-10-10 05:45:00,경부하,76,0,17.727,18.72,Light,0.4585,0
2026-10-10 06:00:00,경부하,76,0,20.401,18.756,Light,0.4585,0
2026-10-10 06:15:00,경부하,76,0,18.839,16.796,Light,0.4585,0
2026-10-10 06:30:00,경부하,76,0,18.765,16.784,Light,0.4585,0
2026-10-10 06:45:00,경부하,76,0,20.345,16.544,Light,0.4585,0
2026-10-10 07:00:00,경부하,76,0,17.589,17.576,Light,0.4585,0
2026-10-10 07:15:00,경부하,76,0,16.712,16.4,Light,0.4585,0
2026-10-10 07:30:00,경부하,76,0,17.474,25.012,Light,0.4585,0
2026-10-10 07:45:00,경부하,76,0,20.316,27.504,Light,0.4585,0
2026-10-10 08:00:00,중간부하,119,0,89.882,159.164,Light,0.4585,0
2026-10-10 08:15:00,중간부하,119,0,148.489,359.388,Light,0.4585,0
2026-10-10 08:30:00,중간부하,119,0,139.175,294.992,Light,0.4585,0
2026-10-10 08:45:00,중간부하,119,0,143.964,252.836,Light,0.4585,0
2026-10-10 09:00:00,중간부하,119,0,151.455,336.068,Medium,0.4585,0
2026-10-10 09:15:00,중간부하,119,0,146.051,299.88,Medium,0.4585,0
2026-10-10 09:30:00,중간부하,119,0,142.095,250.516,Medium,0.4585,0
2026-10-10 09:45:00,중간부하,119,0,145.035,282.368,Medium,0.4585,0
2026-10-10 10:00:00,최대부하,187,1,145.905,294.76,Maximum,0.4585,0
2026-10-10 10:15:00,최대부하,187,1,148.066,309.672,Maximum,0.4585,0
2026-10-10 10:30:00,최대부하,187,1,147.628,288.02,Maximum,0.4585,0
2026-10-10 10:45:00,최대부하,187,1,155.062,364.048,Maximum,0.4585,0
2026-10-10 11:00:00,최대부하,187,1,142.73,268.724,Maximum,0.4585,0
2026-10-10 11:15:00,최대부하,187,1,146.409,291.528,Maximum,0.4585,0
2026-10-10 11:30:00,최대부하,187,1,145.442,291.616,Maximum,0.4585,0
2026-10-10 11:45:00,최대부하,187,1,106.313,226.232,Maximum,0.4585,0
2026-10-10 12:00:00,중간부하,119,0,25.505,39.248,Medium,0.4585,0
2026-10-10 12:15:00,중간부하,119,0,20.312,24.984,Medium,0.4585,0
2026-10-10 12:30:00,중간부하,119,0,20.444,25.596,Medium,0.4585,0
2026-10-10 12:45:00,중간부하,119,0,20.73,26.036,Medium,0.4585,0
2026-10-10 13:00:00,중간부하,119,0,74.014,136.1,Maximum,0.4585,0
2026-10-10 13:15:00,중간부하,119,0,151.325,334.276,Maximum,0.4585,0
2026-10-10 13:30:00,중간부하,119,0,151.055,330.292,Maximum,0.4585,0
2026-10-10 13:45:00,중간부하,119,0,154.525,362.224,Maximum,0.4585,0
2026-10-10 14:00:00,중간부하,119,0,145.119,298.0,Maximum,0.4585,0
2026-10-10 14:15:00,중간부하,119,0,154.367,333.324,Maximum,0.4585,0
2026-10-10 14:30:00,중간부하,119,0,151.035,317.32,Maximum,0.4585,0
2026-10-10 14:45:00,중간부하,119,0,158.344,338.176,Maximum,0.4585,0
2026-10-10 15:00:00,중간부하,119,0,153.372,369.604,Maximum,0.4585,0
2026-10-10 15:15:00,중간부하,119,0,156.283,324.34,Maximum,0.4585,0
2026-10-10 15:30:00,중간부하,119,0,163.725,343.692,Maximum,0.4585,0
2026-10-10 15:45:00,중간부하,119,0,146.872,311.544,Maximum,0.4585,0
2026-10-10 16:00:00,중간부하,119,0,153.275,315.664,Maximum,0.4585,0
2026-10-10 16:15:00,중간부하,119,0,148.156,333.576,Maximum,0.4585,0
2026-10-10 16:30:00,중간부하,119,0,140.021,352.736,Maximum,0.4585,0
2026-10-10 16:45:00,중간부하,119,0,75.312,159.984,Maximum,0.4585,0
2026-10-10 17:00:00,최대부하,187,1,38.946,104.212,Medium,0.4585,0
2026-10-10 17:15:00,최대부하,187,1,35.028,100.008,Medium,0.4585,0
2026-10-10 17:30:00,최대부하,187,1,33.513,104.3,Medium,0.4585,0
2026-10-10 17:45:00,최대부하,187,1,34.641,97.344,Medium,0.4585,0
2026-10-10 18:00:00,최대부하,187,1,31.698,95.168,Medium,0.4585,0
2026-10-10 18:15:00,최대부하,187,1,31.564,25.604,Medium,0.4585,0
2026-10-10 18:30:00,최대부하,187,1,28.671,21.304,Medium,0.4585,0
2026-10-10 18:45:00,최대부하,187,1,31.088,20.528,Medium,0.4585,0
2026-10-10 19:00:00,최대부하,187,1,28.996,20.664,Medium,0.4585,0
2026-10-10 19:15:00,최대부하,187,1,26.009,20.0,Medium,0.4585,0
2026-10-10 19:30:00,최대부하,187,1,29.461,19.96,Medium,0.4585,0
2026-10-10 19:45:00,최대부하,187,1,29.867,20.044,Medium,0.4585,0
2026-10-10 20:00:00,중간부하,119,0,29.556,19.424,Medium,0.4585,0
2026-10-10 20:15:00,중간부하,119,0,28.473,19.54,Medium,0.4585,0
2026-10-10 20:30:00,중간부하,119,0,26.323,19.108,Medium,0.4585,0
2026-10-10 20:45:00,중간부하,119,0,25.864,19.18,Medium,0.4585,0
2026-10-10 21:00:00,중간부하,119,0,26.016,18.944,Medium,0.4585,0
2026-10-10 21:15:00,중간부하,119,0,25.37,20.204,Medium,0.4585,0
2026-10-10 21:30:00,중간부하,119,0,26.457,19.028,Medium,0.4585,0
2026-10-10 21:45:00,중간부하,119,0,23.398,18.368,Medium,0.4585,0
2026-10-10 22:00:00,경부하,76,0,25.642,18.416,Medium,0.4585,0
2026-10-10 22:15:00,경부하,76,0,24.288,18.368,Medium,0.4585,0
2026-10-10 22:30:00,경부하,76,0,24.244,18.62,Medium,0.4585,0
2026-10-10 22:45:00,경부하,76,0,23.669,18.28,Medium,0.4585,0
2026-10-10 23:00:00,경부하,76,0,23.612,17.532,Light,0.4585,0
2026-10-10 23:15:00,경부하,76,0,23.451,16.048,Light,0.4585,0
2026-10-10 23:30:00,경부하,76,0,22.961,15.28,Light,0.4585,0
2026-10-10 23:45:00,경부하,76,0,21.873,17.064,Light,0.4585,0
2026-10-11 00:00:00,경부하,76,0,22.248,16.328,Light,0.4585,0
2026-10-11 00:15:00,경부하,76,0,21.832,15.94,Light,0.4585,0
2026-10-11 00:30:00,경부하,76,0,19.921,16.288,Light,0.4585,0
2026-10-11 00:45:00,경부하,76,0,20.232,18.252,Light,0.4585,0
2026-10-11 01:00:00,경부하,76,0,17.288,17.984,Light,0.4585,0
2026-10-11 01:15:00,경부하,76,0,15.905,17.604,Light,0.4585,0
2026-10-11 01:30:00,경부하,76,0,15.657,16.532,Light,0.4585,0
2026-10-11 01:45:00,경부하,76,0,15.828,16.616,Light,0.4585,0
2026-10-11 02:00:00,경부하,76,0,15.318,16.22,Light,0.4585,0
2026-10-11 02:15:00,경부하,76,0,15.278,16.652,Light,0.4585,0
2026-10-11 02:30:00,경부하,76,0,15.838,16.712,Light,0.4585,0
2026-10-11 02:45:00,경부하,76,0,15.985,17.928,Light,0.4585,0
2026-10-11 03:00:00,경부하,76,0,15.722,16.768,Light,0.4585,0
2026-10-11 03:15:00,경부하,76,0,15.743,15.388,Light,0.4585,0
2026-10-11 03:30:00,경부하,76,0,15.731,17.264,Light,0.4585,0
2026-10-11 03:45:00,경부하,76,0,15.575,15.796,Light,0.4585,0
2026-10-11 04:00:00,경부하,76,0,15.706,15.784,Light,0.4585,0
2026-10-11 04:15:00,경부하,76,0,15.354,16.064,Light,0.4585,0
2026-10-11 04:30:00,경부하,76,0,15.713,16.544,Light,0.4585,0
2026-10-11 04:45:00,경부하,76,0,15.895,17.632,Light,0.4585,0
2026-10-11 05:00:00,경부하,76,0,15.068,16.472,Light,0.4585,0
2026-10-11 05:15:00,경부하,76,0,14.018,16.388,Light,0.4585,0
2026-10-11 05:30:00,경부하,76,0,12.866,16.784,Light,0.4585,0
2026-10-11 05:45:00,경부하,76,0,12.792,16.576,Light,0.4585,0
2026-10-11 06:00:00,경부하,76,0,12.713,15.928,Light,0.4585,0
2026-10-11 06:15:00,경부하,76,0,12.64,15.652,Light,0.4585,0
2026-10-11 06:30:00,경부하,76,0,12.932,17.08,Light,0.4585,0
2026-10-11 06:45:00,경부하,76,0,12.771,16.236,Light,0.4585,0
2026-10-11 07:00:00,경부하,76,0,12.516,15.444,Light,0.4585,0
2026-10-11 07:15:00,경부하,76,0,12.54,15.328,Light,0.4585,0
2026-10-11 07:30:00,경부하,76,0,12.668,15.824,Light,0.4585,0
2026-10-11 07:45:00,경부하,76,0,14.532,17.784,Light,0.4585,0
2026-10-11 08:00:00,중간부하,119,0,42.572,105.976,Light,0.4585,0
2026-10-11 08:15:00,중간부하,119,0,65.489,195.32,Light,0.4585,0
2026-10-11 08:30:00,중간부하,119,0,60.635,167.492,Light,0.4585,0
2026-10-11 08:45:00,중간부하,119,0,65.008,164.896,Light,0.4585,0
2026-10-11 09:00:00,중간부하,119,0,60.27,144.208,Light,0.4585,0
2026-10-11 09:15:00,중간부하,119,0,63.161,155.428,Light,0.4585,0
2026-10-11 09:30:00,중간부하,119,0,68.01,199.456,Light,0.4585,0
2026-10-11 09:45:00,중간부하,119,0,62.445,144.0,Light,0.4585,0
2026-10-11 10:00:00,최대부하,187,1,64.752,198.46,Light,0.4585,0
2026-10-11 10:15:00,최대부하,187,1,64.89,189.268,Light,0.4585,0
2026-10-11 10:30:00,최대부하,187,1,64.339,139.952,Light,0.4585,0
2026-10-11 10:45:00,최대부하,187,1,62.242,140.42,Light,0.4585,0
2026-10-11 11:00:00,최대부하,187,1,66.597,149.248,Light,0.4585,0
2026-10-11 11:15:00,최대부하,187,1,62.407,204.356,Light,0.4585,0
2026-10-11 11:30:00,최대부하,187,1,64.188,214.236,Light,0.4585,0
2026-10-11 11:45:00,최대부하,187,1,41.472,136.096,Light,0.4585,0
2026-10-11 12:00:00,중간부하,119,0,16.96,22.176,Light,0.4585,0
2026-10-11 12:15:00,중간부하,119,0,16.848,21.024,Light,0.4585,0
2026-10-11 12:30:00,중간부하,119,0,16.795,21.384,Light,0.4585,0
2026-10-11 12:45:00,중간부하,119,0,16.46,20.356,Light,0.4585,0
2026-10-11 13:00:00,중간부하,119,0,37.534,89.836,Light,0.4585,0
2026-10-11 13:15:00,중간부하,119,0,67.28,144.956,Light,0.4585,0
2026-10-11 13:30:00,중간부하,119,0,61.742,199.78,Light,0.4585,0
2026-10-11 13:45:00,중간부하,119,0,62.418,140.356,Light,0.4585,0
2026-10-11 14:00:00,중간부하,119,0,59.25,141.076,Light,0.4585,0
2026-10-11 14:15:00,중간부하,119,0,59.904,141.112,Light,0.4585,0
2026-10-11 14:30:00,중간부하,119,0,59.657,144.98,Light,0.4585,0
2026-10-11 14:45:00,중간부하,119,0,58.42,139.196,Light,0.4585,0
2026-10-11 15:00:00,중간부하,119,0,57.632,146.972,Light,0.4585,0
2026-10-11 15:15:00,중간부하,119,0,57.97,134.44,Light,0.4585,0
2026-10-11 15:30:00,중간부하,119,0,57.804,147.152,Light,0.4585,0
2026-10-11 15:45:00,중간부하,119,0,57.182,145.592,Light,0.4585,0
2026-10-11 16:00:00,중간부하,119,0,57.992,152.372,Light,0.4585,0
2026-10-11 16:15:00,중간부하,119,0,52.412,135.488,Light,0.4585,0
2026-10-11 16:30:00,중간부하,119,0,47.272,140.6,Light,0.4585,0
2026-10-11 16:45:00,중간부하,119,0,25.923,37.736,Light,0.4585,0
2026-10-11 17:00:00,최대부하,187,1,20.468,20.32,Light,0.4585,0
2026-10-11 17:15:00,최대부하,187,1,20.326,19.856,Light,0.4585,0
2026-10-11 17:30:00,최대부하,187,1,19.438,19.988,Light,0.4585,0
2026-10-11 17:45:00,최대부하,187,1,18.378,19.836,Light,0.4585,0
2026-10-11 18:00:00,최대부하,187,1,18.608,18.884,Light,0.4585,0
2026-10-11 18:15:00,최대부하,187,1,18.747,18.8,Light,0.4585,0
2026-10-11 18:30:00,최대부하,187,1,19.018,19.72,Light,0.4585,0
2026-10-11 18:45:00,최대부하,187,1,19.511,19.864,Light,0.4585,0
2026-10-11 19:00:00,최대부하,187,1,19.579,19.764,Light,0.4585,0
2026-10-11 19:15:00,최대부하,187,1,19.396,19.476,Light,0.4585,0
2026-10-11 19:30:00,최대부하,187,1,19.217,19.144,Light,0.4585,0
2026-10-11 19:45:00,최대부하,187,1,19.61,19.944,Light,0.4585,0
2026-10-11 20:00:00,중간부하,119,0,19.327,17.84,Light,0.4585,0
2026-10-11 20:15:00,중간부하,119,0,19.314,18.988,Light,0.4585,0
2026-10-11 20:30:00,중간부하,119,0,19.325,18.916,Light,0.4585,0
2026-10-11 20:45:00,중간부하,119,0,16.784,19.556,Light,0.4585,0
2026-10-11 21:00:00,중간부하,119,0,16.109,17.048,Light,0.4585,0
2026-10-11 21:15:00,중간부하,119,0,15.985,18.396,Light,0.4585,0
2026-10-11 21:30:00,중간부하,119,0,15.941,18.424,Light,0.4585,0
2026-10-11 21:45:00,중간부하,119,0,15.938,18.18,Light,0.4585,0
2026-10-11 22:00:00,경부하,76,0,15.539,16.928,Light,0.4585,0
2026-10-11 22:15:00,경부하,76,0,13.565,16.12,Light,0.4585,0
2026-10-11 22:30:00,경부하,76,0,12.806,16.252,Light,0.4585,0
2026-10-11 22:45:00,경부하,76,0,13.003,16.0,Light,0.4585,0
2026-10-11 23:00:00,경부하,76,0,12.68,15.94,Light,0.4585,0
2026-10-11 23:15:00,경부하,76,0,12.646,16.0,Light,0.4585,0
2026-10-11 23:30:00,경부하,76,0,12.673,16.704,Light,0.4585,0
2026-10-11 23:45:00,경부하,76,0,12.833,17.38,Light,0.4585,0
2026-10-12 00:00:00,경부하,90,0,12.85,15.752,Light,0.4585,0
2026-10-12 00:15:00,경부하,90,0,12.956,15.912,Light,0.4585,0
2026-10-12 00:30:00,경부하,90,0,13.035,16.84,Light,0.4585,0
2026-10-12 00:45:00,경부하,90,0,13.085,15.968,Light,0.4585,0
2026-10-12 01:00:00,경부하,90,0,12.997,16.688,Light,0.4585,0
2026-10-12 01:15:00,경부하,90,0,12.794,15.56,Light,0.4585,0
2026-10-12 01:30:00,경부하,90,0,13.008,16.224,Light,0.4585,0
2026-10-12 01:45:00,경부하,90,0,12.882,15.56,Light,0.4585,0
2026-10-12 02:00:00,경부하,90,0,12.63,15.528,Light,0.4585,0
2026-10-12 02:15:00,경부하,90,0,12.98,15.4,Light,0.4585,0
2026-10-12 02:30:00,경부하,90,0,13.34,17.664,Light,0.4585,0
2026-10-12 02:45:00,경부하,90,0,12.99,15.936,Light,0.4585,0
2026-10-12 03:00:00,경부하,90,0,12.848,15.376,Light,0.4585,0
2026-10-12 03:15:00,경부하,90,0,12.751,15.504,Light,0.4585,0
2026-10-12 03:30:00,경부하,90,0,12.724,15.6,Light,0.4585,0
2026-10-12 03:45:00,경부하,90,0,12.756,15.504,Light,0.4585,0
2026-10-12 04:00:00,경부하,90,0,12.845,15.312,Light,0.4585,0
2026-10-12 04:15:00,경부하,90,0,12.782,15.216,Light,0.4585,0
2026-10-12 04:30:00,경부하,90,0,12.925,16.376,Light,0.4585,0
2026-10-12 04:45:00,경부하,90,0,12.878,16.824,Light,0.4585,0
2026-10-12 05:00:00,경부하,90,0,12.779,15.656,Light,0.4585,0
2026-10-12 05:15:00,경부하,90,0,12.618,15.728,Light,0.4585,0
2026-10-12 05:30:00,경부하,90,0,12.798,16.896,Light,0.4585,0
2026-10-12 05:45:00,경부하,90,0,12.466,15.248,Light,0.4585,0
2026-10-12 06:00:00,경부하,90,0,12.367,15.248,Light,0.4585,0
2026-10-12 06:15:00,경부하,90,0,12.623,15.528,Light,0.4585,0
2026-10-12 06:30:00,경부하,90,0,12.895,16.064,Light,0.4585,0
2026-10-12 06:45:00,경부하,90,0,12.731,15.28,Light,0.4585,0
2026-10-12 07:00:00,경부하,90,0,13.008,16.528,Light,0.4585,0
2026-10-12 07:15:00,경부하,90,0,15.638,21.056,Light,0.4585,0
2026-10-12 07:30:00,경부하,90,0,17.853,24.48,Light,0.4585,0
2026-10-12 07:45:00,경부하,90,0,20.112,29.024,Light,0.4585,0
2026-10-12 08:00:00,중간부하,140,0,114.752,179.248,Light,0.4585,0
2026-10-12 08:15:00,중간부하,140,0,251.374,368.576,Light,0.4585,0
2026-10-12 08:30:00,중간부하,140,0,265.695,384.232,Light,0.4585,0
2026-10-12 08:45:00,중간부하,140,0,276.251,445.768,Light,0.4585,0
2026-10-12 09:00:00,중간부하,140,0,280.412,429.496,Medium,0.4585,0
2026-10-12 09:15:00,중간부하,140,0,266.788,387.696,Medium,0.4585,0
2026-10-12 09:30:00,중간부하,140,0,285.483,443.312,Medium,0.4585,0
2026-10-12 09:45:00,중간부하,140,0,277.985,433.776,Medium,0.4585,0
2026-10-12 10:00:00,최대부하,220,1,259.021,397.704,Maximum,0.4585,0
2026-10-12 10:15:00,최대부하,220,1,269.785,427.552,Maximum,0.4585,0
2026-10-12 10:30:00,최대부하,220,1,263.931,400.968,Maximum,0.4585,0
2026-10-12 10:45:00,최대부하,220,1,271.781,400.768,Maximum,0.4585,0
2026-10-12 11:00:00,최대부하,220,1,284.783,424.912,Maximum,0.4585,0
2026-10-12 11:15:00,최대부하,220,1,271.371,416.896,Maximum,0.4585,0
2026-10-12 11:30:00,최대부하,220,1,278.232,439.736,Maximum,0.4585,0
2026-10-12 11:45:00,최대부하,220,1,252.95,411.216,Maximum,0.4585,0
2026-10-12 12:00:00,중간부하,140,0,43.005,82.472,Medium,0.4585,0
2026-10-12 12:15:00,중간부하,140,0,28.669,37.656,Medium,0.4585,0
2026-10-12 12:30:00,중간부하,140,0,27.18,35.536,Medium,0.4585,0
2026-10-12 12:45:00,중간부하,140,0,27.192,35.096,Medium,0.4585,0
2026-10-12 13:00:00,중간부하,140,0,189.26,288.872,Maximum,0.4585,0
2026-10-12 13:15:00,중간부하,140,0,278.242,394.256,Maximum,0.4585,0
2026-10-12 13:30:00,중간부하,140,0,289.083,465.344,Maximum,0.4585,0
2026-10-12 13:45:00,중간부하,140,0,283.115,449.872,Maximum,0.4585,0
2026-10-12 14:00:00,중간부하,140,0,280.602,436.224,Maximum,0.4585,0
2026-10-12 14:15:00,중간부하,140,0,281.37,435.12,Maximum,0.4585,0
2026-10-12 14:30:00,중간부하,140,0,269.744,421.448,Maximum,0.4585,0
2026-10-12 14:45:00,중간부하,140,0,265.072,416.768,Maximum,0.4585,0
2026-10-12 15:00:00,중간부하,140,0,267.761,444.312,Maximum,0.4585,0
2026-10-12 15:15:00,중간부하,140,0,261.191,404.392,Maximum,0.4585,0
2026-10-12 15:30:00,중간부하,140,0,274.968,429.376,Maximum,0.4585,0
2026-10-12 15:45:00,중간부하,140,0,276.381,434.32,Maximum,0.4585,0
2026-10-12 16:00:00,중간부하,140,0,265.951,398.448,Maximum,0.4585,0
2026-10-12 16:15:00,중간부하,140,0,262.306,408.112,Maximum,0.4585,0
2026-10-12 16:30:00,중간부하,140,0,274.065,428.848,Maximum,0.4585,0
2026-10-12 16:45:00,중간부하,140,0,275.57,428.656,Maximum,0.4585,0
2026-10-12 17:00:00,최대부하,220,1,256.761,380.088,Medium,0.4585,0
2026-10-12 17:15:00,최대부하,220,1,251.72,403.76,Medium,0.4585,0
2026-10-12 17:30:00,최대부하,220,1,144.286,200.144,Medium,0.4585,0
2026-10-12 17:45:00,최대부하,220,1,128.107,141.456,Medium,0.4585,0
2026-10-12 18:00:00,최대부하,220,1,165.557,276.392,Medium,0.4585,0
2026-10-12 18:15:00,최대부하,220,1,207.442,349.68,Medium,0.4585,0
2026-10-12 18:30:00,최대부하,220,1,218.337,419.792,Medium,0.4585,0
2026-10-12 18:45:00,최대부하,220,1,210.851,390.24,Medium,0.4585,0
2026-10-12 19:00:00,최대부하,220,1,209.525,389.232,Medium,0.4585,0
2026-10-12 19:15:00,최대부하,220,1,221.882,383.76,Medium,0.4585,0
2026-10-12 19:30:00,최대부하,220,1,222.524,415.96,Medium,0.4585,0
2026-10-12 19:45:00,최대부하,220,1,220.453,423.48,Medium,0.4585,0
2026-10-12 20:00:00,중간부하,140,0,223.052,398.664,Medium,0.4585,0
2026-10-12 20:15:00,중간부하,140,0,214.365,409.208,Medium,0.4585,0
2026-10-12 20:30:00,중간부하,140,0,191.101,370.336,Medium,0.4585,0
2026-10-12 20:45:00,중간부하,140,0,132.022,329.04,Medium,0.4585,0
2026-10-12 21:00:00,중간부하,140,0,57.185,154.112,Medium,0.4585,0
2026-10-12 21:15:00,중간부하,140,0,44.256,140.592,Medium,0.4585,0
2026-10-12 21:30:00,중간부하,140,0,44.252,140.624,Medium,0.4585,0
2026-10-12 21:45:00,중간부하,140,0,44.954,155.176,Medium,0.4585,0
2026-10-12 22:00:00,경부하,90,0,48.264,144.232,Medium,0.4585,0
2026-10-12 22:15:00,경부하,90,0,38.911,107.328,Medium,0.4585,0
2026-10-12 22:30:00,경부하,90,0,36.838,29.76,Medium,0.4585,0
2026-10-12 22:45:00,경부하,90,0,34.514,26.272,Medium,0.4585,0
2026-10-12 23:00:00,경부하,90,0,34.921,26.336,Light,0.4585,0
2026-10-12 23:15:00,경부하,90,0,36.772,26.24,Light,0.4585,0
2026-10-12 23:30:00,경부하,90,0,34.484,26.248,Light,0.4585,0
2026-10-12 23:45:00,경부하,90,0,36.675,26.112,Light,0.4585,0
2026-10-13 00:00:00,경부하,90,0,36.114,26.424,Light,0.4585,0
2026-10-13 00:15:00,경부하,90,0,39.337,26.692,Light,0.4585,0
2026-10-13 00:30:00,경부하,90,0,37.004,26.516,Light,0.4585,0
2026-10-13 00:45:00,경부하,90,0,41.599,26.66,Light,0.4585,0
2026-10-13 01:00:00,경부하,90,0,35.127,26.516,Light,0.4585,0
2026-10-13 01:15:00,경부하,90,0,24.466,23.704,Light,0.4585,0
2026-10-13 01:30:00,경부하,90,0,17.961,24.976,Light,0.4585,0
2026-10-13 01:45:00,경부하,90,0,17.045,23.032,Light,0.4585,0
2026-10-13 02:00:00,경부하,90,0,17.12,22.888,Light,0.4585,0
2026-10-13 02:15:00,경부하,90,0,17.022,22.932,Light,0.4585,0
2026-10-13 02:30:00,경부하,90,0,16.892,19.412,Light,0.4585,0
2026-10-13 02:45:00,경부하,90,0,16.721,19.0,Light,0.4585,0
2026-10-13 03:00:00,경부하,90,0,16.683,18.864,Light,0.4585,0
2026-10-13 03:15:00,경부하,90,0,16.655,18.848,Light,0.4585,0
2026-10-13 03:30:00,경부하,90,0,16.456,19.224,Light,0.4585,0
2026-10-13 03:45:00,경부하,90,0,16.764,18.988,Light,0.4585,0
2026-10-13 04:00:00,경부하,90,0,16.588,18.72,Light,0.4585,0
2026-10-13 04:15:00,경부하,90,0,16.348,18.532,Light,0.4585,0
2026-10-13 04:30:00,경부하,90,0,16.541,18.46,Light,0.4585,0
2026-10-13 04:45:00,경부하,90,0,16.217,18.532,Light,0.4585,0
2026-10-13 05:00:00,경부하,90,0,16.445,18.704,Light,0.4585,0
2026-10-13 05:15:00,경부하,90,0,16.532,18.692,Light,0.4585,0
2026-10-13 05:30:00,경부하,90,0,16.422,18.44,Light,0.4585,0
2026-10-13 05:45:00,경부하,90,0,16.698,18.704,Light,0.4585,0
2026-10-13 06:00:00,경부하,90,0,16.323,18.692,Light,0.4585,0
2026-10-13 06:15:00,경부하,90,0,16.122,18.704,Light,0.4585,0
2026-10-13 06:30:00,경부하,90,0,16.009,18.448,Light,0.4585,0
2026-10-13 06:45:00,경부하,90,0,15.721,18.196,Light,0.4585,0
2026-10-13 07:00:00,경부하,90,0,16.168,18.072,Light,0.4585,0
2026-10-13 07:15:00,경부하,90,0,18.227,21.836,Light,0.4585,0
2026-10-13 07:30:00,경부하,90,0,21.363,28.448,Light,0.4585,0
2026-10-13 07:45:00,경부하,90,0,29.263,38.492,Light,0.4585,0
2026-10-13 08:00:00,중간부하,140,0,151.495,231.048,Light,0.4585,0
2026-10-13 08:15:00,중간부하,140,0,243.643,374.564,Light,0.4585,0
2026-10-13 08:30:00,중간부하,140,0,265.412,407.304,Light,0.4585,0
2026-10-13 08:45:00,중간부하,140,0,290.912,482.192,Light,0.4585,0
2026-10-13 09:00:00,중간부하,140,0,279.681,416.06,Medium,0.4585,0
2026-10-13 09:15:00,중간부하,140,0,283.746,410.688,Medium,0.4585,0
2026-10-13 09:30:00,중간부하,140,0,279.415,459.908,Medium,0.4585,0
2026-10-13 09:45:00,중간부하,140,0,272.546,424.888,Medium,0.4585,0
2026-10-13 10:00:00,최대부하,220,1,265.441,425.464,Maximum,0.4585,0
2026-10-13 10:15:00,최대부하,220,1,261.782,408.6,Maximum,0.4585,0
2026-10-13 10:30:00,최대부하,220,1,275.664,459.46,Maximum,0.4585,0
2026-10-13 10:45:00,최대부하,220,1,266.892,420.748,Maximum,0.4585,0
2026-10-13 11:00:00,최대부하,220,1,287.107,437.96,Maximum,0.4585,0
2026-10-13 11:15:00,최대부하,220,1,284.135,425.284,Maximum,0.4585,0
2026-10-13 11:30:00,최대부하,220,1,276.332,453.52,Maximum,0.4585,0
2026-10-13 11:45:00,최대부하,220,1,273.556,434.052,Maximum,0.4585,0
2026-10-13 12:00:00,중간부하,140,0,46.767,83.584,Medium,0.4585,0
2026-10-13 12:15:00,중간부하,140,0,27.72,37.088,Medium,0.4585,0
2026-10-13 12:30:00,중간부하,140,0,26.774,35.048,Medium,0.4585,0
2026-10-13 12:45:00,중간부하,140,0,27.928,38.356,Medium,0.4585,0
2026-10-13 13:00:00,중간부하,140,0,182.489,288.128,Maximum,0.4585,0
2026-10-13 13:15:00,중간부하,140,0,285.736,460.64,Maximum,0.4585,0
2026-10-13 13:30:00,중간부하,140,0,286.145,434.324,Maximum,0.4585,0
2026-10-13 13:45:00,중간부하,140,0,279.957,433.388,Maximum,0.4585,0
2026-10-13 14:00:00,중간부하,140,0,264.714,408.772,Maximum,0.4585,0
2026-10-13 14:15:00,중간부하,140,0,274.39,419.344,Maximum,0.4585,0
2026-10-13 14:30:00,중간부하,140,0,268.019,437.932,Maximum,0.4585,0
2026-10-13 14:45:00,중간부하,140,0,270.076,401.164,Maximum,0.4585,0
2026-10-13 15:00:00,중간부하,140,0,262.217,377.912,Maximum,0.4585,0
2026-10-13 15:15:00,중간부하,140,0,268.865,405.596,Maximum,0.4585,0
2026-10-13 15:30:00,중간부하,140,0,285.578,434.944,Maximum,0.4585,0
2026-10-13 15:45:00,중간부하,140,0,277.58,426.276,Maximum,0.4585,0
2026-10-13 16:00:00,중간부하,140,0,278.23,439.54,Maximum,0.4585,0
2026-10-13 16:15:00,중간부하,140,0,276.398,418.096,Maximum,0.4585,0
2026-10-13 16:30:00,중간부하,140,0,285.036,419.848,Maximum,0.4585,0
2026-10-13 16:45:00,중간부하,140,0,281.371,417.4,Maximum,0.4585,0
2026-10-13 17:00:00,최대부하,220,1,269.065,432.936,Medium,0.4585,0
2026-10-13 17:15:00,최대부하,220,1,257.127,406.34,Medium,0.4585,0
2026-10-13 17:30:00,최대부하,220,1,158.167,248.488,Medium,0.4585,0
2026-10-13 17:45:00,최대부하,220,1,133.933,224.948,Medium,0.4585,0
2026-10-13 18:00:00,최대부하,220,1,173.995,283.212,Medium,0.4585,0
2026-10-13 18:15:00,최대부하,220,1,228.677,397.672,Medium,0.4585,0
2026-10-13 18:30:00,최대부하,220,1,221.255,353.636,Medium,0.4585,0
2026-10-13 18:45:00,최대부하,220,1,225.055,427.664,Medium,0.4585,0
2026-10-13 19:00:00,최대부하,220,1,215.646,382.572,Medium,0.4585,0
2026-10-13 19:15:00,최대부하,220,1,224.292,416.68,Medium,0.4585,0
2026-10-13 19:30:00,최대부하,220,1,224.765,379.208,Medium,0.4585,0
2026-10-13 19:45:00,최대부하,220,1,220.343,397.388,Medium,0.4585,0
2026-10-13 20:00:00,중간부하,140,0,217.295,379.424,Medium,0.4585,0
2026-10-13 20:15:00,중간부하,140,0,232.438,402.76,Medium,0.4585,0
2026-10-13 20:30:00,중간부하,140,0,202.0,374.812,Medium,0.4585,0
2026-10-13 20:45:00,중간부하,140,0,123.442,253.252,Medium,0.4585,0
2026-10-13 21:00:00,중간부하,140,0,54.756,131.588,Medium,0.4585,0
2026-10-13 21:15:00,중간부하,140,0,47.072,124.1,Medium,0.4585,0
2026-10-13 21:30:00,중간부하,140,0,44.078,128.088,Medium,0.4585,0
2026-10-13 21:45:00,중간부하,140,0,40.455,147.628,Medium,0.4585,0
2026-10-13 22:00:00,경부하,90,0,40.695,140.04,Medium,0.4585,0
2026-10-13 22:15:00,경부하,90,0,44.449,132.248,Medium,0.4585,0
2026-10-13 22:30:00,경부하,90,0,41.861,146.484,Medium,0.4585,0
2026-10-13 22:45:00,경부하,90,0,41.546,144.088,Medium,0.4585,0
2026-10-13 23:00:00,경부하,90,0,42.38,129.088,Light,0.4585,0
2026-10-13 23:15:00,경부하,90,0,40.47,122.832,Light,0.4585,0
2026-10-13 23:30:00,경부하,90,0,38.335,125.552,Light,0.4585,0
2026-10-13 23:45:00,경부하,90,0,38.911,122.86,Light,0.4585,0
2026-10-14 00:00:00,경부하,90,0,37.418,123.308,Light,0.4585,0
2026-10-14 00:15:00,경부하,90,0,40.035,126.352,Light,0.4585,0
2026-10-14 00:30:00,경부하,90,0,40.663,114.94,Light,0.4585,0
2026-10-14 00:45:00,경부하,90,0,40.911,106.408,Light,0.4585,0
2026-10-14 01:00:00,경부하,90,0,33.475,93.112,Light,0.4585,0
2026-10-14 01:15:00,경부하,90,0,22.947,23.416,Light,0.4585,0
2026-10-14 01:30:00,경부하,90,0,19.222,23.76,Light,0.4585,0
2026-10-14 01:45:00,경부하,90,0,18.318,22.472,Light,0.4585,0
2026-10-14 02:00:00,경부하,90,0,18.12,20.908,Light,0.4585,0
2026-10-14 02:15:00,경부하,90,0,18.145,20.996,Light,0.4585,0
2026-10-14 02:30:00,경부하,90,0,18.082,20.384,Light,0.4585,0
2026-10-14 02:45:00,경부하,90,0,17.741,20.456,Light,0.4585,0
2026-10-14 03:00:00,경부하,90,0,18.025,20.68,Light,0.4585,0
2026-10-14 03:15:00,경부하,90,0,18.775,20.412,Light,0.4585,0
2026-10-14 03:30:00,경부하,90,0,18.358,20.268,Light,0.4585,0
2026-10-14 03:45:00,경부하,90,0,17.994,18.72,Light,0.4585,0
2026-10-14 04:00:00,경부하,90,0,18.013,18.88,Light,0.4585,0
2026-10-14 04:15:00,경부하,90,0,17.742,18.548,Light,0.4585,0
2026-10-14 04:30:00,경부하,90,0,17.35,19.208,Light,0.4585,0
2026-10-14 04:45:00,경부하,90,0,17.128,19.368,Light,0.4585,0
2026-10-14 05:00:00,경부하,90,0,17.232,18.72,Light,0.4585,0
2026-10-14 05:15:00,경부하,90,0,17.455,18.28,Light,0.4585,0
2026-10-14 05:30:00,경부하,90,0,17.556,18.28,Light,0.4585,0
2026-10-14 05:45:00,경부하,90,0,17.41,18.268,Light,0.4585,0
2026-10-14 06:00:00,경부하,90,0,17.809,18.548,Light,0.4585,0
2026-10-14 06:15:00,경부하,90,0,17.996,18.424,Light,0.4585,0
2026-10-14 06:30:00,경부하,90,0,17.65,18.368,Light,0.4585,0
2026-10-14 06:45:00,경부하,90,0,17.578,17.352,Light,0.4585,0
2026-10-14 07:00:00,경부하,90,0,17.262,17.812,Light,0.4585,0
2026-10-14 07:15:00,경부하,90,0,19.424,21.764,Light,0.4585,0
2026-10-14 07:30:00,경부하,90,0,24.39,31.48,Light,0.4585,0
2026-10-14 07:45:00,경부하,90,0,31.34,54.916,Light,0.4585,0
2026-10-14 08:00:00,중간부하,140,0,159.069,226.16,Light,0.4585,0
2026-10-14 08:15:00,중간부하,140,0,269.942,412.768,Light,0.4585,0
2026-10-14 08:30:00,중간부하,140,0,284.293,428.796,Light,0.4585,0
2026-10-14 08:45:00,중간부하,140,0,276.33,441.604,Light,0.4585,0
2026-10-14 09:00:00,중간부하,140,0,279.042,438.028,Medium,0.4585,0
2026-10-14 09:15:00,중간부하,140,0,286.857,443.7,Medium,0.4585,0
2026-10-14 09:30:00,중간부하,140,0,272.74,436.552,Medium,0.4585,0
2026-10-14 09:45:00,중간부하,140,0,269.892,434.636,Medium,0.4585,0
2026-10-14 10:00:00,최대부하,220,1,256.118,376.832,Maximum,0.4585,0
2026-10-14 10:15:00,최대부하,220,1,267.085,450.2,Maximum,0.4585,0
2026-10-14 10:30:00,최대부하,220,1,265.439,407.8,Maximum,0.4585,0
2026-10-14 10:45:00,최대부하,220,1,295.369,447.328,Maximum,0.4585,0
2026-10-14 11:00:00,최대부하,220,1,291.302,439.468,Maximum,0.4585,0
2026-10-14 11:15:00,최대부하,220,1,284.038,446.508,Maximum,0.4585,0
2026-10-14 11:30:00,최대부하,220,1,266.75,394.544,Maximum,0.4585,0
2026-10-14 11:45:00,최대부하,220,1,244.678,412.244,Maximum,0.4585,0
2026-10-14 12:00:00,중간부하,140,0,40.369,79.632,Medium,0.4585,0
2026-10-14 12:15:00,중간부하,140,0,27.647,34.036,Medium,0.4585,0
2026-10-14 12:30:00,중간부하,140,0,28.149,36.224,Medium,0.4585,0
2026-10-14 12:45:00,중간부하,140,0,29.332,36.208,Medium,0.4585,0
2026-10-14 13:00:00,중간부하,140,0,171.38,265.68,Maximum,0.4585,0
2026-10-14 13:15:00,중간부하,140,0,266.295,429.796,Maximum,0.4585,0
2026-10-14 13:30:00,중간부하,140,0,258.91,392.788,Maximum,0.4585,0
2026-10-14 13:45:00,중간부하,140,0,279.498,438.048,Maximum,0.4585,0
2026-10-14 14:00:00,중간부하,140,0,285.861,447.572,Maximum,0.4585,0
2026-10-14 14:15:00,중간부하,140,0,272.125,477.72,Maximum,0.4585,0
2026-10-14 14:30:00,중간부하,140,0,272.985,434.376,Maximum,0.4585,0
2026-10-14 14:45:00,중간부하,140,0,279.835,441.488,Maximum,0.4585,0
2026-10-14 15:00:00,중간부하,140,0,270.658,465.156,Maximum,0.4585,0
2026-10-14 15:15:00,중간부하,140,0,269.159,445.508,Maximum,0.4585,0
2026-10-14 15:30:00,중간부하,140,0,271.022,412.792,Maximum,0.4585,0
2026-10-14 15:45:00,중간부하,140,0,271.092,452.548,Maximum,0.4585,0
2026-10-14 16:00:00,중간부하,140,0,264.628,402.856,Maximum,0.4585,0
2026-10-14 16:15:00,중간부하,140,0,280.148,447.256,Maximum,0.4585,0
2026-10-14 16:30:00,중간부하,140,0,287.726,474.104,Maximum,0.4585,0
2026-10-14 16:45:00,중간부하,140,0,269.837,435.672,Maximum,0.4585,0
2026-10-14 17:00:00,최대부하,220,1,269.621,476.012,Medium,0.4585,0
2026-10-14 17:15:00,최대부하,220,1,251.815,432.088,Medium,0.4585,0
2026-10-14 17:30:00,최대부하,220,1,173.331,301.58,Medium,0.4585,0
2026-10-14 17:45:00,최대부하,220,1,135.333,210.152,Medium,0.4585,0
2026-10-14 18:00:00,최대부하,220,1,124.455,234.872,Medium,0.4585,0
2026-10-14 18:15:00,최대부하,220,1,154.137,369.252,Medium,0.4585,0
2026-10-14 18:30:00,최대부하,220,1,151.595,339.156,Medium,0.4585,0
2026-10-14 18:45:00,최대부하,220,1,158.055,385.588,Medium,0.4585,0
2026-10-14 19:00:00,최대부하,220,1,152.064,336.472,Medium,0.4585,0
2026-10-14 19:15:00,최대부하,220,1,150.662,326.476,Medium,0.4585,0
2026-10-14 19:30:00,최대부하,220,1,147.891,370.268,Medium,0.4585,0
2026-10-14 19:45:00,최대부하,220,1,153.55,370.348,Medium,0.4585,0
2026-10-14 20:00:00,중간부하,140,0,159.595,381.004,Medium,0.4585,0
2026-10-14 20:15:00,중간부하,140,0,154.218,371.836,Medium,0.4585,0
2026-10-14 20:30:00,중간부하,140,0,133.906,344.396,Medium,0.4585,0
2026-10-14 20:45:00,중간부하,140,0,90.133,226.556,Medium,0.4585,0
2026-10-14 21:00:00,중간부하,140,0,54.913,149.236,Medium,0.4585,0
2026-10-14 21:15:00,중간부하,140,0,49.363,159.192,Medium,0.4585,0
2026-10-14 21:30:00,중간부하,140,0,48.443,148.696,Medium,0.4585,0
2026-10-14 21:45:00,중간부하,140,0,39.593,135.172,Medium,0.4585,0
2026-10-14 22:00:00,경부하,90,0,34.38,41.456,Medium,0.4585,0
2026-10-14 22:15:00,경부하,90,0,32.804,21.744,Medium,0.4585,0
2026-10-14 22:30:00,경부하,90,0,31.518,21.584,Medium,0.4585,0
2026-10-14 22:45:00,경부하,90,0,34.164,21.428,Medium,0.4585,0
2026-10-14 23:00:00,경부하,90,0,33.887,21.292,Light,0.4585,0
2026-10-14 23:15:00,경부하,90,0,34.529,20.9,Light,0.4585,0
2026-10-14 23:30:00,경부하,90,0,33.838,20.932,Light,0.4585,0
2026-10-14 23:45:00,경부하,90,0,30.667,20.944,Light,0.4585,0
2026-10-15 00:00:00,경부하,90,0,33.367,20.692,Light,0.4585,0
2026-10-15 00:15:00,경부하,90,0,33.265,21.104,Light,0.4585,0
2026-10-15 00:30:00,경부하,90,0,31.42,20.692,Light,0.4585,0
2026-10-15 00:45:00,경부하,90,0,34.583,19.132,Light,0.4585,0
2026-10-15 01:00:00,경부하,90,0,30.894,18.44,Light,0.4585,0
2026-10-15 01:15:00,경부하,90,0,20.935,18.44,Light,0.4585,0
2026-10-15 01:30:00,경부하,90,0,18.714,18.72,Light,0.4585,0
2026-10-15 01:45:00,경부하,90,0,19.015,21.168,Light,0.4585,0
2026-10-15 02:00:00,경부하,90,0,19.253,19.412,Light,0.4585,0
2026-10-15 02:15:00,경부하,90,0,19.285,20.504,Light,0.4585,0
2026-10-15 02:30:00,경부하,90,0,18.778,20.044,Light,0.4585,0
2026-10-15 02:45:00,경부하,90,0,18.864,22.148,Light,0.4585,0
2026-10-15 03:00:00,경부하,90,0,19.052,20.412,Light,0.4585,0
2026-10-15 03:15:00,경부하,90,0,18.583,18.424,Light,0.4585,0
2026-10-15 03:30:00,경부하,90,0,18.577,18.424,Light,0.4585,0
2026-10-15 03:45:00,경부하,90,0,19.012,19.872,Light,0.4585,0
2026-10-15 04:00:00,경부하,90,0,19.283,20.492,Light,0.4585,0
2026-10-15 04:15:00,경부하,90,0,19.173,18.424,Light,0.4585,0
2026-10-15 04:30:00,경부하,90,0,18.645,18.548,Light,0.4585,0
2026-10-15 04:45:00,경부하,90,0,18.767,18.016,Light,0.4585,0
2026-10-15 05:00:00,경부하,90,0,18.808,17.548,Light,0.4585,0
2026-10-15 05:15:00,경부하,90,0,18.412,17.704,Light,0.4585,0
2026-10-15 05:30:00,경부하,90,0,18.757,17.84,Light,0.4585,0
2026-10-15 05:45:00,경부하,90,0,19.035,17.224,Light,0.4585,0
2026-10-15 06:00:00,경부하,90,0,18.143,16.724,Light,0.4585,0
2026-10-15 06:15:00,경부하,90,0,18.978,18.268,Light,0.4585,0
2026-10-15 06:30:00,경부하,90,0,18.828,17.692,Light,0.4585,0
2026-10-15 06:45:00,경부하,90,0,18.335,18.236,Light,0.4585,0
2026-10-15 07:00:00,경부하,90,0,18.24,18.1,Light,0.4585,0
2026-10-15 07:15:00,경부하,90,0,20.425,19.568,Light,0.4585,0
2026-10-15 07:30:00,경부하,90,0,23.757,28.64,Light,0.4585,0
2026-10-15 07:45:00,경부하,90,0,27.183,32.5,Light,0.4585,0
2026-10-15 08:00:00,중간부하,140,0,191.397,312.552,Light,0.4585,0
2026-10-15 08:15:00,중간부하,140,0,305.288,471.716,Light,0.4585,0
2026-10-15 08:30:00,중간부하,140,0,307.401,469.268,Light,0.4585,0
2026-10-15 08:45:00,중간부하,140,0,323.661,497.944,Light,0.4585,0
2026-10-15 09:00:00,중간부하,140,0,308.033,471.728,Medium,0.4585,0
2026-10-15 09:15:00,중간부하,140,0,300.822,481.824,Medium,0.4585,0
2026-10-15 09:30:00,중간부하,140,0,298.718,452.528,Medium,0.4585,0
2026-10-15 09:45:00,중간부하,140,0,292.326,469.404,Medium,0.4585,0
2026-10-15 10:00:00,최대부하,220,1,302.987,491.744,Maximum,0.4585,0
2026-10-15 10:15:00,최대부하,220,1,289.321,439.424,Maximum,0.4585,0
2026-10-15 10:30:00,최대부하,220,1,294.67,462.212,Maximum,0.4585,0
2026-10-15 10:45:00,최대부하,220,1,280.6,417.008,Maximum,0.4585,0
2026-10-15 11:00:00,최대부하,220,1,285.437,450.272,Maximum,0.4585,0
2026-10-15 11:15:00,최대부하,220,1,285.953,458.18,Maximum,0.4585,0
2026-10-15 11:30:00,최대부하,220,1,286.922,450.296,Maximum,0.4585,0
2026-10-15 11:45:00,최대부하,220,1,276.387,450.504,Maximum,0.4585,0
2026-10-15 12:00:00,중간부하,140,0,49.101,87.536,Medium,0.4585,0
2026-10-15 12:15:00,중간부하,140,0,28.675,41.14,Medium,0.4585,0
2026-10-15 12:30:00,중간부하,140,0,30.302,40.78,Medium,0.4585,0
2026-10-15 12:45:00,중간부하,140,0,33.602,68.672,Medium,0.4585,0
2026-10-15 13:00:00,중간부하,140,0,187.318,314.524,Maximum,0.4585,0
2026-10-15 13:15:00,중간부하,140,0,272.024,437.96,Maximum,0.4585,0
2026-10-15 13:30:00,중간부하,140,0,272.189,481.076,Maximum,0.4585,0
2026-10-15 13:45:00,중간부하,140,0,266.752,426.356,Maximum,0.4585,0
2026-10-15 14:00:00,중간부하,140,0,264.631,436.104,Maximum,0.4585,0
2026-10-15 14:15:00,중간부하,140,0,265.352,435.32,Maximum,0.4585,0
2026-10-15 14:30:00,중간부하,140,0,265.271,427.024,Maximum,0.4585,0
2026-10-15 14:45:00,중간부하,140,0,270.798,443.78,Maximum,0.4585,0
2026-10-15 15:00:00,중간부하,140,0,260.983,420.084,Maximum,0.4585,0
2026-10-15 15:15:00,중간부하,140,0,261.572,406.8,Maximum,0.4585,0
2026-10-15 15:30:00,중간부하,140,0,281.624,454.304,Maximum,0.4585,0
2026-10-15 15:45:00,중간부하,140,0,262.866,401.816,Maximum,0.4585,0
2026-10-15 16:00:00,중간부하,140,0,277.955,443.332,Maximum,0.4585,0
2026-10-15 16:15:00,중간부하,140,0,271.536,398.32,Maximum,0.4585,0
2026-10-15 16:30:00,중간부하,140,0,264.813,409.68,Maximum,0.4585,0
2026-10-15 16:45:00,중간부하,140,0,251.23,390.204,Maximum,0.4585,0
2026-10-15 17:00:00,최대부하,220,1,270.641,441.064,Medium,0.4585,0
2026-10-15 17:15:00,최대부하,220,1,243.981,394.12,Medium,0.4585,0
2026-10-15 17:30:00,최대부하,220,1,137.975,200.288,Medium,0.4585,0
2026-10-15 17:45:00,최대부하,220,1,130.982,173.52,Medium,0.4585,0
2026-10-15 18:00:00,최대부하,220,1,180.622,272.608,Medium,0.4585,0
2026-10-15 18:15:00,최대부하,220,1,228.064,412.568,Medium,0.4585,0
2026-10-15 18:30:00,최대부하,220,1,216.218,337.248,Medium,0.4585,0
2026-10-15 18:45:00,최대부하,220,1,231.463,427.104,Medium,0.4585,0
2026-10-15 19:00:00,최대부하,220,1,214.949,359.048,Medium,0.4585,0
2026-10-15 19:15:00,최대부하,220,1,222.671,370.856,Medium,0.4585,0
2026-10-15 19:30:00,최대부하,220,1,223.345,401.228,Medium,0.4585,0
2026-10-15 19:45:00,최대부하,220,1,216.407,379.296,Medium,0.4585,0
2026-10-15 20:00:00,중간부하,140,0,216.952,366.416,Medium,0.4585,0
2026-10-15 20:15:00,중간부하,140,0,235.69,430.184,Medium,0.4585,0
2026-10-15 20:30:00,중간부하,140,0,201.626,410.888,Medium,0.4585,0
2026-10-15 20:45:00,중간부하,140,0,136.433,299.044,Medium,0.4585,0
2026-10-15 21:00:00,중간부하,140,0,77.192,247.636,Medium,0.4585,0
2026-10-15 21:15:00,중간부하,140,0,52.722,160.864,Medium,0.4585,0
2026-10-15 21:30:00,중간부하,140,0,43.755,133.436,Medium,0.4585,0
2026-10-15 21:45:00,중간부하,140,0,41.743,123.38,Medium,0.4585,0
2026-10-15 22:00:00,경부하,90,0,39.685,45.388,Medium,0.4585,0
2026-10-15 22:15:00,경부하,90,0,36.102,26.136,Medium,0.4585,0
2026-10-15 22:30:00,경부하,90,0,39.482,25.868,Medium,0.4585,0
2026-10-15 22:45:00,경부하,90,0,41.073,28.568,Medium,0.4585,0
2026-10-15 23:00:00,경부하,90,0,35.87,29.824,Light,0.4585,0
2026-10-15 23:15:00,경부하,90,0,34.091,27.108,Light,0.4585,0
2026-10-15 23:30:00,경부하,90,0,36.598,21.512,Light,0.4585,0
2026-10-15 23:45:00,경부하,90,0,39.829,20.968,Light,0.4585,0
2026-10-16 00:00:00,경부하,90,0,30.361,21.16,Light,0.4585,0
2026-10-16 00:15:00,경부하,90,0,38.746,21.032,Light,0.4585,0
2026-10-16 00:30:00,경부하,90,0,35.905,20.908,Light,0.4585,0
2026-10-16 00:45:00,경부하,90,0,33.632,21.016,Light,0.4585,0
2026-10-16 01:00:00,경부하,90,0,24.041,20.924,Light,0.4585,0
2026-10-16 01:15:00,경부하,90,0,21.534,21.368,Light,0.4585,0
2026-10-16 01:30:00,경부하,90,0,20.223,21.204,Light,0.4585,0
2026-10-16 01:45:00,경부하,90,0,19.115,19.664,Light,0.4585,0
2026-10-16 02:00:00,경부하,90,0,22.425,19.808,Light,0.4585,0
2026-10-16 02:15:00,경부하,90,0,22.317,19.808,Light,0.4585,0
2026-10-16 02:30:00,경부하,90,0,20.325,19.664,Light,0.4585,0
2026-10-16 02:45:00,경부하,90,0,21.089,20.188,Light,0.4585,0
2026-10-16 03:00:00,경부하,90,0,20.312,19.916,Light,0.4585,0
2026-10-16 03:15:00,경부하,90,0,21.456,19.792,Light,0.4585,0
2026-10-16 03:30:00,경부하,90,0,19.235,20.032,Light,0.4585,0
2026-10-16 03:45:00,경부하,90,0,19.102,19.0,Light,0.4585,0
2026-10-16 04:00:00,경부하,90,0,19.117,19.144,Light,0.4585,0
2026-10-16 04:15:00,경부하,90,0,20.109,20.044,Light,0.4585,0
2026-10-16 04:30:00,경부하,90,0,18.887,18.944,Light,0.4585,0
2026-10-16 04:45:00,경부하,90,0,18.64,18.836,Light,0.4585,0
2026-10-16 05:00:00,경부하,90,0,18.962,19.424,Light,0.4585,0
2026-10-16 05:15:00,경부하,90,0,20.562,18.504,Light,0.4585,0
2026-10-16 05:30:00,경부하,90,0,21.922,18.928,Light,0.4585,0
2026-10-16 05:45:00,경부하,90,0,21.122,18.704,Light,0.4585,0
2026-10-16 06:00:00,경부하,90,0,21.338,18.944,Light,0.4585,0
2026-10-16 06:15:00,경부하,90,0,21.855,18.404,Light,0.4585,0
2026-10-16 06:30:00,경부하,90,0,20.911,17.516,Light,0.4585,0
2026-10-16 06:45:00,경부하,90,0,22.001,17.264,Light,0.4585,0
2026-10-16 07:00:00,경부하,90,0,21.557,18.124,Light,0.4585,0
2026-10-16 07:15:00,경부하,90,0,21.214,20.924,Light,0.4585,0
2026-10-16 07:30:00,경부하,90,0,26.972,29.108,Light,0.4585,0
2026-10-16 07:45:00,경부하,90,0,26.195,35.944,Light,0.4585,0
2026-10-16 08:00:00,중간부하,140,0,156.597,241.18,Light,0.4585,0
2026-10-16 08:15:00,중간부하,140,0,260.635,411.824,Light,0.4585,0
2026-10-16 08:30:00,중간부하,140,0,279.825,458.452,Light,0.4585,0
2026-10-16 08:45:00,중간부하,140,0,290.583,452.932,Light,0.4585,0
2026-10-16 09:00:00,중간부하,140,0,293.703,463.6,Medium,0.4585,0
2026-10-16 09:15:00,중간부하,140,0,276.915,435.428,Medium,0.4585,0
2026-10-16 09:30:00,중간부하,140,0,264.379,421.22,Medium,0.4585,0
2026-10-16 09:45:00,중간부하,140,0,263.182,400.228,Medium,0.4585,0
2026-10-16 10:00:00,최대부하,220,1,254.578,415.28,Maximum,0.4585,0
2026-10-16 10:15:00,최대부하,220,1,258.041,407.836,Maximum,0.4585,0
2026-10-16 10:30:00,최대부하,220,1,251.716,399.22,Maximum,0.4585,0
2026-10-16 10:45:00,최대부하,220,1,256.311,391.032,Maximum,0.4585,0
2026-10-16 11:00:00,최대부하,220,1,262.412,431.804,Maximum,0.4585,0
2026-10-16 11:15:00,최대부하,220,1,269.604,442.64,Maximum,0.4585,0
2026-10-16 11:30:00,최대부하,220,1,260.805,416.5,Maximum,0.4585,0
2026-10-16 11:45:00,최대부하,220,1,255.243,453.296,Maximum,0.4585,0
2026-10-16 12:00:00,중간부하,140,0,46.342,103.088,Medium,0.4585,0
2026-10-16 12:15:00,중간부하,140,0,24.532,38.736,Medium,0.4585,0
2026-10-16 12:30:00,중간부하,140,0,23.851,33.532,Medium,0.4585,0
2026-10-16 12:45:00,중간부하,140,0,23.976,33.884,Medium,0.4585,0
2026-10-16 13:00:00,중간부하,140,0,174.841,277.372,Maximum,0.4585,0
2026-10-16 13:15:00,중간부하,140,0,260.305,426.196,Maximum,0.4585,0
2026-10-16 13:30:00,중간부하,140,0,270.731,428.74,Maximum,0.4585,0
2026-10-16 13:45:00,중간부하,140,0,258.359,402.068,Maximum,0.4585,0
2026-10-16 14:00:00,중간부하,140,0,266.001,414.964,Maximum,0.4585,0
2026-10-16 14:15:00,중간부하,140,0,269.82,433.576,Maximum,0.4585,0
2026-10-16 14:30:00,중간부하,140,0,270.388,437.184,Maximum,0.4585,0
2026-10-16 14:45:00,중간부하,140,0,266.162,416.176,Maximum,0.4585,0
2026-10-16 15:00:00,중간부하,140,0,248.149,386.8,Maximum,0.4585,0
2026-10-16 15:15:00,중간부하,140,0,267.525,460.784,Maximum,0.4585,0
2026-10-16 15:30:00,중간부하,140,0,261.2,442.784,Maximum,0.4585,0
2026-10-16 15:45:00,중간부하,140,0,255.565,408.96,Maximum,0.4585,0
2026-10-16 16:00:00,중간부하,140,0,276.294,449.316,Maximum,0.4585,0
2026-10-16 16:15:00,중간부하,140,0,255.948,402.716,Maximum,0.4585,0
2026-10-16 16:30:00,중간부하,140,0,278.278,445.96,Maximum,0.4585,0
2026-10-16 16:45:00,중간부하,140,0,251.913,411.46,Maximum,0.4585,0
2026-10-16 17:00:00,최대부하,220,1,243.877,364.12,Medium,0.4585,0
2026-10-16 17:15:00,최대부하,220,1,235.685,397.404,Medium,0.4585,0
2026-10-16 17:30:00,최대부하,220,1,142.014,205.22,Medium,0.4585,0
2026-10-16 17:45:00,최대부하,220,1,132.378,195.788,Medium,0.4585,0
2026-10-16 18:00:00,최대부하,220,1,158.27,250.328,Medium,0.4585,0
2026-10-16 18:15:00,최대부하,220,1,203.446,317.32,Medium,0.4585,0
2026-10-16 18:30:00,최대부하,220,1,200.544,359.28,Medium,0.4585,0
2026-10-16 18:45:00,최대부하,220,1,204.748,387.332,Medium,0.4585,0
2026-10-16 19:00:00,최대부하,220,1,202.898,344.016,Medium,0.4585,0
2026-10-16 19:15:00,최대부하,220,1,204.345,317.752,Medium,0.4585,0
2026-10-16 19:30:00,최대부하,220,1,213.591,404.336,Medium,0.4585,0
2026-10-16 19:45:00,최대부하,220,1,210.014,411.524,Medium,0.4585,0
2026-10-16 20:00:00,중간부하,140,0,210.725,400.544,Medium,0.4585,0
2026-10-16 20:15:00,중간부하,140,0,197.949,337.696,Medium,0.4585,0
2026-10-16 20:30:00,중간부하,140,0,189.179,387.604,Medium,0.4585,0
2026-10-16 20:45:00,중간부하,140,0,114.285,238.156,Medium,0.4585,0
2026-10-16 21:00:00,중간부하,140,0,60.127,155.52,Medium,0.4585,0
2026-10-16 21:15:00,중간부하,140,0,52.508,158.732,Medium,0.4585,0
2026-10-16 21:30:00,중간부하,140,0,46.501,147.616,Medium,0.4585,0
2026-10-16 21:45:00,중간부하,140,0,50.834,144.412,Medium,0.4585,0
2026-10-16 22:00:00,경부하,90,0,45.177,154.388,Medium,0.4585,0
2026-10-16 22:15:00,경부하,90,0,38.754,131.336,Medium,0.4585,0
2026-10-16 22:30:00,경부하,90,0,47.296,127.052,Medium,0.4585,0
2026-10-16 22:45:00,경부하,90,0,37.343,128.996,Medium,0.4585,0
2026-10-16 23:00:00,경부하,90,0,38.762,132.32,Light,0.4585,0
2026-10-16 23:15:00,경부하,90,0,46.49,112.852,Light,0.4585,0
2026-10-16 23:30:00,경부하,90,0,40.772,112.16,Light,0.4585,0
2026-10-16 23:45:00,경부하,90,0,42.482,112.372,Light,0.4585,0
2026-10-17 00:00:00,경부하,76,0,43.126,133.544,Light,0.4585,0
2026-10-17 00:15:00,경부하,76,0,40.765,135.036,Light,0.4585,0
2026-10-17 00:30:00,경부하,76,0,38.779,73.384,Light,0.4585,0
2026-10-17 00:45:00,경부하,76,0,34.83,27.468,Light,0.4585,0
2026-10-17 01:00:00,경부하,76,0,35.279,22.652,Light,0.4585,0
2026-10-17 01:15:00,경부하,76,0,25.721,19.808,Light,0.4585,0
2026-10-17 01:30:00,경부하,76,0,23.928,19.512,Light,0.4585,0
2026-10-17 01:45:00,경부하,76,0,21.462,23.524,Light,0.4585,0
2026-10-17 02:00:00,경부하,76,0,18.222,21.832,Light,0.4585,0
2026-10-17 02:15:00,경부하,76,0,20.736,18.676,Light,0.4585,0
2026-10-17 02:30:00,경부하,76,0,20.572,18.844,Light,0.4585,0
2026-10-17 02:45:00,경부하,76,0,18.598,20.204,Light,0.4585,0
2026-10-17 03:00:00,경부하,76,0,19.308,19.252,Light,0.4585,0
2026-10-17 03:15:00,경부하,76,0,20.568,20.824,Light,0.4585,0
2026-10-17 03:30:00,경부하,76,0,18.908,18.772,Light,0.4585,0
2026-10-17 03:45:00,경부하,76,0,19.745,19.16,Light,0.4585,0
2026-10-17 04:00:00,경부하,76,0,20.234,18.692,Light,0.4585,0
2026-10-17 04:15:00,경부하,76,0,18.193,18.856,Light,0.4585,0
2026-10-17 04:30:00,경부하,76,0,20.502,18.676,Light,0.4585,0
2026-10-17 04:45:00,경부하,76,0,19.883,18.772,Light,0.4585,0
2026-10-17 05:00:00,경부하,76,0,18.612,18.972,Light,0.4585,0
2026-10-17 05:15:00,경부하,76,0,20.46,18.664,Light,0.4585,0
2026-10-17 05:30:00,경부하,76,0,18.132,18.756,Light,0.4585,0
2026-10-17 05:45:00,경부하,76,0,17.727,18.72,Light,0.4585,0
2026-10-17 06:00:00,경부하,76,0,20.401,18.756,Light,0.4585,0
2026-10-17 06:15:00,경부하,76,0,18.839,16.796,Light,0.4585,0
2026-10-17 06:30:00,경부하,76,0,18.765,16.784,Light,0.4585,0
2026-10-17 06:45:00,경부하,76,0,20.345,16.544,Light,0.4585,0
2026-10-17 07:00:00,경부하,76,0,17.589,17.576,Light,0.4585,0
2026-10-17 07:15:00,경부하,76,0,16.712,16.4,Light,0.4585,0
2026-10-17 07:30:00,경부하,76,0,17.474,25.012,Light,0.4585,0
2026-10-17 07:45:00,경부하,76,0,20.316,27.504,Light,0.4585,0
2026-10-17 08:00:00,중간부하,119,0,89.882,159.164,Light,0.4585,0
2026-10-17 08:15:00,중간부하,119,0,148.489,359.388,Light,0.4585,0
2026-10-17 08:30:00,중간부하,119,0,139.175,294.992,Light,0.4585,0
2026-10-17 08:45:00,중간부하,119,0,143.964,252.836,Light,0.4585,0
2026-10-17 09:00:00,중간부하,119,0,151.455,336.068,Medium,0.4585,0
2026-10-17 09:15:00,중간부하,119,0,146.051,299.88,Medium,0.4585,0
2026-10-17 09:30:00,중간부하,119,0,142.095,250.516,Medium,0.4585,0
2026-10-17 09:45:00,중간부하,119,0,145.035,282.368,Medium,0.4585,0
2026-10-17 10:00:00,최대부하,187,1,145.905,294.76,Maximum,0.4585,0
2026-10-17 10:15:00,최대부하,187,1,148.066,309.672,Maximum,0.4585,0
2026-10-17 10:30:00,최대부하,187,1,147.628,288.02,Maximum,0.4585,0
2026-10-17 10:45:00,최대부하,187,1,155.062,364.048,Maximum,0.4585,0
2026-10-17 11:00:00,최대부하,187,1,142.73,268.724,Maximum,0.4585,0
2026-10-17 11:15:00,최대부하,187,1,146.409,291.528,Maximum,0.4585,0
2026-10-17 11:30:00,최대부하,187,1,145.442,291.616,Maximum,0.4585,0
2026-10-17 11:45:00,최대부하,187,1,106.313,226.232,Maximum,0.4585,0
2026-10-17 12:00:00,중간부하,119,0,25.505,39.248,Medium,0.4585,0
2026-10-17 12:15:00,중간부하,119,0,20.312,24.984,Medium,0.4585,0
2026-10-17 12:30:00,중간부하,119,0,20.444,25.596,Medium,0.4585,0
2026-10-17 12:45:00,중간부하,119,0,20.73,26.036,Medium,0.4585,0
2026-10-17 13:00:00,중간부하,119,0,74.014,136.1,Maximum,0.4585,0
2026-10-17 13:15:00,중간부하,119,0,151.325,334.276,Maximum,0.4585,0
2026-10-17 13:30:00,중간부하,119,0,151.055,330.292,Maximum,0.4585,0
2026-10-17 13:45:00,중간부하,119,0,154.525,362.224,Maximum,0.4585,0
2026-10-17 14:00:00,중간부하,119,0,145.119,298.0,Maximum,0.4585,0
2026-10-17 14:15:00,중간부하,119,0,154.367,333.324,Maximum,0.4585,0
2026-10-17 14:30:00,중간부하,119,0,151.035,317.32,Maximum,0.4585,0
2026-10-17 14:45:00,중간부하,119,0,158.344,338.176,Maximum,0.4585,0
2026-10-17 15:00:00,중간부하,119,0,153.372,369.604,Maximum,0.4585,0
2026-10-17 15:15:00,중간부하,119,0,156.283,324.34,Maximum,0.4585,0
2026-10-17 15:30:00,중간부하,119,0,163.725,343.692,Maximum,0.4585,0
2026-10-17 15:45:00,중간부하,119,0,146.872,311.544,Maximum,0.4585,0
2026-10-17 16:00:00,중간부하,119,0,153.275,315.664,Maximum,0.4585,0
2026-10-17 16:15:00,중간부하,119,0,148.156,333.576,Maximum,0.4585,0
2026-10-17 16:30:00,중간부하,119,0,140.021,352.736,Maximum,0.4585,0
2026-10-17 16:45:00,중간부하,119,0,75.312,159.984,Maximum,0.4585,0
2026-10-17 17:00:00,최대부하,187,1,38.946,104.212,Medium,0.4585,0
2026-10-17 17:15:00,최대부하,187,1,35.028,100.008,Medium,0.4585,0
2026-10-17 17:30:00,최대부하,187,1,33.513,104.3,Medium,0.4585,0
2026-10-17 17:45:00,최대부하,187,1,34.641,97.344,Medium,0.4585,0
2026-10-17 18:00:00,최대부하,187,1,31.698,95.168,Medium,0.4585,0
2026-10-17 18:15:00,최대부하,187,1,31.564,25.604,Medium,0.4585,0
2026-10-17 18:30:00,최대부하,187,1,28.671,21.304,Medium,0.4585,0
2026-10-17 18:45:00,최대부하,187,1,31.088,20.528,Medium,0.4585,0
2026-10-17 19:00:00,최대부하,187,1,28.996,20.664,Medium,0.4585,0
2026-10-17 19:15:00,최대부하,187,1,26.009,20.0,Medium,0.4585,0
2026-10-17 19:30:00,최대부하,187,1,29.461,19.96,Medium,0.4585,0
2026-10-17 19:45:00,최대부하,187,1,29.867,20.044,Medium,0.4585,0
2026-10-17 20:00:00,중간부하,119,0,29.556,19.424,Medium,0.4585,0
2026-10-17 20:15:00,중간부하,119,0,28.473,19.54,Medium,0.4585,0
2026-10-17 20:30:00,중간부하,119,0,26.323,19.108,Medium,0.4585,0
2026-10-17 20:45:00,중간부하,119,0,25.864,19.18,Medium,0.4585,0
2026-10-17 21:00:00,중간부하,119,0,26.016,18.944,Medium,0.4585,0
2026-10-17 21:15:00,중간부하,119,0,25.37,20.204,Medium,0.4585,0
2026-10-17 21:30:00,중간부하,119,0,26.457,19.028,Medium,0.4585,0
2026-10-17 21:45:00,중간부하,119,0,23.398,18.368,Medium,0.4585,0
2026-10-17 22:00:00,경부하,76,0,25.642,18.416,Medium,0.4585,0
2026-10-17 22:15:00,경부하,76,0,24.288,18.368,Medium,0.4585,0
2026-10-17 22:30:00,경부하,76,0,24.244,18.62,Medium,0.4585,0
2026-10-17 22:45:00,경부하,76,0,23.669,18.28,Medium,0.4585,0
2026-10-17 23:00:00,경부하,76,0,23.612,17.532,Light,0.4585,0
2026-10-17 23:15:00,경부하,76,0,23.451,16.048,Light,0.4585,0
2026-10-17 23:30:00,경부하,76,0,22.961,15.28,Light,0.4585,0
2026-10-17 23:45:00,경부하,76,0,21.873,17.064,Light,0.4585,0
2026-10-18 00:00:00,경부하,76,0,22.248,16.328,Light,0.4585,0
2026-10-18 00:15:00,경부하,76,0,21.832,15.94,Light,0.4585,0
2026-10-18 00:30:00,경부하,76,0,19.921,16.288,Light,0.4585,0
2026-10-18 00:45:00,경부하,76,0,20.232,18.252,Light,0.4585,0
2026-10-18 01:00:00,경부하,76,0,17.288,17.984,Light,0.4585,0
2026-10-18 01:15:00,경부하,76,0,15.905,17.604,Light,0.4585,0
2026-10-18 01:30:00,경부하,76,0,15.657,16.532,Light,0.4585,0
2026-10-18 01:45:00,경부하,76,0,15.828,16.616,Light,0.4585,0
2026-10-18 02:00:00,경부하,76,0,15.318,16.22,Light,0.4585,0
2026-10-18 02:15:00,경부하,76,0,15.278,16.652,Light,0.4585,0
2026-10-18 02:30:00,경부하,76,0,15.838,16.712,Light,0.4585,0
2026-10-18 02:45:00,경부하,76,0,15.985,17.928,Light,0.4585,0
2026-10-18 03:00:00,경부하,76,0,15.722,16.768,Light,0.4585,0
2026-10-18 03:15:00,경부하,76,0,15.743,15.388,Light,0.4585,0
2026-10-18 03:30:00,경부하,76,0,15.731,17.264,Light,0.4585,0
2026-10-18 03:45:00,경부하,76,0,15.575,15.796,Light,0.4585,0
2026-10-18 04:00:00,경부하,76,0,15.706,15.784,Light,0.4585,0
2026-10-18 04:15:00,경부하,76,0,15.354,16.064,Light,0.4585,0
2026-10-18 04:30:00,경부하,76,0,15.713,16.544,Light,0.4585,0
2026-10-18 04:45:00,경부하,76,0,15.895,17.632,Light,0.4585,0
2026-10-18 05:00:00,경부하,76,0,15.068,16.472,Light,0.4585,0
2026-10-18 05:15:00,경부하,76,0,14.018,16.388,Light,0.4585,0
2026-10-18 05:30:00,경부하,76,0,12.866,16.784,Light,0.4585,0
2026-10-18 05:45:00,경부하,76,0,12.792,16.576,Light,0.4585,0
2026-10-18 06:00:00,경부하,76,0,12.713,15.928,Light,0.4585,0
2026-10-18 06:15:00,경부하,76,0,12.64,15.652,Light,0.4585,0
2026-10-18 06:30:00,경부하,76,0,12.932,17.08,Light,0.4585,0
2026-10-18 06:45:00,경부하,76,0,12.771,16.236,Light,0.4585,0
2026-10-18 07:00:00,경부하,76,0,12.516,15.444,Light,0.4585,0
2026-10-18 07:15:00,경부하,76,0,12.54,15.328,Light,0.4585,0
2026-10-18 07:30:00,경부하,76,0,12.668,15.824,Light,0.4585,0
2026-10-18 07:45:00,경부하,76,0,14.532,17.784,Light,0.4585,0
2026-10-18 08:00:00,중간부하,119,0,42.572,105.976,Light,0.4585,0
2026-10-18 08:15:00,중간부하,119,0,65.489,195.32,Light,0.4585,0
2026-10-18 08:30:00,중간부하,119,0,60.635,167.492,Light,0.4585,0
2026-10-18 08:45:00,중간부하,119,0,65.008,164.896,Light,0.4585,0
2026-10-18 09:00:00,중간부하,119,0,60.27,144.208,Light,0.4585,0
2026-10-18 09:15:00,중간부하,119,0,63.161,155.428,Light,0.4585,0
2026-10-18 09:30:00,중간부하,119,0,68.01,199.456,Light,0.4585,0
2026-10-18 09:45:00,중간부하,119,0,62.445,144.0,Light,0.4585,0
2026-10-18 10:00:00,최대부하,187,1,64.752,198.46,Light,0.4585,0
2026-10-18 10:15:00,최대부하,187,1,64.89,189.268,Light,0.4585,0
2026-10-18 10:30:00,최대부하,187,1,64.339,139.952,Light,0.4585,0
2026-10-18 10:45:00,최대부하,187,1,62.242,140.42,Light,0.4585,0
2026-10-18 11:00:00,최대부하,187,1,66.597,149.248,Light,0.4585,0
2026-10-18 11:15:00,최대부하,187,1,62.407,204.356,Light,0.4585,0
2026-10-18 11:30:00,최대부하,187,1,64.188,214.236,Light,0.4585,0
2026-10-18 11:45:00,최대부하,187,1,41.472,136.096,Light,0.4585,0
2026-10-18 12:00:00,중간부하,119,0,16.96,22.176,Light,0.4585,0
2026-10-18 12:15:00,중간부하,119,0,16.848,21.024,Light,0.4585,0
2026-10-18 12:30:00,중간부하,119,0,16.795,21.384,Light,0.4585,0
2026-10-18 12:45:00,중간부하,119,0,16.46,20.356,Light,0.4585,0
2026-10-18 13:00:00,중간부하,119,0,37.534,89.836,Light,0.4585,0
2026-10-18 13:15:00,중간부하,119,0,67.28,144.956,Light,0.4585,0
2026-10-18 13:30:00,중간부하,119,0,61.742,199.78,Light,0.4585,0
2026-10-18 13:45:00,중간부하,119,0,62.418,140.356,Light,0.4585,0
2026-10-18 14:00:00,중간부하,119,0,59.25,141.076,Light,0.4585,0
2026-10-18 14:15:00,중간부하,119,0,59.904,141.112,Light,0.4585,0
2026-10-18 14:30:00,중간부하,119,0,59.657,144.98,Light,0.4585,0
2026-10-18 14:45:00,중간부하,119,0,58.42,139.196,Light,0.4585,0
2026-10-18 15:00:00,중간부하,119,0,57.632,146.972,Light,0.4585,0
2026-10-18 15:15:00,중간부하,119,0,57.97,134.44,Light,0.4585,0
2026-10-18 15:30:00,중간부하,119,0,57.804,147.152,Light,0.4585,0
2026-10-18 15:45:00,중간부하,119,0,57.182,145.592,Light,0.4585,0
2026-10-18 16:00:00,중간부하,119,0,57.992,152.372,Light,0.4585,0
2026-10-18 16:15:00,중간부하,119,0,52.412,135.488,Light,0.4585,0
2026-10-18 16:30:00,중간부하,119,0,47.272,140.6,Light,0.4585,0
2026-10-18 16:45:00,중간부하,119,0,25.923,37.736,Light,0.4585,0
2026-10-18 17:00:00,최대부하,187,1,20.468,20.32,Light,0.4585,0
2026-10-18 17:15:00,최대부하,187,1,20.326,19.856,Light,0.4585,0
2026-10-18 17:30:00,최대부하,187,1,19.438,19.988,Light,0.4585,0
2026-10-18 17:45:00,최대부하,187,1,18.378,19.836,Light,0.4585,0
2026-10-18 18:00:00,최대부하,187,1,18.608,18.884,Light,0.4585,0
2026-10-18 18:15:00,최대부하,187,1,18.747,18.8,Light,0.4585,0
2026-10-18 18:30:00,최대부하,187,1,19.018,19.72,Light,0.4585,0
2026-10-18 18:45:00,최대부하,187,1,19.511,19.864,Light,0.4585,0
2026-10-18 19:00:00,최대부하,187,1,19.579,19.764,Light,0.4585,0
2026-10-18 19:15:00,최대부하,187,1,19.396,19.476,Light,0.4585,0
2026-10-18 19:30:00,최대부하,187,1,19.217,19.144,Light,0.4585,0
2026-10-18 19:45:00,최대부하,187,1,19.61,19.944,Light,0.4585,0
2026-10-18 20:00:00,중간부하,119,0,19.327,17.84,Light,0.4585,0
2026-10-18 20:15:00,중간부하,119,0,19.314,18.988,Light,0.4585,0
2026-10-18 20:30:00,중간부하,119,0,19.325,18.916,Light,0.4585,0
2026-10-18 20:45:00,중간부하,119,0,16.784,19.556,Light,0.4585,0
2026-10-18 21:00:00,중간부하,119,0,16.109,17.048,Light,0.4585,0
2026-10-18 21:15:00,중간부하,119,0,15.985,18.396,Light,0.4585,0
2026-10-18 21:30:00,중간부하,119,0,15.941,18.424,Light,0.4585,0
2026-10-18 21:45:00,중간부하,119,0,15.938,18.18,Light,0.4585,0
2026-10-18 22:00:00,경부하,76,0,15.539,16.928,Light,0.4585,0
2026-10-18 22:15:00,경부하,76,0,13.565,16.12,Light,0.4585,0
2026-10-18 22:30:00,경부하,76,0,12.806,16.252,Light,0.4585,0
2026-10-18 22:45:00,경부하,76,0,13.003,16.0,Light,0.4585,0
2026-10-18 23:00:00,경부하,76,0,12.68,15.94,Light,0.4585,0
2026-10-18 23:15:00,경부하,76,0,12.646,16.0,Light,0.4585,0
2026-10-18 23:30:00,경부하,76,0,12.673,16.704,Light,0.4585,0
2026-10-18 23:45:00,경부하,76,0,12.833,17.38,Light,0.4585,0
2026-10-19 00:00:00,경부하,90,0,12.85,15.752,Light,0.4585,0
2026-10-19 00:15:00,경부하,90,0,12.956,15.912,Light,0.4585,0
2026-10-19 00:30:00,경부하,90,0,13.035,16.84,Light,0.4585,0
2026-10-19 00:45:00,경부하,90,0,13.085,15.968,Light,0.4585,0
2026-10-19 01:00:00,경부하,90,0,12.997,16.688,Light,0.4585,0
2026-10-19 01:15:00,경부하,90,0,12.794,15.56,Light,0.4585,0
2026-10-19 01:30:00,경부하,90,0,13.008,16.224,Light,0.4585,0
2026-10-19 01:45:00,경부하,90,0,12.882,15.56,Light,0.4585,0
2026-10-19 02:00:00,경부하,90,0,12.63,15.528,Light,0.4585,0
2026-10-19 02:15:00,경부하,90,0,12.98,15.4,Light,0.4585,0
2026-10-19 02:30:00,경부하,90,0,13.34,17.664,Light,0.4585,0
2026-10-19 02:45:00,경부하,90,0,12.99,15.936,Light,0.4585,0
2026-10-19 03:00:00,경부하,90,0,12.848,15.376,Light,0.4585,0
2026-10-19 03:15:00,경부하,90,0,12.751,15.504,Light,0.4585,0
2026-10-19 03:30:00,경부하,90,0,12.724,15.6,Light,0.4585,0
2026-10-19 03:45:00,경부하,90,0,12.756,15.504,Light,0.4585,0
2026-10-19 04:00:00,경부하,90,0,12.845,15.312,Light,0.4585,0
2026-10-19 04:15:00,경부하,90,0,12.782,15.216,Light,0.4585,0
2026-10-19 04:30:00,경부하,90,0,12.925,16.376,Light,0.4585,0
2026-10-19 04:45:00,경부하,90,0,12.878,16.824,Light,0.4585,0
2026-10-19 05:00:00,경부하,90,0,12.779,15.656,Light,0.4585,0
2026-10-19 05:15:00,경부하,90,0,12.618,15.728,Light,0.4585,0
2026-10-19 05:30:00,경부하,90,0,12.798,16.896,Light,0.4585,0
2026-10-19 05:45:00,경부하,90,0,12.466,15.248,Light,0.4585,0
2026-10-19 06:00:00,경부하,90,0,12.367,15.248,Light,0.4585,0
2026-10-19 06:15:00,경부하,90,0,12.623,15.528,Light,0.4585,0
2026-10-19 06:30:00,경부하,90,0,12.895,16.064,Light,0.4585,0
2026-10-19 06:45:00,경부하,90,0,12.731,15.28,Light,0.4585,0
2026-10-19 07:00:00,경부하,90,0,13.008,16.528,Light,0.4585,0
2026-10-19 07:15:00,경부하,90,0,15.638,21.056,Light,0.4585,0
2026-10-19 07:30:00,경부하,90,0,17.853,24.48,Light,0.4585,0
2026-10-19 07:45:00,경부하,90,0,20.112,29.024,Light,0.4585,0
2026-10-19 08:00:00,중간부하,140,0,114.752,179.248,Light,0.4585,0
2026-10-19 08:15:00,중간부하,140,0,251.374,368.576,Light,0.4585,0
2026-10-19 08:30:00,중간부하,140,0,265.695,384.232,Light,0.4585,0
2026-10-19 08:45:00,중간부하,140,0,276.251,445.768,Light,0.4585,0
2026-10-19 09:00:00,중간부하,140,0,280.412,429.496,Medium,0.4585,0
2026-10-19 09:15:00,중간부하,140,0,266.788,387.696,Medium,0.4585,0
2026-10-19 09:30:00,중간부하,140,0,285.483,443.312,Medium,0.4585,0
2026-10-19 09:45:00,중간부하,140,0,277.985,433.776,Medium,0.4585,0
2026-10-19 10:00:00,최대부하,220,1,259.021,397.704,Maximum,0.4585,0
2026-10-19 10:15:00,최대부하,220,1,269.785,427.552,Maximum,0.4585,0
2026-10-19 10:30:00,최대부하,220,1,263.931,400.968,Maximum,0.4585,0
2026-10-19 10:45:00,최대부하,220,1,271.781,400.768,Maximum,0.4585,0
2026-10-19 11:00:00,최대부하,220,1,284.783,424.912,Maximum,0.4585,0
2026-10-19 11:15:00,최대부하,220,1,271.371,416.896,Maximum,0.4585,0
2026-10-19 11:30:00,최대부하,220,1,278.232,439.736,Maximum,0.4585,0
2026-10-19 11:45:00,최대부하,220,1,252.95,411.216,Maximum,0.4585,0
2026-10-19 12:00:00,중간부하,140,0,43.005,82.472,Medium,0.4585,0
2026-10-19 12:15:00,중간부하,140,0,28.669,37.656,Medium,0.4585,0
2026-10-19 12:30:00,중간부하,140,0,27.18,35.536,Medium,0.4585,0
2026-10-19 12:45:00,중간부하,140,0,27.192,35.096,Medium,0.4585,0
2026-10-19 13:00:00,중간부하,140,0,189.26,288.872,Maximum,0.4585,0
2026-10-19 13:15:00,중간부하,140,0,278.242,394.256,Maximum,0.4585,0
2026-10-19 13:30:00,중간부하,140,0,289.083,465.344,Maximum,0.4585,0
2026-10-19 13:45:00,중간부하,140,0,283.115,449.872,Maximum,0.4585,0
2026-10-19 14:00:00,중간부하,140,0,280.602,436.224,Maximum,0.4585,0
2026-10-19 14:15:00,중간부하,140,0,281.37,435.12,Maximum,0.4585,0
2026-10-19 14:30:00,중간부하,140,0,269.744,421.448,Maximum,0.4585,0
2026-10-19 14:45:00,중간부하,140,0,265.072,416.768,Maximum,0.4585,0
2026-10-19 15:00:00,중간부하,140,0,267.761,444.312,Maximum,0.4585,0
2026-10-19 15:15:00,중간부하,140,0,261.191,404.392,Maximum,0.4585,0
2026-10-19 15:30:00,중간부하,140,0,274.968,429.376,Maximum,0.4585,0
2026-10-19 15:45:00,중간부하,140,0,276.381,434.32,Maximum,0.4585,0
2026-10-19 16:00:00,중간부하,140,0,265.951,398.448,Maximum,0.4585,0
2026-10-19 16:15:00,중간부하,140,0,262.306,408.112,Maximum,0.4585,0
2026-10-19 16:30:00,중간부하,140,0,274.065,428.848,Maximum,0.4585,0
2026-10-19 16:45:00,중간부하,140,0,275.57,428.656,Maximum,0.4585,0
2026-10-19 17:00:00,최대부하,220,1,256.761,380.088,Medium,0.4585,0
2026-10-19 17:15:00,최대부하,220,1,251.72,403.76,Medium,0.4585,0
2026-10-19 17:30:00,최대부하,220,1,144.286,200.144,Medium,0.4585,0
2026-10-19 17:45:00,최대부하,220,1,128.107,141.456,Medium,0.4585,0
2026-10-19 18:00:00,최대부하,220,1,165.557,276.392,Medium,0.4585,0
2026-10-19 18:15:00,최대부하,220,1,207.442,349.68,Medium,0.4585,0
2026-10-19 18:30:00,최대부하,220,1,218.337,419.792,Medium,0.4585,0
2026-10-19 18:45:00,최대부하,220,1,210.851,390.24,Medium,0.4585,0
2026-10-19 19:00:00,최대부하,220,1,209.525,389.232,Medium,0.4585,0
2026-10-19 19:15:00,최대부하,220,1,221.882,383.76,Medium,0.4585,0
2026-10-19 19:30:00,최대부하,220,1,222.524,415.96,Medium,0.4585,0
2026-10-19 19:45:00,최대부하,220,1,220.453,423.48,Medium,0.4585,0
2026-10-19 20:00:00,중간부하,140,0,223.052,398.664,Medium,0.4585,0
2026-10-19 20:15:00,중간부하,140,0,214.365,409.208,Medium,0.4585,0
2026-10-19 20:30:00,중간부하,140,0,191.101,370.336,Medium,0.4585,0
2026-10-19 20:45:00,중간부하,140,0,132.022,329.04,Medium,0.4585,0
2026-10-19 21:00:00,중간부하,140,0,57.185,154.112,Medium,0.4585,0
2026-10-19 21:15:00,중간부하,140,0,44.256,140.592,Medium,0.4585,0
2026-10-19 21:30:00,중간부하,140,0,44.252,140.624,Medium,0.4585,0
2026-10-19 21:45:00,중간부하,140,0,44.954,155.176,Medium,0.4585,0
2026-10-19 22:00:00,경부하,90,0,48.264,144.232,Medium,0.4585,0
2026-10-19 22:15:00,경부하,90,0,38.911,107.328,Medium,0.4585,0
2026-10-19 22:30:00,경부하,90,0,36.838,29.76,Medium,0.4585,0
2026-10-19 22:45:00,경부하,90,0,34.514,26.272,Medium,0.4585,0
2026-10-19 23:00:00,경부하,90,0,34.921,26.336,Light,0.4585,0
2026-10-19 23:15:00,경부하,90,0,36.772,26.24,Light,0.4585,0
2026-10-19 23:30:00,경부하,90,0,34.484,26.248,Light,0.4585,0
2026-10-19 23:45:00,경부하,90,0,36.675,26.112,Light,0.4585,0
2026-10-20 00:00:00,경부하,90,0,36.114,26.424,Light,0.4585,0
2026-10-20 00:15:00,경부하,90,0,39.337,26.692,Light,0.4585,0
2026-10-20 00:30:00,경부하,90,0,37.004,26.516,Light,0.4585,0
2026-10-20 00:45:00,경부하,90,0,41.599,26.66,Light,0.4585,0
2026-10-20 01:00:00,경부하,90,0,35.127,26.516,Light,0.4585,0
2026-10-20 01:15:00,경부하,90,0,24.466,23.704,Light,0.4585,0
2026-10-20 01:30:00,경부하,90,0,17.961,24.976,Light,0.4585,0
2026-10-20 01:45:00,경부하,90,0,17.045,23.032,Light,0.4585,0
2026-10-20 02:00:00,경부하,90,0,17.12,22.888,Light,0.4585,0
2026-10-20 02:15:00,경부하,90,0,17.022,22.932,Light,0.4585,0
2026-10-20 02:30:00,경부하,90,0,16.892,19.412,Light,0.4585,0
2026-10-20 02:45:00,경부하,90,0,16.721,19.0,Light,0.4585,0
2026-10-20 03:00:00,경부하,90,0,16.683,18.864,Light,0.4585,0
2026-10-20 03:15:00,경부하,90,0,16.655,18.848,Light,0.4585,0
2026-10-20 03:30:00,경부하,90,0,16.456,19.224,Light,0.4585,0
2026-10-20 03:45:00,경부하,90,0,16.764,18.988,Light,0.4585,0
2026-10-20 04:00:00,경부하,90,0,16.588,18.72,Light,0.4585,0
2026-10-20 04:15:00,경부하,90,0,16.348,18.532,Light,0.4585,0
2026-10-20 04:30:00,경부하,90,0,16.541,18.46,Light,0.4585,0
2026-10-20 04:45:00,경부하,90,0,16.217,18.532,Light,0.4585,0
2026-10-20 05:00:00,경부하,90,0,16.445,18.704,Light,0.4585,0
2026-10-20 05:15:00,경부하,90,0,16.532,18.692,Light,0.4585,0
2026-10-20 05:30:00,경부하,90,0,16.422,18.44,Light,0.4585,0
2026-10-20 05:45:00,경부하,90,0,16.698,18.704,Light,0.4585,0
2026-10-20 06:00:00,경부하,90,0,16.323,18.692,Light,0.4585,0
2026-10-20 06:15:00,경부하,90,0,16.122,18.704,Light,0.4585,0
2026-10-20 06:30:00,경부하,90,0,16.009,18.448,Light,0.4585,0
2026-10-20 06:45:00,경부하,90,0,15.721,18.196,Light,0.4585,0
2026-10-20 07:00:00,경부하,90,0,16.168,18.072,Light,0.4585,0
2026-10-20 07:15:00,경부하,90,0,18.227,21.836,Light,0.4585,0
2026-10-20 07:30:00,경부하,90,0,21.363,28.448,Light,0.4585,0
2026-10-20 07:45:00,경부하,90,0,29.263,38.492,Light,0.4585,0
2026-10-20 08:00:00,중간부하,140,0,151.495,231.048,Light,0.4585,0
2026-10-20 08:15:00,중간부하,140,0,243.643,374.564,Light,0.4585,0
2026-10-20 08:30:00,중간부하,140,0,265.412,407.304,Light,0.4585,0
2026-10-20 08:45:00,중간부하,140,0,290.912,482.192,Light,0.4585,0
2026-10-20 09:00:00,중간부하,140,0,279.681,416.06,Medium,0.4585,0
2026-10-20 09:15:00,중간부하,140,0,283.746,410.688,Medium,0.4585,0
2026-10-20 09:30:00,중간부하,140,0,279.415,459.908,Medium,0.4585,0
2026-10-20 09:45:00,중간부하,140,0,272.546,424.888,Medium,0.4585,0
2026-10-20 10:00:00,최대부하,220,1,265.441,425.464,Maximum,0.4585,0
2026-10-20 10:15:00,최대부하,220,1,261.782,408.6,Maximum,0.4585,0
2026-10-20 10:30:00,최대부하,220,1,275.664,459.46,Maximum,0.4585,0
2026-10-20 10:45:00,최대부하,220,1,266.892,420.748,Maximum,0.4585,0
2026-10-20 11:00:00,최대부하,220,1,287.107,437.96,Maximum,0.4585,0
2026-10-20 11:15:00,최대부하,220,1,284.135,425.284,Maximum,0.4585,0
2026-10-20 11:30:00,최대부하,220,1,276.332,453.52,Maximum,0.4585,0
2026-10-20 11:45:00,최대부하,220,1,273.556,434.052,Maximum,0.4585,0
2026-10-20 12:00:00,중간부하,140,0,46.767,83.584,Medium,0.4585,0
2026-10-20 12:15:00,중간부하,140,0,27.72,37.088,Medium,0.4585,0
2026-10-20 12:30:00,중간부하,140,0,26.774,35.048,Medium,0.4585,0
2026-10-20 12:45:00,중간부하,140,0,27.928,38.356,Medium,0.4585,0
2026-10-20 13:00:00,중간부하,140,0,182.489,288.128,Maximum,0.4585,0
2026-10-20 13:15:00,중간부하,140,0,285.736,460.64,Maximum,0.4585,0
2026-10-20 13:30:00,중간부하,140,0,286.145,434.324,Maximum,0.4585,0
2026-10-20 13:45:00,중간부하,140,0,279.957,433.388,Maximum,0.4585,0
2026-10-20 14:00:00,중간부하,140,0,264.714,408.772,Maximum,0.4585,0
2026-10-20 14:15:00,중간부하,140,0,274.39,419.344,Maximum,0.4585,0
2026-10-20 14:30:00,중간부하,140,0,268.019,437.932,Maximum,0.4585,0
2026-10-20 14:45:00,중간부하,140,0,270.076,401.164,Maximum,0.4585,0
2026-10-20 15:00:00,중간부하,140,0,262.217,377.912,Maximum,0.4585,0
2026-10-20 15:15:00,중간부하,140,0,268.865,405.596,Maximum,0.4585,0
2026-10-20 15:30:00,중간부하,140,0,285.578,434.944,Maximum,0.4585,0
2026-10-20 15:45:00,중간부하,140,0,277.58,426.276,Maximum,0.4585,0
2026-10-20 16:00:00,중간부하,140,0,278.23,439.54,Maximum,0.4585,0
2026-10-20 16:15:00,중간부하,140,0,276.398,418.096,Maximum,0.4585,0
2026-10-20 16:30:00,중간부하,140,0,285.036,419.848,Maximum,0.4585,0
2026-10-20 16:45:00,중간부하,140,0,281.371,417.4,Maximum,0.4585,0
2026-10-20 17:00:00,최대부하,220,1,269.065,432.936,Medium,0.4585,0
2026-10-20 17:15:00,최대부하,220,1,257.127,406.34,Medium,0.4585,0
2026-10-20 17:30:00,최대부하,220,1,158.167,248.488,Medium,0.4585,0
2026-10-20 17:45:00,최대부하,220,1,133.933,224.948,Medium,0.4585,0
2026-10-20 18:00:00,최대부하,220,1,173.995,283.212,Medium,0.4585,0
2026-10-20 18:15:00,최대부하,220,1,228.677,397.672,Medium,0.4585,0
2026-10-20 18:30:00,최대부하,220,1,221.255,353.636,Medium,0.4585,0
2026-10-20 18:45:00,최대부하,220,1,225.055,427.664,Medium,0.4585,0
2026-10-20 19:00:00,최대부하,220,1,215.646,382.572,Medium,0.4585,0
2026-10-20 19:15:00,최대부하,220,1,224.292,416.68,Medium,0.4585,0
2026-10-20 19:30:00,최대부하,220,1,224.765,379.208,Medium,0.4585,0
2026-10-20 19:45:00,최대부하,220,1,220.343,397.388,Medium,0.4585,0
2026-10-20 20:00:00,중간부하,140,0,217.295,379.424,Medium,0.4585,0
2026-10-20 20:15:00,중간부하,140,0,232.438,402.76,Medium,0.4585,0
2026-10-20 20:30:00,중간부하,140,0,202.0,374.812,Medium,0.4585,0
2026-10-20 20:45:00,중간부하,140,0,123.442,253.252,Medium,0.4585,0
2026-10-20 21:00:00,중간부하,140,0,54.756,131.588,Medium,0.4585,0
2026-10-20 21:15:00,중간부하,140,0,47.072,124.1,Medium,0.4585,0
2026-10-20 21:30:00,중간부하,140,0,44.078,128.088,Medium,0.4585,0
2026-10-20 21:45:00,중간부하,140,0,40.455,147.628,Medium,0.4585,0
2026-10-20 22:00:00,경부하,90,0,40.695,140.04,Medium,0.4585,0
2026-10-20 22:15:00,경부하,90,0,44.449,132.248,Medium,0.4585,0
2026-10-20 22:30:00,경부하,90,0,41.861,146.484,Medium,0.4585,0
2026-10-20 22:45:00,경부하,90,0,41.546,144.088,Medium,0.4585,0
2026-10-20 23:00:00,경부하,90,0,42.38,129.088,Light,0.4585,0
2026-10-20 23:15:00,경부하,90,0,40.47,122.832,Light,0.4585,0
2026-10-20 23:30:00,경부하,90,0,38.335,125.552,Light,0.4585,0
2026-10-20 23:45:00,경부하,90,0,38.911,122.86,Light,0.4585,0
2026-10-21 00:00:00,경부하,90,0,37.418,123.308,Light,0.4585,0
2026-10-21 00:15:00,경부하,90,0,40.035,126.352,Light,0.4585,0
2026-10-21 00:30:00,경부하,90,0,40.663,114.94,Light,0.4585,0
2026-10-21 00:45:00,경부하,90,0,40.911,106.408,Light,0.4585,0
2026-10-21 01:00:00,경부하,90,0,33.475,93.112,Light,0.4585,0
2026-10-21 01:15:00,경부하,90,0,22.947,23.416,Light,0.4585,0
2026-10-21 01:30:00,경부하,90,0,19.222,23.76,Light,0.4585,0
2026-10-21 01:45:00,경부하,90,0,18.318,22.472,Light,0.4585,0
2026-10-21 02:00:00,경부하,90,0,18.12,20.908,Light,0.4585,0
2026-10-21 02:15:00,경부하,90,0,18.145,20.996,Light,0.4585,0
2026-10-21 02:30:00,경부하,90,0,18.082,20.384,Light,0.4585,0
2026-10-21 02:45:00,경부하,90,0,17.741,20.456,Light,0.4585,0
2026-10-21 03:00:00,경부하,90,0,18.025,20.68,Light,0.4585,0
2026-10-21 03:15:00,경부하,90,0,18.775,20.412,Light,0.4585,0
2026-10-21 03:30:00,경부하,90,0,18.358,20.268,Light,0.4585,0
2026-10-21 03:45:00,경부하,90,0,17.994,18.72,Light,0.4585,0
2026-10-21 04:00:00,경부하,90,0,18.013,18.88,Light,0.4585,0
2026-10-21 04:15:00,경부하,90,0,17.742,18.548,Light,0.4585,0
2026-10-21 04:30:00,경부하,90,0,17.35,19.208,Light,0.4585,0
2026-10-21 04:45:00,경부하,90,0,17.128,19.368,Light,0.4585,0
2026-10-21 05:00:00,경부하,90,0,17.232,18.72,Light,0.4585,0
2026-10-21 05:15:00,경부하,90,0,17.455,18.28,Light,0.4585,0
2026-10-21 05:30:00,경부하,90,0,17.556,18.28,Light,0.4585,0
2026-10-21 05:45:00,경부하,90,0,17.41,18.268,Light,0.4585,0
2026-10-21 06:00:00,경부하,90,0,17.809,18.548,Light,0.4585,0
2026-10-21 06:15:00,경부하,90,0,17.996,18.424,Light,0.4585,0
2026-10-21 06:30:00,경부하,90,0,17.65,18.368,Light,0.4585,0
2026-10-21 06:45:00,경부하,90,0,17.578,17.352,Light,0.4585,0
2026-10-21 07:00:00,경부하,90,0,17.262,17.812,Light,0.4585,0
2026-10-21 07:15:00,경부하,90,0,19.424,21.764,Light,0.4585,0
2026-10-21 07:30:00,경부하,90,0,24.39,31.48,Light,0.4585,0
2026-10-21 07:45:00,경부하,90,0,31.34,54.916,Light,0.4585,0
2026-10-21 08:00:00,중간부하,140,0,159.069,226.16,Light,0.4585,0
2026-10-21 08:15:00,중간부하,140,0,269.942,412.768,Light,0.4585,0
2026-10-21 08:30:00,중간부하,140,0,284.293,428.796,Light,0.4585,0
2026-10-21 08:45:00,중간부하,140,0,276.33,441.604,Light,0.4585,0
2026-10-21 09:00:00,중간부하,140,0,279.042,438.028,Medium,0.4585,0
2026-10-21 09:15:00,중간부하,140,0,286.857,443.7,Medium,0.4585,0
2026-10-21 09:30:00,중간부하,140,0,272.74,436.552,Medium,0.4585,0
2026-10-21 09:45:00,중간부하,140,0,269.892,434.636,Medium,0.4585,0
2026-10-21 10:00:00,최대부하,220,1,256.118,376.832,Maximum,0.4585,0
2026-10-21 10:15:00,최대부하,220,1,267.085,450.2,Maximum,0.4585,0
2026-10-21 10:30:00,최대부하,220,1,265.439,407.8,Maximum,0.4585,0
2026-10-21 10:45:00,최대부하,220,1,295.369,447.328,Maximum,0.4585,0
2026-10-21 11:00:00,최대부하,220,1,291.302,439.468,Maximum,0.4585,0
2026-10-21 11:15:00,최대부하,220,1,284.038,446.508,Maximum,0.4585,0
2026-10-21 11:30:00,최대부하,220,1,266.75,394.544,Maximum,0.4585,0
2026-10-21 11:45:00,최대부하,220,1,244.678,412.244,Maximum,0.4585,0
2026-10-21 12:00:00,중간부하,140,0,40.369,79.632,Medium,0.4585,0
2026-10-21 12:15:00,중간부하,140,0,27.647,34.036,Medium,0.4585,0
2026-10-21 12:30:00,중간부하,140,0,28.149,36.224,Medium,0.4585,0
2026-10-21 12:45:00,중간부하,140,0,29.332,36.208,Medium,0.4585,0
2026-10-21 13:00:00,중간부하,140,0,171.38,265.68,Maximum,0.4585,0
2026-10-21 13:15:00,중간부하,140,0,266.295,429.796,Maximum,0.4585,0
2026-10-21 13:30:00,중간부하,140,0,258.91,392.788,Maximum,0.4585,0
2026-10-21 13:45:00,중간부하,140,0,279.498,438.048,Maximum,0.4585,0
2026-10-21 14:00:00,중간부하,140,0,285.861,447.572,Maximum,0.4585,0
2026-10-21 14:15:00,중간부하,140,0,272.125,477.72,Maximum,0.4585,0
2026-10-21 14:30:00,중간부하,140,0,272.985,434.376,Maximum,0.4585,0
2026-10-21 14:45:00,중간부하,140,0,279.835,441.488,Maximum,0.4585,0
2026-10-21 15:00:00,중간부하,140,0,270.658,465.156,Maximum,0.4585,0
2026-10-21 15:15:00,중간부하,140,0,269.159,445.508,Maximum,0.4585,0
2026-10-21 15:30:00,중간부하,140,0,271.022,412.792,Maximum,0.4585,0
2026-10-21 15:45:00,중간부하,140,0,271.092,452.548,Maximum,0.4585,0
2026-10-21 16:00:00,중간부하,140,0,264.628,402.856,Maximum,0.4585,0
2026-10-21 16:15:00,중간부하,140,0,280.148,447.256,Maximum,0.4585,0
2026-10-21 16:30:00,중간부하,140,0,287.726,474.104,Maximum,0.4585,0
2026-10-21 16:45:00,중간부하,140,0,269.837,435.672,Maximum,0.4585,0
2026-10-21 17:00:00,최대부하,220,1,269.621,476.012,Medium,0.4585,0
2026-10-21 17:15:00,최대부하,220,1,251.815,432.088,Medium,0.4585,0
2026-10-21 17:30:00,최대부하,220,1,173.331,301.58,Medium,0.4585,0
2026-10-21 17:45:00,최대부하,220,1,135.333,210.152,Medium,0.4585,0
2026-10-21 18:00:00,최대부하,220,1,124.455,234.872,Medium,0.4585,0
2026-10-21 18:15:00,최대부하,220,1,154.137,369.252,Medium,0.4585,0
2026-10-21 18:30:00,최대부하,220,1,151.595,339.156,Medium,0.4585,0
2026-10-21 18:45:00,최대부하,220,1,158.055,385.588,Medium,0.4585,0
2026-10-21 19:00:00,최대부하,220,1,152.064,336.472,Medium,0.4585,0
2026-10-21 19:15:00,최대부하,220,1,150.662,326.476,Medium,0.4585,0
2026-10-21 19:30:00,최대부하,220,1,147.891,370.268,Medium,0.4585,0
2026-10-21 19:45:00,최대부하,220,1,153.55,370.348,Medium,0.4585,0
2026-10-21 20:00:00,중간부하,140,0,159.595,381.004,Medium,0.4585,0
2026-10-21 20:15:00,중간부하,140,0,154.218,371.836,Medium,0.4585,0
2026-10-21 20:30:00,중간부하,140,0,133.906,344.396,Medium,0.4585,0
2026-10-21 20:45:00,중간부하,140,0,90.133,226.556,Medium,0.4585,0
2026-10-21 21:00:00,중간부하,140,0,54.913,149.236,Medium,0.4585,0
2026-10-21 21:15:00,중간부하,140,0,49.363,159.192,Medium,0.4585,0
2026-10-21 21:30:00,중간부하,140,0,48.443,148.696,Medium,0.4585,0
2026-10-21 21:45:00,중간부하,140,0,39.593,135.172,Medium,0.4585,0
2026-10-21 22:00:00,경부하,90,0,34.38,41.456,Medium,0.4585,0
2026-10-21 22:15:00,경부하,90,0,32.804,21.744,Medium,0.4585,0
2026-10-21 22:30:00,경부하,90,0,31.518,21.584,Medium,0.4585,0
2026-10-21 22:45:00,경부하,90,0,34.164,21.428,Medium,0.4585,0
2026-10-21 23:00:00,경부하,90,0,33.887,21.292,Light,0.4585,0
2026-10-21 23:15:00,경부하,90,0,34.529,20.9,Light,0.4585,0
2026-10-21 23:30:00,경부하,90,0,33.838,20.932,Light,0.4585,0
2026-10-21 23:45:00,경부하,90,0,30.667,20.944,Light,0.4585,0
2026-10-22 00:00:00,경부하,90,0,33.367,20.692,Light,0.4585,0
2026-10-22 00:15:00,경부하,90,0,33.265,21.104,Light,0.4585,0
2026-10-22 00:30:00,경부하,90,0,31.42,20.692,Light,0.4585,0
2026-10-22 00:45:00,경부하,90,0,34.583,19.132,Light,0.4585,0
2026-10-22 01:00:00,경부하,90,0,30.894,18.44,Light,0.4585,0
2026-10-22 01:15:00,경부하,90,0,20.935,18.44,Light,0.4585,0
2026-10-22 01:30:00,경부하,90,0,18.714,18.72,Light,0.4585,0
2026-10-22 01:45:00,경부하,90,0,19.015,21.168,Light,0.4585,0
2026-10-22 02:00:00,경부하,90,0,19.253,19.412,Light,0.4585,0
2026-10-22 02:15:00,경부하,90,0,19.285,20.504,Light,0.4585,0
2026-10-22 02:30:00,경부하,90,0,18.778,20.044,Light,0.4585,0
2026-10-22 02:45:00,경부하,90,0,18.864,22.148,Light,0.4585,0
2026-10-22 03:00:00,경부하,90,0,19.052,20.412,Light,0.4585,0
2026-10-22 03:15:00,경부하,90,0,18.583,18.424,Light,0.4585,0
2026-10-22 03:30:00,경부하,90,0,18.577,18.424,Light,0.4585,0
2026-10-22 03:45:00,경부하,90,0,19.012,19.872,Light,0.4585,0
2026-10-22 04:00:00,경부하,90,0,19.283,20.492,Light,0.4585,0
2026-10-22 04:15:00,경부하,90,0,19.173,18.424,Light,0.4585,0
2026-10-22 04:30:00,경부하,90,0,18.645,18.548,Light,0.4585,0
2026-10-22 04:45:00,경부하,90,0,18.767,18.016,Light,0.4585,0
2026-10-22 05:00:00,경부하,90,0,18.808,17.548,Light,0.4585,0
2026-10-22 05:15:00,경부하,90,0,18.412,17.704,Light,0.4585,0
2026-10-22 05:30:00,경부하,90,0,18.757,17.84,Light,0.4585,0
2026-10-22 05:45:00,경부하,90,0,19.035,17.224,Light,0.4585,0
2026-10-22 06:00:00,경부하,90,0,18.143,16.724,Light,0.4585,0
2026-10-22 06:15:00,경부하,90,0,18.978,18.268,Light,0.4585,0
2026-10-22 06:30:00,경부하,90,0,18.828,17.692,Light,0.4585,0
2026-10-22 06:45:00,경부하,90,0,18.335,18.236,Light,0.4585,0
2026-10-22 07:00:00,경부하,90,0,18.24,18.1,Light,0.4585,0
2026-10-22 07:15:00,경부하,90,0,20.425,19.568,Light,0.4585,0
2026-10-22 07:30:00,경부하,90,0,23.757,28.64,Light,0.4585,0
2026-10-22 07:45:00,경부하,90,0,27.183,32.5,Light,0.4585,0
2026-10-22 08:00:00,중간부하,140,0,191.397,312.552,Light,0.4585,0
2026-10-22 08:15:00,중간부하,140,0,305.288,471.716,Light,0.4585,0
2026-10-22 08:30:00,중간부하,140,0,307.401,469.268,Light,0.4585,0
2026-10-22 08:45:00,중간부하,140,0,323.661,497.944,Light,0.4585,0
2026-10-22 09:00:00,중간부하,140,0,308.033,471.728,Medium,0.4585,0
2026-10-22 09:15:00,중간부하,140,0,300.822,481.824,Medium,0.4585,0
2026-10-22 09:30:00,중간부하,140,0,298.718,452.528,Medium,0.4585,0
2026-10-22 09:45:00,중간부하,140,0,292.326,469.404,Medium,0.4585,0
2026-10-22 10:00:00,최대부하,220,1,302.987,491.744,Maximum,0.4585,0
2026-10-22 10:15:00,최대부하,220,1,289.321,439.424,Maximum,0.4585,0
2026-10-22 10:30:00,최대부하,220,1,294.67,462.212,Maximum,0.4585,0
2026-10-22 10:45:00,최대부하,220,1,280.6,417.008,Maximum,0.4585,0
2026-10-22 11:00:00,최대부하,220,1,285.437,450.272,Maximum,0.4585,0
2026-10-22 11:15:00,최대부하,220,1,285.953,458.18,Maximum,0.4585,0
2026-10-22 11:30:00,최대부하,220,1,286.922,450.296,Maximum,0.4585,0
2026-10-22 11:45:00,최대부하,220,1,276.387,450.504,Maximum,0.4585,0
2026-10-22 12:00:00,중간부하,140,0,49.101,87.536,Medium,0.4585,0
2026-10-22 12:15:00,중간부하,140,0,28.675,41.14,Medium,0.4585,0
2026-10-22 12:30:00,중간부하,140,0,30.302,40.78,Medium,0.4585,0
2026-10-22 12:45:00,중간부하,140,0,33.602,68.672,Medium,0.4585,0
2026-10-22 13:00:00,중간부하,140,0,187.318,314.524,Maximum,0.4585,0
2026-10-22 13:15:00,중간부하,140,0,272.024,437.96,Maximum,0.4585,0
2026-10-22 13:30:00,중간부하,140,0,272.189,481.076,Maximum,0.4585,0
2026-10-22 13:45:00,중간부하,140,0,266.752,426.356,Maximum,0.4585,0
2026-10-22 14:00:00,중간부하,140,0,264.631,436.104,Maximum,0.4585,0
2026-10-22 14:15:00,중간부하,140,0,265.352,435.32,Maximum,0.4585,0
2026-10-22 14:30:00,중간부하,140,0,265.271,427.024,Maximum,0.4585,0
2026-10-22 14:45:00,중간부하,140,0,270.798,443.78,Maximum,0.4585,0
2026-10-22 15:00:00,중간부하,140,0,260.983,420.084,Maximum,0.4585,0
2026-10-22 15:15:00,중간부하,140,0,261.572,406.8,Maximum,0.4585,0
2026-10-22 15:30:00,중간부하,140,0,281.624,454.304,Maximum,0.4585,0
2026-10-22 15:45:00,중간부하,140,0,262.866,401.816,Maximum,0.4585,0
2026-10-22 16:00:00,중간부하,140,0,277.955,443.332,Maximum,0.4585,0
2026-10-22 16:15:00,중간부하,140,0,271.536,398.32,Maximum,0.4585,0
2026-10-22 16:30:00,중간부하,140,0,264.813,409.68,Maximum,0.4585,0
2026-10-22 16:45:00,중간부하,140,0,251.23,390.204,Maximum,0.4585,0
2026-10-22 17:00:00,최대부하,220,1,270.641,441.064,Medium,0.4585,0
2026-10-22 17:15:00,최대부하,220,1,243.981,394.12,Medium,0.4585,0
2026-10-22 17:30:00,최대부하,220,1,137.975,200.288,Medium,0.4585,0
2026-10-22 17:45:00,최대부하,220,1,130.982,173.52,Medium,0.4585,0
2026-10-22 18:00:00,최대부하,220,1,180.622,272.608,Medium,0.4585,0
2026-10-22 18:15:00,최대부하,220,1,228.064,412.568,Medium,0.4585,0
2026-10-22 18:30:00,최대부하,220,1,216.218,337.248,Medium,0.4585,0
2026-10-22 18:45:00,최대부하,220,1,231.463,427.104,Medium,0.4585,0
2026-10-22 19:00:00,최대부하,220,1,214.949,359.048,Medium,0.4585,0
2026-10-22 19:15:00,최대부하,220,1,222.671,370.856,Medium,0.4585,0
2026-10-22 19:30:00,최대부하,220,1,223.345,401.228,Medium,0.4585,0
2026-10-22 19:45:00,최대부하,220,1,216.407,379.296,Medium,0.4585,0
2026-10-22 20:00:00,중간부하,140,0,216.952,366.416,Medium,0.4585,0
2026-10-22 20:15:00,중간부하,140,0,235.69,430.184,Medium,0.4585,0
2026-10-22 20:30:00,중간부하,140,0,201.626,410.888,Medium,0.4585,0
2026-10-22 20:45:00,중간부하,140,0,136.433,299.044,Medium,0.4585,0
2026-10-22 21:00:00,중간부하,140,0,77.192,247.636,Medium,0.4585,0
2026-10-22 21:15:00,중간부하,140,0,52.722,160.864,Medium,0.4585,0
2026-10-22 21:30:00,중간부하,140,0,43.755,133.436,Medium,0.4585,0
2026-10-22 21:45:00,중간부하,140,0,41.743,123.38,Medium,0.4585,0
2026-10-22 22:00:00,경부하,90,0,39.685,45.388,Medium,0.4585,0
2026-10-22 22:15:00,경부하,90,0,36.102,26.136,Medium,0.4585,0
2026-10-22 22:30:00,경부하,90,0,39.482,25.868,Medium,0.4585,0
2026-10-22 22:45:00,경부하,90,0,41.073,28.568,Medium,0.4585,0
2026-10-22 23:00:00,경부하,90,0,35.87,29.824,Light,0.4585,0
2026-10-22 23:15:00,경부하,90,0,34.091,27.108,Light,0.4585,0
2026-10-22 23:30:00,경부하,90,0,36.598,21.512,Light,0.4585,0
2026-10-22 23:45:00,경부하,90,0,39.829,20.968,Light,0.4585,0
2026-10-23 00:00:00,경부하,90,0,30.361,21.16,Light,0.4585,0
2026-10-23 00:15:00,경부하,90,0,38.746,21.032,Light,0.4585,0
2026-10-23 00:30:00,경부하,90,0,35.905,20.908,Light,0.4585,0
2026-10-23 00:45:00,경부하,90,0,33.632,21.016,Light,0.4585,0
2026-10-23 01:00:00,경부하,90,0,24.041,20.924,Light,0.4585,0
2026-10-23 01:15:00,경부하,90,0,21.534,21.368,Light,0.4585,0
2026-10-23 01:30:00,경부하,90,0,20.223,21.204,Light,0.4585,0
2026-10-23 01:45:00,경부하,90,0,19.115,19.664,Light,0.4585,0
2026-10-23 02:00:00,경부하,90,0,22.425,19.808,Light,0.4585,0
2026-10-23 02:15:00,경부하,90,0,22.317,19.808,Light,0.4585,0
2026-10-23 02:30:00,경부하,90,0,20.325,19.664,Light,0.4585,0
2026-10-23 02:45:00,경부하,90,0,21.089,20.188,Light,0.4585,0
2026-10-23 03:00:00,경부하,90,0,20.312,19.916,Light,0.4585,0
2026-10-23 03:15:00,경부하,90,0,21.456,19.792,Light,0.4585,0
2026-10-23 03:30:00,경부하,90,0,19.235,20.032,Light,0.4585,0
2026-10-23 03:45:00,경부하,90,0,19.102,19.0,Light,0.4585,0
2026-10-23 04:00:00,경부하,90,0,19.117,19.144,Light,0.4585,0
2026-10-23 04:15:00,경부하,90,0,20.109,20.044,Light,0.4585,0
2026-10-23 04:30:00,경부하,90,0,18.887,18.944,Light,0.4585,0
2026-10-23 04:45:00,경부하,90,0,18.64,18.836,Light,0.4585,0
2026-10-23 05:00:00,경부하,90,0,18.962,19.424,Light,0.4585,0
2026-10-23 05:15:00,경부하,90,0,20.562,18.504,Light,0.4585,0
2026-10-23 05:30:00,경부하,90,0,21.922,18.928,Light,0.4585,0
2026-10-23 05:45:00,경부하,90,0,21.122,18.704,Light,0.4585,0
2026-10-23 06:00:00,경부하,90,0,21.338,18.944,Light,0.4585,0
2026-10-23 06:15:00,경부하,90,0,21.855,18.404,Light,0.4585,0
2026-10-23 06:30:00,경부하,90,0,20.911,17.516,Light,0.4585,0
2026-10-23 06:45:00,경부하,90,0,22.001,17.264,Light,0.4585,0
2026-10-23 07:00:00,경부하,90,0,21.557,18.124,Light,0.4585,0
2026-10-23 07:15:00,경부하,90,0,21.214,20.924,Light,0.4585,0
2026-10-23 07:30:00,경부하,90,0,26.972,29.108,Light,0.4585,0
2026-10-23 07:45:00,경부하,90,0,26.195,35.944,Light,0.4585,0
2026-10-23 08:00:00,중간부하,140,0,156.597,241.18,Light,0.4585,0
2026-10-23 08:15:00,중간부하,140,0,260.635,411.824,Light,0.4585,0
2026-10-23 08:30:00,중간부하,140,0,279.825,458.452,Light,0.4585,0
2026-10-23 08:45:00,중간부하,140,0,290.583,452.932,Light,0.4585,0
2026-10-23 09:00:00,중간부하,140,0,293.703,463.6,Medium,0.4585,0
2026-10-23 09:15:00,중간부하,140,0,276.915,435.428,Medium,0.4585,0
2026-10-23 09:30:00,중간부하,140,0,264.379,421.22,Medium,0.4585,0
2026-10-23 09:45:00,중간부하,140,0,263.182,400.228,Medium,0.4585,0
2026-10-23 10:00:00,최대부하,220,1,254.578,415.28,Maximum,0.4585,0
2026-10-23 10:15:00,최대부하,220,1,258.041,407.836,Maximum,0.4585,0
2026-10-23 10:30:00,최대부하,220,1,251.716,399.22,Maximum,0.4585,0
2026-10-23 10:45:00,최대부하,220,1,256.311,391.032,Maximum,0.4585,0
2026-10-23 11:00:00,최대부하,220,1,262.412,431.804,Maximum,0.4585,0
2026-10-23 11:15:00,최대부하,220,1,269.604,442.64,Maximum,0.4585,0
2026-10-23 11:30:00,최대부하,220,1,260.805,416.5,Maximum,0.4585,0
2026-10-23 11:45:00,최대부하,220,1,255.243,453.296,Maximum,0.4585,0
2026-10-23 12:00:00,중간부하,140,0,46.342,103.088,Medium,0.4585,0
2026-10-23 12:15:00,중간부하,140,0,24.532,38.736,Medium,0.4585,0
2026-10-23 12:30:00,중간부하,140,0,23.851,33.532,Medium,0.4585,0
2026-10-23 12:45:00,중간부하,140,0,23.976,33.884,Medium,0.4585,0
2026-10-23 13:00:00,중간부하,140,0,174.841,277.372,Maximum,0.4585,0
2026-10-23 13:15:00,중간부하,140,0,260.305,426.196,Maximum,0.4585,0
2026-10-23 13:30:00,중간부하,140,0,270.731,428.74,Maximum,0.4585,0
2026-10-23 13:45:00,중간부하,140,0,258.359,402.068,Maximum,0.4585,0
2026-10-23 14:00:00,중간부하,140,0,266.001,414.964,Maximum,0.4585,0
2026-10-23 14:15:00,중간부하,140,0,269.82,433.576,Maximum,0.4585,0
2026-10-23 14:30:00,중간부하,140,0,270.388,437.184,Maximum,0.4585,0
2026-10-23 14:45:00,중간부하,140,0,266.162,416.176,Maximum,0.4585,0
2026-10-23 15:00:00,중간부하,140,0,248.149,386.8,Maximum,0.4585,0
2026-10-23 15:15:00,중간부하,140,0,267.525,460.784,Maximum,0.4585,0
2026-10-23 15:30:00,중간부하,140,0,261.2,442.784,Maximum,0.4585,0
2026-10-23 15:45:00,중간부하,140,0,255.565,408.96,Maximum,0.4585,0
2026-10-23 16:00:00,중간부하,140,0,276.294,449.316,Maximum,0.4585,0
2026-10-23 16:15:00,중간부하,140,0,255.948,402.716,Maximum,0.4585,0
2026-10-23 16:30:00,중간부하,140,0,278.278,445.96,Maximum,0.4585,0
2026-10-23 16:45:00,중간부하,140,0,251.913,411.46,Maximum,0.4585,0
2026-10-23 17:00:00,최대부하,220,1,243.877,364.12,Medium,0.4585,0
2026-10-23 17:15:00,최대부하,220,1,235.685,397.404,Medium,0.4585,0
2026-10-23 17:30:00,최대부하,220,1,142.014,205.22,Medium,0.4585,0
2026-10-23 17:45:00,최대부하,220,1,132.378,195.788,Medium,0.4585,0
2026-10-23 18:00:00,최대부하,220,1,158.27,250.328,Medium,0.4585,0
2026-10-23 18:15:00,최대부하,220,1,203.446,317.32,Medium,0.4585,0
2026-10-23 18:30:00,최대부하,220,1,200.544,359.28,Medium,0.4585,0
2026-10-23 18:45:00,최대부하,220,1,204.748,387.332,Medium,0.4585,0
2026-10-23 19:00:00,최대부하,220,1,202.898,344.016,Medium,0.4585,0
2026-10-23 19:15:00,최대부하,220,1,204.345,317.752,Medium,0.4585,0
2026-10-23 19:30:00,최대부하,220,1,213.591,404.336,Medium,0.4585,0
2026-10-23 19:45:00,최대부하,220,1,210.014,411.524,Medium,0.4585,0
2026-10-23 20:00:00,중간부하,140,0,210.725,400.544,Medium,0.4585,0
2026-10-23 20:15:00,중간부하,140,0,197.949,337.696,Medium,0.4585,0
2026-10-23 20:30:00,중간부하,140,0,189.179,387.604,Medium,0.4585,0
2026-10-23 20:45:00,중간부하,140,0,114.285,238.156,Medium,0.4585,0
2026-10-23 21:00:00,중간부하,140,0,60.127,155.52,Medium,0.4585,0
2026-10-23 21:15:00,중간부하,140,0,52.508,158.732,Medium,0.4585,0
2026-10-23 21:30:00,중간부하,140,0,46.501,147.616,Medium,0.4585,0
2026-10-23 21:45:00,중간부하,140,0,50.834,144.412,Medium,0.4585,0
2026-10-23 22:00:00,경부하,90,0,45.177,154.388,Medium,0.4585,0
2026-10-23 22:15:00,경부하,90,0,38.754,131.336,Medium,0.4585,0
2026-10-23 22:30:00,경부하,90,0,47.296,127.052,Medium,0.4585,0
2026-10-23 22:45:00,경부하,90,0,37.343,128.996,Medium,0.4585,0
2026-10-23 23:00:00,경부하,90,0,38.762,132.32,Light,0.4585,0
2026-10-23 23:15:00,경부하,90,0,46.49,112.852,Light,0.4585,0
2026-10-23 23:30:00,경부하,90,0,40.772,112.16,Light,0.4585,0
2026-10-23 23:45:00,경부하,90,0,42.482,112.372,Light,0.4585,0
2026-10-24 00:00:00,경부하,76,0,43.126,133.544,Light,0.4585,0
2026-10-24 00:15:00,경부하,76,0,40.765,135.036,Light,0.4585,0
2026-10-24 00:30:00,경부하,76,0,38.779,73.384,Light,0.4585,0
2026-10-24 00:45:00,경부하,76,0,34.83,27.468,Light,0.4585,0
2026-10-24 01:00:00,경부하,76,0,35.279,22.652,Light,0.4585,0
2026-10-24 01:15:00,경부하,76,0,25.721,19.808,Light,0.4585,0
2026-10-24 01:30:00,경부하,76,0,23.928,19.512,Light,0.4585,0
2026-10-24 01:45:00,경부하,76,0,21.462,23.524,Light,0.4585,0
2026-10-24 02:00:00,경부하,76,0,18.222,21.832,Light,0.4585,0
2026-10-24 02:15:00,경부하,76,0,20.736,18.676,Light,0.4585,0
2026-10-24 02:30:00,경부하,76,0,20.572,18.844,Light,0.4585,0
2026-10-24 02:45:00,경부하,76,0,18.598,20.204,Light,0.4585,0
2026-10-24 03:00:00,경부하,76,0,19.308,19.252,Light,0.4585,0
2026-10-24 03:15:00,경부하,76,0,20.568,20.824,Light,0.4585,0
2026-10-24 03:30:00,경부하,76,0,18.908,18.772,Light,0.4585,0
2026-10-24 03:45:00,경부하,76,0,19.745,19.16,Light,0.4585,0
2026-10-24 04:00:00,경부하,76,0,20.234,18.692,Light,0.4585,0
2026-10-24 04:15:00,경부하,76,0,18.193,18.856,Light,0.4585,0
2026-10-24 04:30:00,경부하,76,0,20.502,18.676,Light,0.4585,0
2026-10-24 04:45:00,경부하,76,0,19.883,18.772,Light,0.4585,0
2026-10-24 05:00:00,경부하,76,0,18.612,18.972,Light,0.4585,0
2026-10-24 05:15:00,경부하,76,0,20.46,18.664,Light,0.4585,0
2026-10-24 05:30:00,경부하,76,0,18.132,18.756,Light,0.4585,0
2026-10-24 05:45:00,경부하,76,0,17.727,18.72,Light,0.4585,0
2026-10-24 06:00:00,경부하,76,0,20.401,18.756,Light,0.4585,0
2026-10-24 06:15:00,경부하,76,0,18.839,16.796,Light,0.4585,0
2026-10-24 06:30:00,경부하,76,0,18.765,16.784,Light,0.4585,0
2026-10-24 06:45:00,경부하,76,0,20.345,16.544,Light,0.4585,0
2026-10-24 07:00:00,경부하,76,0,17.589,17.576,Light,0.4585,0
2026-10-24 07:15:00,경부하,76,0,16.712,16.4,Light,0.4585,0
2026-10-24 07:30:00,경부하,76,0,17.474,25.012,Light,0.4585,0
2026-10-24 07:45:00,경부하,76,0,20.316,27.504,Light,0.4585,0
2026-10-24 08:00:00,중간부하,119,0,89.882,159.164,Light,0.4585,0
2026-10-24 08:15:00,중간부하,119,0,148.489,359.388,Light,0.4585,0
2026-10-24 08:30:00,중간부하,119,0,139.175,294.992,Light,0.4585,0
2026-10-24 08:45:00,중간부하,119,0,143.964,252.836,Light,0.4585,0
2026-10-24 09:00:00,중간부하,119,0,151.455,336.068,Medium,0.4585,0
2026-10-24 09:15:00,중간부하,119,0,146.051,299.88,Medium,0.4585,0
2026-10-24 09:30:00,중간부하,119,0,142.095,250.516,Medium,0.4585,0
2026-10-24 09:45:00,중간부하,119,0,145.035,282.368,Medium,0.4585,0
2026-10-24 10:00:00,최대부하,187,1,145.905,294.76,Maximum,0.4585,0
2026-10-24 10:15:00,최대부하,187,1,148.066,309.672,Maximum,0.4585,0
2026-10-24 10:30:00,최대부하,187,1,147.628,288.02,Maximum,0.4585,0
2026-10-24 10:45:00,최대부하,187,1,155.062,364.048,Maximum,0.4585,0
2026-10-24 11:00:00,최대부하,187,1,142.73,268.724,Maximum,0.4585,0
2026-10-24 11:15:00,최대부하,187,1,146.409,291.528,Maximum,0.4585,0
2026-10-24 11:30:00,최대부하,187,1,145.442,291.616,Maximum,0.4585,0
2026-10-24 11:45:00,최대부하,187,1,106.313,226.232,Maximum,0.4585,0
2026-10-24 12:00:00,중간부하,119,0,25.505,39.248,Medium,0.4585,0
2026-10-24 12:15:00,중간부하,119,0,20.312,24.984,Medium,0.4585,0
2026-10-24 12:30:00,중간부하,119,0,20.444,25.596,Medium,0.4585,0
2026-10-24 12:45:00,중간부하,119,0,20.73,26.036,Medium,0.4585,0
2026-10-24 13:00:00,중간부하,119,0,74.014,136.1,Maximum,0.4585,0
2026-10-24 13:15:00,중간부하,119,0,151.325,334.276,Maximum,0.4585,0
2026-10-24 13:30:00,중간부하,119,0,151.055,330.292,Maximum,0.4585,0
2026-10-24 13:45:00,중간부하,119,0,154.525,362.224,Maximum,0.4585,0
2026-10-24 14:00:00,중간부하,119,0,145.119,298.0,Maximum,0.4585,0
2026-10-24 14:15:00,중간부하,119,0,154.367,333.324,Maximum,0.4585,0
2026-10-24 14:30:00,중간부하,119,0,151.035,317.32,Maximum,0.4585,0
2026-10-24 14:45:00,중간부하,119,0,158.344,338.176,Maximum,0.4585,0
2026-10-24 15:00:00,중간부하,119,0,153.372,369.604,Maximum,0.4585,0
2026-10-24 15:15:00,중간부하,119,0,156.283,324.34,Maximum,0.4585,0
2026-10-24 15:30:00,중간부하,119,0,163.725,343.692,Maximum,0.4585,0
2026-10-24 15:45:00,중간부하,119,0,146.872,311.544,Maximum,0.4585,0
2026-10-24 16:00:00,중간부하,119,0,153.275,315.664,Maximum,0.4585,0
2026-10-24 16:15:00,중간부하,119,0,148.156,333.576,Maximum,0.4585,0
2026-10-24 16:30:00,중간부하,119,0,140.021,352.736,Maximum,0.4585,0
2026-10-24 16:45:00,중간부하,119,0,75.312,159.984,Maximum,0.4585,0
2026-10-24 17:00:00,최대부하,187,1,38.946,104.212,Medium,0.4585,0
2026-10-24 17:15:00,최대부하,187,1,35.028,100.008,Medium,0.4585,0
2026-10-24 17:30:00,최대부하,187,1,33.513,104.3,Medium,0.4585,0
2026-10-24 17:45:00,최대부하,187,1,34.641,97.344,Medium,0.4585,0
2026-10-24 18:00:00,최대부하,187,1,31.698,95.168,Medium,0.4585,0
2026-10-24 18:15:00,최대부하,187,1,31.564,25.604,Medium,0.4585,0
2026-10-24 18:30:00,최대부하,187,1,28.671,21.304,Medium,0.4585,0
2026-10-24 18:45:00,최대부하,187,1,31.088,20.528,Medium,0.4585,0
2026-10-24 19:00:00,최대부하,187,1,28.996,20.664,Medium,0.4585,0
2026-10-24 19:15:00,최대부하,187,1,26.009,20.0,Medium,0.4585,0
2026-10-24 19:30:00,최대부하,187,1,29.461,19.96,Medium,0.4585,0
2026-10-24 19:45:00,최대부하,187,1,29.867,20.044,Medium,0.4585,0
2026-10-24 20:00:00,중간부하,119,0,29.556,19.424,Medium,0.4585,0
2026-10-24 20:15:00,중간부하,119,0,28.473,19.54,Medium,0.4585,0
2026-10-24 20:30:00,중간부하,119,0,26.323,19.108,Medium,0.4585,0
2026-10-24 20:45:00,중간부하,119,0,25.864,19.18,Medium,0.4585,0
2026-10-24 21:00:00,중간부하,119,0,26.016,18.944,Medium,0.4585,0
2026-10-24 21:15:00,중간부하,119,0,25.37,20.204,Medium,0.4585,0
2026-10-24 21:30:00,중간부하,119,0,26.457,19.028,Medium,0.4585,0
2026-10-24 21:45:00,중간부하,119,0,23.398,18.368,Medium,0.4585,0
2026-10-24 22:00:00,경부하,76,0,25.642,18.416,Medium,0.4585,0
2026-10-24 22:15:00,경부하,76,0,24.288,18.368,Medium,0.4585,0
2026-10-24 22:30:00,경부하,76,0,24.244,18.62,Medium,0.4585,0
2026-10-24 22:45:00,경부하,76,0,23.669,18.28,Medium,0.4585,0
2026-10-24 23:00:00,경부하,76,0,23.612,17.532,Light,0.4585,0
2026-10-24 23:15:00,경부하,76,0,23.451,16.048,Light,0.4585,0
2026-10-24 23:30:00,경부하,76,0,22.961,15.28,Light,0.4585,0
2026-10-24 23:45:00,경부하,76,0,21.873,17.064,Light,0.4585,0
2026-10-25 00:00:00,경부하,76,0,22.248,16.328,Light,0.4585,0
2026-10-25 00:15:00,경부하,76,0,21.832,15.94,Light,0.4585,0
2026-10-25 00:30:00,경부하,76,0,19.921,16.288,Light,0.4585,0
2026-10-25 00:45:00,경부하,76,0,20.232,18.252,Light,0.4585,0
2026-10-25 01:00:00,경부하,76,0,17.288,17.984,Light,0.4585,0
2026-10-25 01:15:00,경부하,76,0,15.905,17.604,Light,0.4585,0
2026-10-25 01:30:00,경부하,76,0,15.657,16.532,Light,0.4585,0
2026-10-25 01:45:00,경부하,76,0,15.828,16.616,Light,0.4585,0
2026-10-25 02:00:00,경부하,76,0,15.318,16.22,Light,0.4585,0
2026-10-25 02:15:00,경부하,76,0,15.278,16.652,Light,0.4585,0
2026-10-25 02:30:00,경부하,76,0,15.838,16.712,Light,0.4585,0
2026-10-25 02:45:00,경부하,76,0,15.985,17.928,Light,0.4585,0
2026-10-25 03:00:00,경부하,76,0,15.722,16.768,Light,0.4585,0
2026-10-25 03:15:00,경부하,76,0,15.743,15.388,Light,0.4585,0
2026-10-25 03:30:00,경부하,76,0,15.731,17.264,Light,0.4585,0
2026-10-25 03:45:00,경부하,76,0,15.575,15.796,Light,0.4585,0
2026-10-25 04:00:00,경부하,76,0,15.706,15.784,Light,0.4585,0
2026-10-25 04:15:00,경부하,76,0,15.354,16.064,Light,0.4585,0
2026-10-25 04:30:00,경부하,76,0,15.713,16.544,Light,0.4585,0
2026-10-25 04:45:00,경부하,76,0,15.895,17.632,Light,0.4585,0
2026-10-25 05:00:00,경부하,76,0,15.068,16.472,Light,0.4585,0
2026-10-25 05:15:00,경부하,76,0,14.018,16.388,Light,0.4585,0
2026-10-25 05:30:00,경부하,76,0,12.866,16.784,Light,0.4585,0
2026-10-25 05:45:00,경부하,76,0,12.792,16.576,Light,0.4585,0
2026-10-25 06:00:00,경부하,76,0,12.713,15.928,Light,0.4585,0
2026-10-25 06:15:00,경부하,76,0,12.64,15.652,Light,0.4585,0
2026-10-25 06:30:00,경부하,76,0,12.932,17.08,Light,0.4585,0
2026-10-25 06:45:00,경부하,76,0,12.771,16.236,Light,0.4585,0
2026-10-25 07:00:00,경부하,76,0,12.516,15.444,Light,0.4585,0
2026-10-25 07:15:00,경부하,76,0,12.54,15.328,Light,0.4585,0
2026-10-25 07:30:00,경부하,76,0,12.668,15.824,Light,0.4585,0
2026-10-25 07:45:00,경부하,76,0,14.532,17.784,Light,0.4585,0
2026-10-25 08:00:00,중간부하,119,0,42.572,105.976,Light,0.4585,0
2026-10-25 08:15:00,중간부하,119,0,65.489,195.32,Light,0.4585,0
2026-10-25 08:30:00,중간부하,119,0,60.635,167.492,Light,0.4585,0
2026-10-25 08:45:00,중간부하,119,0,65.008,164.896,Light,0.4585,0
2026-10-25 09:00:00,중간부하,119,0,60.27,144.208,Light,0.4585,0
2026-10-25 09:15:00,중간부하,119,0,63.161,155.428,Light,0.4585,0
2026-10-25 09:30:00,중간부하,119,0,68.01,199.456,Light,0.4585,0
2026-10-25 09:45:00,중간부하,119,0,62.445,144.0,Light,0.4585,0
2026-10-25 10:00:00,최대부하,187,1,64.752,198.46,Light,0.4585,0
2026-10-25 10:15:00,최대부하,187,1,64.89,189.268,Light,0.4585,0
2026-10-25 10:30:00,최대부하,187,1,64.339,139.952,Light,0.4585,0
2026-10-25 10:45:00,최대부하,187,1,62.242,140.42,Light,0.4585,0
2026-10-25 11:00:00,최대부하,187,1,66.597,149.248,Light,0.4585,0
2026-10-25 11:15:00,최대부하,187,1,62.407,204.356,Light,0.4585,0
2026-10-25 11:30:00,최대부하,187,1,64.188,214.236,Light,0.4585,0
2026-10-25 11:45:00,최대부하,187,1,41.472,136.096,Light,0.4585,0
2026-10-25 12:00:00,중간부하,119,0,16.96,22.176,Light,0.4585,0
2026-10-25 12:15:00,중간부하,119,0,16.848,21.024,Light,0.4585,0
2026-10-25 12:30:00,중간부하,119,0,16.795,21.384,Light,0.4585,0
2026-10-25 12:45:00,중간부하,119,0,16.46,20.356,Light,0.4585,0
2026-10-25 13:00:00,중간부하,119,0,37.534,89.836,Light,0.4585,0
2026-10-25 13:15:00,중간부하,119,0,67.28,144.956,Light,0.4585,0
2026-10-25 13:30:00,중간부하,119,0,61.742,199.78,Light,0.4585,0
2026-10-25 13:45:00,중간부하,119,0,62.418,140.356,Light,0.4585,0
2026-10-25 14:00:00,중간부하,119,0,59.25,141.076,Light,0.4585,0
2026-10-25 14:15:00,중간부하,119,0,59.904,141.112,Light,0.4585,0
2026-10-25 14:30:00,중간부하,119,0,59.657,144.98,Light,0.4585,0
2026-10-25 14:45:00,중간부하,119,0,58.42,139.196,Light,0.4585,0
2026-10-25 15:00:00,중간부하,119,0,57.632,146.972,Light,0.4585,0
2026-10-25 15:15:00,중간부하,119,0,57.97,134.44,Light,0.4585,0
2026-10-25 15:30:00,중간부하,119,0,57.804,147.152,Light,0.4585,0
2026-10-25 15:45:00,중간부하,119,0,57.182,145.592,Light,0.4585,0
2026-10-25 16:00:00,중간부하,119,0,57.992,152.372,Light,0.4585,0
2026-10-25 16:15:00,중간부하,119,0,52.412,135.488,Light,0.4585,0
2026-10-25 16:30:00,중간부하,119,0,47.272,140.6,Light,0.4585,0
2026-10-25 16:45:00,중간부하,119,0,25.923,37.736,Light,0.4585,0
2026-10-25 17:00:00,최대부하,187,1,20.468,20.32,Light,0.4585,0
2026-10-25 17:15:00,최대부하,187,1,20.326,19.856,Light,0.4585,0
2026-10-25 17:30:00,최대부하,187,1,19.438,19.988,Light,0.4585,0
2026-10-25 17:45:00,최대부하,187,1,18.378,19.836,Light,0.4585,0
2026-10-25 18:00:00,최대부하,187,1,18.608,18.884,Light,0.4585,0
2026-10-25 18:15:00,최대부하,187,1,18.747,18.8,Light,0.4585,0
2026-10-25 18:30:00,최대부하,187,1,19.018,19.72,Light,0.4585,0
2026-10-25 18:45:00,최대부하,187,1,19.511,19.864,Light,0.4585,0
2026-10-25 19:00:00,최대부하,187,1,19.579,19.764,Light,0.4585,0
2026-10-25 19:15:00,최대부하,187,1,19.396,19.476,Light,0.4585,0
2026-10-25 19:30:00,최대부하,187,1,19.217,19.144,Light,0.4585,0
2026-10-25 19:45:00,최대부하,187,1,19.61,19.944,Light,0.4585,0
2026-10-25 20:00:00,중간부하,119,0,19.327,17.84,Light,0.4585,0
2026-10-25 20:15:00,중간부하,119,0,19.314,18.988,Light,0.4585,0
2026-10-25 20:30:00,중간부하,119,0,19.325,18.916,Light,0.4585,0
2026-10-25 20:45:00,중간부하,119,0,16.784,19.556,Light,0.4585,0
2026-10-25 21:00:00,중간부하,119,0,16.109,17.048,Light,0.4585,0
2026-10-25 21:15:00,중간부하,119,0,15.985,18.396,Light,0.4585,0
2026-10-25 21:30:00,중간부하,119,0,15.941,18.424,Light,0.4585,0
2026-10-25 21:45:00,중간부하,119,0,15.938,18.18,Light,0.4585,0
2026-10-25 22:00:00,경부하,76,0,15.539,16.928,Light,0.4585,0
2026-10-25 22:15:00,경부하,76,0,13.565,16.12,Light,0.4585,0
2026-10-25 22:30:00,경부하,76,0,12.806,16.252,Light,0.4585,0
2026-10-25 22:45:00,경부하,76,0,13.003,16.0,Light,0.4585,0
2026-10-25 23:00:00,경부하,76,0,12.68,15.94,Light,0.4585,0
2026-10-25 23:15:00,경부하,76,0,12.646,16.0,Light,0.4585,0
2026-10-25 23:30:00,경부하,76,0,12.673,16.704,Light,0.4585,0
2026-10-25 23:45:00,경부하,76,0,12.833,17.38,Light,0.4585,0
2026-10-26 00:00:00,경부하,90,0,12.85,15.752,Light,0.4585,0
2026-10-26 00:15:00,경부하,90,0,12.956,15.912,Light,0.4585,0
2026-10-26 00:30:00,경부하,90,0,13.035,16.84,Light,0.4585,0
2026-10-26 00:45:00,경부하,90,0,13.085,15.968,Light,0.4585,0
2026-10-26 01:00:00,경부하,90,0,12.997,16.688,Light,0.4585,0
2026-10-26 01:15:00,경부하,90,0,12.794,15.56,Light,0.4585,0
2026-10-26 01:30:00,경부하,90,0,13.008,16.224,Light,0.4585,0
2026-10-26 01:45:00,경부하,90,0,12.882,15.56,Light,0.4585,0
2026-10-26 02:00:00,경부하,90,0,12.63,15.528,Light,0.4585,0
2026-10-26 02:15:00,경부하,90,0,12.98,15.4,Light,0.4585,0
2026-10-26 02:30:00,경부하,90,0,13.34,17.664,Light,0.4585,0
2026-10-26 02:45:00,경부하,90,0,12.99,15.936,Light,0.4585,0
2026-10-26 03:00:00,경부하,90,0,12.848,15.376,Light,0.4585,0
2026-10-26 03:15:00,경부하,90,0,12.751,15.504,Light,0.4585,0
2026-10-26 03:30:00,경부하,90,0,12.724,15.6,Light,0.4585,0
2026-10-26 03:45:00,경부하,90,0,12.756,15.504,Light,0.4585,0
2026-10-26 04:00:00,경부하,90,0,12.845,15.312,Light,0.4585,0
2026-10-26 04:15:00,경부하,90,0,12.782,15.216,Light,0.4585,0
2026-10-26 04:30:00,경부하,90,0,12.925,16.376,Light,0.4585,0
2026-10-26 04:45:00,경부하,90,0,12.878,16.824,Light,0.4585,0
2026-10-26 05:00:00,경부하,90,0,12.779,15.656,Light,0.4585,0
2026-10-26 05:15:00,경부하,90,0,12.618,15.728,Light,0.4585,0
2026-10-26 05:30:00,경부하,90,0,12.798,16.896,Light,0.4585,0
2026-10-26 05:45:00,경부하,90,0,12.466,15.248,Light,0.4585,0
2026-10-26 06:00:00,경부하,90,0,12.367,15.248,Light,0.4585,0
2026-10-26 06:15:00,경부하,90,0,12.623,15.528,Light,0.4585,0
2026-10-26 06:30:00,경부하,90,0,12.895,16.064,Light,0.4585,0
2026-10-26 06:45:00,경부하,90,0,12.731,15.28,Light,0.4585,0
2026-10-26 07:00:00,경부하,90,0,13.008,16.528,Light,0.4585,0
2026-10-26 07:15:00,경부하,90,0,15.638,21.056,Light,0.4585,0
2026-10-26 07:30:00,경부하,90,0,17.853,24.48,Light,0.4585,0
2026-10-26 07:45:00,경부하,90,0,20.112,29.024,Light,0.4585,0
2026-10-26 08:00:00,중간부하,140,0,114.752,179.248,Light,0.4585,0
2026-10-26 08:15:00,중간부하,140,0,251.374,368.576,Light,0.4585,0
2026-10-26 08:30:00,중간부하,140,0,265.695,384.232,Light,0.4585,0
2026-10-26 08:45:00,중간부하,140,0,276.251,445.768,Light,0.4585,0
2026-10-26 09:00:00,중간부하,140,0,280.412,429.496,Medium,0.4585,0
2026-10-26 09:15:00,중간부하,140,0,266.788,387.696,Medium,0.4585,0
2026-10-26 09:30:00,중간부하,140,0,285.483,443.312,Medium,0.4585,0
2026-10-26 09:45:00,중간부하,140,0,277.985,433.776,Medium,0.4585,0
2026-10-26 10:00:00,최대부하,220,1,259.021,397.704,Maximum,0.4585,0
2026-10-26 10:15:00,최대부하,220,1,269.785,427.552,Maximum,0.4585,0
2026-10-26 10:30:00,최대부하,220,1,263.931,400.968,Maximum,0.4585,0
2026-10-26 10:45:00,최대부하,220,1,271.781,400.768,Maximum,0.4585,0
2026-10-26 11:00:00,최대부하,220,1,284.783,424.912,Maximum,0.4585,0
2026-10-26 11:15:00,최대부하,220,1,271.371,416.896,Maximum,0.4585,0
2026-10-26 11:30:00,최대부하,220,1,278.232,439.736,Maximum,0.4585,0
2026-10-26 11:45:00,최대부하,220,1,252.95,411.216,Maximum,0.4585,0
2026-10-26 12:00:00,중간부하,140,0,43.005,82.472,Medium,0.4585,0
2026-10-26 12:15:00,중간부하,140,0,28.669,37.656,Medium,0.4585,0
2026-10-26 12:30:00,중간부하,140,0,27.18,35.536,Medium,0.4585,0
2026-10-26 12:45:00,중간부하,140,0,27.192,35.096,Medium,0.4585,0
2026-10-26 13:00:00,중간부하,140,0,189.26,288.872,Maximum,0.4585,0
2026-10-26 13:15:00,중간부하,140,0,278.242,394.256,Maximum,0.4585,0
2026-10-26 13:30:00,중간부하,140,0,289.083,465.344,Maximum,0.4585,0
2026-10-26 13:45:00,중간부하,140,0,283.115,449.872,Maximum,0.4585,0
2026-10-26 14:00:00,중간부하,140,0,280.602,436.224,Maximum,0.4585,0
2026-10-26 14:15:00,중간부하,140,0,281.37,435.12,Maximum,0.4585,0
2026-10-26 14:30:00,중간부하,140,0,269.744,421.448,Maximum,0.4585,0
2026-10-26 14:45:00,중간부하,140,0,265.072,416.768,Maximum,0.4585,0
2026-10-26 15:00:00,중간부하,140,0,267.761,444.312,Maximum,0.4585,0
2026-10-26 15:15:00,중간부하,140,0,261.191,404.392,Maximum,0.4585,0
2026-10-26 15:30:00,중간부하,140,0,274.968,429.376,Maximum,0.4585,0
2026-10-26 15:45:00,중간부하,140,0,276.381,434.32,Maximum,0.4585,0
2026-10-26 16:00:00,중간부하,140,0,265.951,398.448,Maximum,0.4585,0
2026-10-26 16:15:00,중간부하,140,0,262.306,408.112,Maximum,0.4585,0
2026-10-26 16:30:00,중간부하,140,0,274.065,428.848,Maximum,0.4585,0
2026-10-26 16:45:00,중간부하,140,0,275.57,428.656,Maximum,0.4585,0
2026-10-26 17:00:00,최대부하,220,1,256.761,380.088,Medium,0.4585,0
2026-10-26 17:15:00,최대부하,220,1,251.72,403.76,Medium,0.4585,0
2026-10-26 17:30:00,최대부하,220,1,144.286,200.144,Medium,0.4585,0
2026-10-26 17:45:00,최대부하,220,1,128.107,141.456,Medium,0.4585,0
2026-10-26 18:00:00,최대부하,220,1,165.557,276.392,Medium,0.4585,0
2026-10-26 18:15:00,최대부하,220,1,207.442,349.68,Medium,0.4585,0
2026-10-26 18:30:00,최대부하,220,1,218.337,419.792,Medium,0.4585,0
2026-10-26 18:45:00,최대부하,220,1,210.851,390.24,Medium,0.4585,0
2026-10-26 19:00:00,최대부하,220,1,209.525,389.232,Medium,0.4585,0
2026-10-26 19:15:00,최대부하,220,1,221.882,383.76,Medium,0.4585,0
2026-10-26 19:30:00,최대부하,220,1,222.524,415.96,Medium,0.4585,0
2026-10-26 19:45:00,최대부하,220,1,220.453,423.48,Medium,0.4585,0
2026-10-26 20:00:00,중간부하,140,0,223.052,398.664,Medium,0.4585,0
2026-10-26 20:15:00,중간부하,140,0,214.365,409.208,Medium,0.4585,0
2026-10-26 20:30:00,중간부하,140,0,191.101,370.336,Medium,0.4585,0
2026-10-26 20:45:00,중간부하,140,0,132.022,329.04,Medium,0.4585,0
2026-10-26 21:00:00,중간부하,140,0,57.185,154.112,Medium,0.4585,0
2026-10-26 21:15:00,중간부하,140,0,44.256,140.592,Medium,0.4585,0
2026-10-26 21:30:00,중간부하,140,0,44.252,140.624,Medium,0.4585,0
2026-10-26 21:45:00,중간부하,140,0,44.954,155.176,Medium,0.4585,0
2026-10-26 22:00:00,경부하,90,0,48.264,144.232,Medium,0.4585,0
2026-10-26 22:15:00,경부하,90,0,38.911,107.328,Medium,0.4585,0
2026-10-26 22:30:00,경부하,90,0,36.838,29.76,Medium,0.4585,0
2026-10-26 22:45:00,경부하,90,0,34.514,26.272,Medium,0.4585,0
2026-10-26 23:00:00,경부하,90,0,34.921,26.336,Light,0.4585,0
2026-10-26 23:15:00,경부하,90,0,36.772,26.24,Light,0.4585,0
2026-10-26 23:30:00,경부하,90,0,34.484,26.248,Light,0.4585,0
2026-10-26 23:45:00,경부하,90,0,36.675,26.112,Light,0.4585,0
2026-10-27 00:00:00,경부하,90,0,36.114,26.424,Light,0.4585,0
2026-10-27 00:15:00,경부하,90,0,39.337,26.692,Light,0.4585,0
2026-10-27 00:30:00,경부하,90,0,37.004,26.516,Light,0.4585,0
2026-10-27 00:45:00,경부하,90,0,41.599,26.66,Light,0.4585,0
2026-10-27 01:00:00,경부하,90,0,35.127,26.516,Light,0.4585,0
2026-10-27 01:15:00,경부하,90,0,24.466,23.704,Light,0.4585,0
2026-10-27 01:30:00,경부하,90,0,17.961,24.976,Light,0.4585,0
2026-10-27 01:45:00,경부하,90,0,17.045,23.032,Light,0.4585,0
2026-10-27 02:00:00,경부하,90,0,17.12,22.888,Light,0.4585,0
2026-10-27 02:15:00,경부하,90,0,17.022,22.932,Light,0.4585,0
2026-10-27 02:30:00,경부하,90,0,16.892,19.412,Light,0.4585,0
2026-10-27 02:45:00,경부하,90,0,16.721,19.0,Light,0.4585,0
2026-10-27 03:00:00,경부하,90,0,16.683,18.864,Light,0.4585,0
2026-10-27 03:15:00,경부하,90,0,16.655,18.848,Light,0.4585,0
2026-10-27 03:30:00,경부하,90,0,16.456,19.224,Light,0.4585,0
2026-10-27 03:45:00,경부하,90,0,16.764,18.988,Light,0.4585,0
2026-10-27 04:00:00,경부하,90,0,16.588,18.72,Light,0.4585,0
2026-10-27 04:15:00,경부하,90,0,16.348,18.532,Light,0.4585,0
2026-10-27 04:30:00,경부하,90,0,16.541,18.46,Light,0.4585,0
2026-10-27 04:45:00,경부하,90,0,16.217,18.532,Light,0.4585,0
2026-10-27 05:00:00,경부하,90,0,16.445,18.704,Light,0.4585,0
2026-10-27 05:15:00,경부하,90,0,16.532,18.692,Light,0.4585,0
2026-10-27 05:30:00,경부하,90,0,16.422,18.44,Light,0.4585,0
2026-10-27 05:45:00,경부하,90,0,16.698,18.704,Light,0.4585,0
2026-10-27 06:00:00,경부하,90,0,16.323,18.692,Light,0.4585,0
2026-10-27 06:15:00,경부하,90,0,16.122,18.704,Light,0.4585,0
2026-10-27 06:30:00,경부하,90,0,16.009,18.448,Light,0.4585,0
2026-10-27 06:45:00,경부하,90,0,15.721,18.196,Light,0.4585,0
2026-10-27 07:00:00,경부하,90,0,16.168,18.072,Light,0.4585,0
2026-10-27 07:15:00,경부하,90,0,18.227,21.836,Light,0.4585,0
2026-10-27 07:30:00,경부하,90,0,21.363,28.448,Light,0.4585,0
2026-10-27 07:45:00,경부하,90,0,29.263,38.492,Light,0.4585,0
2026-10-27 08:00:00,중간부하,140,0,151.495,231.048,Light,0.4585,0
2026-10-27 08:15:00,중간부하,140,0,243.643,374.564,Light,0.4585,0
2026-10-27 08:30:00,중간부하,140,0,265.412,407.304,Light,0.4585,0
2026-10-27 08:45:00,중간부하,140,0,290.912,482.192,Light,0.4585,0
2026-10-27 09:00:00,중간부하,140,0,279.681,416.06,Medium,0.4585,0
2026-10-27 09:15:00,중간부하,140,0,283.746,410.688,Medium,0.4585,0
2026-10-27 09:30:00,중간부하,140,0,279.415,459.908,Medium,0.4585,0
2026-10-27 09:45:00,중간부하,140,0,272.546,424.888,Medium,0.4585,0
2026-10-27 10:00:00,최대부하,220,1,265.441,425.464,Maximum,0.4585,0
2026-10-27 10:15:00,최대부하,220,1,261.782,408.6,Maximum,0.4585,0
2026-10-27 10:30:00,최대부하,220,1,275.664,459.46,Maximum,0.4585,0
2026-10-27 10:45:00,최대부하,220,1,266.892,420.748,Maximum,0.4585,0
2026-10-27 11:00:00,최대부하,220,1,287.107,437.96,Maximum,0.4585,0
2026-10-27 11:15:00,최대부하,220,1,284.135,425.284,Maximum,0.4585,0
2026-10-27 11:30:00,최대부하,220,1,276.332,453.52,Maximum,0.4585,0
2026-10-27 11:45:00,최대부하,220,1,273.556,434.052,Maximum,0.4585,0
2026-10-27 12:00:00,중간부하,140,0,46.767,83.584,Medium,0.4585,0
2026-10-27 12:15:00,중간부하,140,0,27.72,37.088,Medium,0.4585,0
2026-10-27 12:30:00,중간부하,140,0,26.774,35.048,Medium,0.4585,0
2026-10-27 12:45:00,중간부하,140,0,27.928,38.356,Medium,0.4585,0
2026-10-27 13:00:00,중간부하,140,0,182.489,288.128,Maximum,0.4585,0
2026-10-27 13:15:00,중간부하,140,0,285.736,460.64,Maximum,0.4585,0
2026-10-27 13:30:00,중간부하,140,0,286.145,434.324,Maximum,0.4585,0
2026-10-27 13:45:00,중간부하,140,0,279.957,433.388,Maximum,0.4585,0
2026-10-27 14:00:00,중간부하,140,0,264.714,408.772,Maximum,0.4585,0
2026-10-27 14:15:00,중간부하,140,0,274.39,419.344,Maximum,0.4585,0
2026-10-27 14:30:00,중간부하,140,0,268.019,437.932,Maximum,0.4585,0
2026-10-27 14:45:00,중간부하,140,0,270.076,401.164,Maximum,0.4585,0
2026-10-27 15:00:00,중간부하,140,0,262.217,377.912,Maximum,0.4585,0
2026-10-27 15:15:00,중간부하,140,0,268.865,405.596,Maximum,0.4585,0
2026-10-27 15:30:00,중간부하,140,0,285.578,434.944,Maximum,0.4585,0
2026-10-27 15:45:00,중간부하,140,0,277.58,426.276,Maximum,0.4585,0
2026-10-27 16:00:00,중간부하,140,0,278.23,439.54,Maximum,0.4585,0
2026-10-27 16:15:00,중간부하,140,0,276.398,418.096,Maximum,0.4585,0
2026-10-27 16:30:00,중간부하,140,0,285.036,419.848,Maximum,0.4585,0
2026-10-27 16:45:00,중간부하,140,0,281.371,417.4,Maximum,0.4585,0
2026-10-27 17:00:00,최대부하,220,1,269.065,432.936,Medium,0.4585,0
2026-10-27 17:15:00,최대부하,220,1,257.127,406.34,Medium,0.4585,0
2026-10-27 17:30:00,최대부하,220,1,158.167,248.488,Medium,0.4585,0
2026-10-27 17:45:00,최대부하,220,1,133.933,224.948,Medium,0.4585,0
2026-10-27 18:00:00,최대부하,220,1,173.995,283.212,Medium,0.4585,0
2026-10-27 18:15:00,최대부하,220,1,228.677,397.672,Medium,0.4585,0
2026-10-27 18:30:00,최대부하,220,1,221.255,353.636,Medium,0.4585,0
2026-10-27 18:45:00,최대부하,220,1,225.055,427.664,Medium,0.4585,0
2026-10-27 19:00:00,최대부하,220,1,215.646,382.572,Medium,0.4585,0
2026-10-27 19:15:00,최대부하,220,1,224.292,416.68,Medium,0.4585,0
2026-10-27 19:30:00,최대부하,220,1,224.765,379.208,Medium,0.4585,0
2026-10-27 19:45:00,최대부하,220,1,220.343,397.388,Medium,0.4585,0
2026-10-27 20:00:00,중간부하,140,0,217.295,379.424,Medium,0.4585,0
2026-10-27 20:15:00,중간부하,140,0,232.438,402.76,Medium,0.4585,0
2026-10-27 20:30:00,중간부하,140,0,202.0,374.812,Medium,0.4585,0
2026-10-27 20:45:00,중간부하,140,0,123.442,253.252,Medium,0.4585,0
2026-10-27 21:00:00,중간부하,140,0,54.756,131.588,Medium,0.4585,0
2026-10-27 21:15:00,중간부하,140,0,47.072,124.1,Medium,0.4585,0
2026-10-27 21:30:00,중간부하,140,0,44.078,128.088,Medium,0.4585,0
2026-10-27 21:45:00,중간부하,140,0,40.455,147.628,Medium,0.4585,0
2026-10-27 22:00:00,경부하,90,0,40.695,140.04,Medium,0.4585,0
2026-10-27 22:15:00,경부하,90,0,44.449,132.248,Medium,0.4585,0
2026-10-27 22:30:00,경부하,90,0,41.861,146.484,Medium,0.4585,0
2026-10-27 22:45:00,경부하,90,0,41.546,144.088,Medium,0.4585,0
2026-10-27 23:00:00,경부하,90,0,42.38,129.088,Light,0.4585,0
2026-10-27 23:15:00,경부하,90,0,40.47,122.832,Light,0.4585,0
2026-10-27 23:30:00,경부하,90,0,38.335,125.552,Light,0.4585,0
2026-10-27 23:45:00,경부하,90,0,38.911,122.86,Light,0.4585,0
2026-10-28 00:00:00,경부하,90,0,37.418,123.308,Light,0.4585,0
2026-10-28 00:15:00,경부하,90,0,40.035,126.352,Light,0.4585,0
2026-10-28 00:30:00,경부하,90,0,40.663,114.94,Light,0.4585,0
2026-10-28 00:45:00,경부하,90,0,40.911,106.408,Light,0.4585,0
2026-10-28 01:00:00,경부하,90,0,33.475,93.112,Light,0.4585,0
2026-10-28 01:15:00,경부하,90,0,22.947,23.416,Light,0.4585,0
2026-10-28 01:30:00,경부하,90,0,19.222,23.76,Light,0.4585,0
2026-10-28 01:45:00,경부하,90,0,18.318,22.472,Light,0.4585,0
2026-10-28 02:00:00,경부하,90,0,18.12,20.908,Light,0.4585,0
2026-10-28 02:15:00,경부하,90,0,18.145,20.996,Light,0.4585,0
2026-10-28 02:30:00,경부하,90,0,18.082,20.384,Light,0.4585,0
2026-10-28 02:45:00,경부하,90,0,17.741,20.456,Light,0.4585,0
2026-10-28 03:00:00,경부하,90,0,18.025,20.68,Light,0.4585,0
2026-10-28 03:15:00,경부하,90,0,18.775,20.412,Light,0.4585,0
2026-10-28 03:30:00,경부하,90,0,18.358,20.268,Light,0.4585,0
2026-10-28 03:45:00,경부하,90,0,17.994,18.72,Light,0.4585,0
2026-10-28 04:00:00,경부하,90,0,18.013,18.88,Light,0.4585,0
2026-10-28 04:15:00,경부하,90,0,17.742,18.548,Light,0.4585,0
2026-10-28 04:30:00,경부하,90,0,17.35,19.208,Light,0.4585,0
2026-10-28 04:45:00,경부하,90,0,17.128,19.368,Light,0.4585,0
2026-10-28 05:00:00,경부하,90,0,17.232,18.72,Light,0.4585,0
2026-10-28 05:15:00,경부하,90,0,17.455,18.28,Light,0.4585,0
2026-10-28 05:30:00,경부하,90,0,17.556,18.28,Light,0.4585,0
2026-10-28 05:45:00,경부하,90,0,17.41,18.268,Light,0.4585,0
2026-10-28 06:00:00,경부하,90,0,17.809,18.548,Light,0.4585,0
2026-10-28 06:15:00,경부하,90,0,17.996,18.424,Light,0.4585,0
2026-10-28 06:30:00,경부하,90,0,17.65,18.368,Light,0.4585,0
2026-10-28 06:45:00,경부하,90,0,17.578,17.352,Light,0.4585,0
2026-10-28 07:00:00,경부하,90,0,17.262,17.812,Light,0.4585,0
2026-10-28 07:15:00,경부하,90,0,19.424,21.764,Light,0.4585,0
2026-10-28 07:30:00,경부하,90,0,24.39,31.48,Light,0.4585,0
2026-10-28 07:45:00,경부하,90,0,31.34,54.916,Light,0.4585,0
2026-10-28 08:00:00,중간부하,140,0,159.069,226.16,Light,0.4585,0
2026-10-28 08:15:00,중간부하,140,0,269.942,412.768,Light,0.4585,0
2026-10-28 08:30:00,중간부하,140,0,284.293,428.796,Light,0.4585,0
2026-10-28 08:45:00,중간부하,140,0,276.33,441.604,Light,0.4585,0
2026-10-28 09:00:00,중간부하,140,0,279.042,438.028,Medium,0.4585,0
2026-10-28 09:15:00,중간부하,140,0,286.857,443.7,Medium,0.4585,0
2026-10-28 09:30:00,중간부하,140,0,272.74,436.552,Medium,0.4585,0
2026-10-28 09:45:00,중간부하,140,0,269.892,434.636,Medium,0.4585,0
2026-10-28 10:00:00,최대부하,220,1,256.118,376.832,Maximum,0.4585,0
2026-10-28 10:15:00,최대부하,220,1,267.085,450.2,Maximum,0.4585,0
2026-10-28 10:30:00,최대부하,220,1,265.439,407.8,Maximum,0.4585,0
2026-10-28 10:45:00,최대부하,220,1,295.369,447.328,Maximum,0.4585,0
2026-10-28 11:00:00,최대부하,220,1,291.302,439.468,Maximum,0.4585,0
2026-10-28 11:15:00,최대부하,220,1,284.038,446.508,Maximum,0.4585,0
2026-10-28 11:30:00,최대부하,220,1,266.75,394.544,Maximum,0.4585,0
2026-10-28 11:45:00,최대부하,220,1,244.678,412.244,Maximum,0.4585,0
2026-10-28 12:00:00,중간부하,140,0,40.369,79.632,Medium,0.4585,0
2026-10-28 12:15:00,중간부하,140,0,27.647,34.036,Medium,0.4585,0
2026-10-28 12:30:00,중간부하,140,0,28.149,36.224,Medium,0.4585,0
2026-10-28 12:45:00,중간부하,140,0,29.332,36.208,Medium,0.4585,0
2026-10-28 13:00:00,중간부하,140,0,171.38,265.68,Maximum,0.4585,0
2026-10-28 13:15:00,중간부하,140,0,266.295,429.796,Maximum,0.4585,0
2026-10-28 13:30:00,중간부하,140,0,258.91,392.788,Maximum,0.4585,0
2026-10-28 13:45:00,중간부하,140,0,279.498,438.048,Maximum,0.4585,0
2026-10-28 14:00:00,중간부하,140,0,285.861,447.572,Maximum,0.4585,0
2026-10-28 14:15:00,중간부하,140,0,272.125,477.72,Maximum,0.4585,0
2026-10-28 14:30:00,중간부하,140,0,272.985,434.376,Maximum,0.4585,0
2026-10-28 14:45:00,중간부하,140,0,279.835,441.488,Maximum,0.4585,0
2026-10-28 15:00:00,중간부하,140,0,270.658,465.156,Maximum,0.4585,0
2026-10-28 15:15:00,중간부하,140,0,269.159,445.508,Maximum,0.4585,0
2026-10-28 15:30:00,중간부하,140,0,271.022,412.792,Maximum,0.4585,0
2026-10-28 15:45:00,중간부하,140,0,271.092,452.548,Maximum,0.4585,0
2026-10-28 16:00:00,중간부하,140,0,264.628,402.856,Maximum,0.4585,0
2026-10-28 16:15:00,중간부하,140,0,280.148,447.256,Maximum,0.4585,0
2026-10-28 16:30:00,중간부하,140,0,287.726,474.104,Maximum,0.4585,0
2026-10-28 16:45:00,중간부하,140,0,269.837,435.672,Maximum,0.4585,0
2026-10-28 17:00:00,최대부하,220,1,269.621,476.012,Medium,0.4585,0
2026-10-28 17:15:00,최대부하,220,1,251.815,432.088,Medium,0.4585,0
2026-10-28 17:30:00,최대부하,220,1,173.331,301.58,Medium,0.4585,0
2026-10-28 17:45:00,최대부하,220,1,135.333,210.152,Medium,0.4585,0
2026-10-28 18:00:00,최대부하,220,1,124.455,234.872,Medium,0.4585,0
2026-10-28 18:15:00,최대부하,220,1,154.137,369.252,Medium,0.4585,0
2026-10-28 18:30:00,최대부하,220,1,151.595,339.156,Medium,0.4585,0
2026-10-28 18:45:00,최대부하,220,1,158.055,385.588,Medium,0.4585,0
2026-10-28 19:00:00,최대부하,220,1,152.064,336.472,Medium,0.4585,0
2026-10-28 19:15:00,최대부하,220,1,150.662,326.476,Medium,0.4585,0
2026-10-28 19:30:00,최대부하,220,1,147.891,370.268,Medium,0.4585,0
2026-10-28 19:45:00,최대부하,220,1,153.55,370.348,Medium,0.4585,0
2026-10-28 20:00:00,중간부하,140,0,159.595,381.004,Medium,0.4585,0
2026-10-28 20:15:00,중간부하,140,0,154.218,371.836,Medium,0.4585,0
2026-10-28 20:30:00,중간부하,140,0,133.906,344.396,Medium,0.4585,0
2026-10-28 20:45:00,중간부하,140,0,90.133,226.556,Medium,0.4585,0
2026-10-28 21:00:00,중간부하,140,0,54.913,149.236,Medium,0.4585,0
2026-10-28 21:15:00,중간부하,140,0,49.363,159.192,Medium,0.4585,0
2026-10-28 21:30:00,중간부하,140,0,48.443,148.696,Medium,0.4585,0
2026-10-28 21:45:00,중간부하,140,0,39.593,135.172,Medium,0.4585,0
2026-10-28 22:00:00,경부하,90,0,34.38,41.456,Medium,0.4585,0
2026-10-28 22:15:00,경부하,90,0,32.804,21.744,Medium,0.4585,0
2026-10-28 22:30:00,경부하,90,0,31.518,21.584,Medium,0.4585,0
2026-10-28 22:45:00,경부하,90,0,34.164,21.428,Medium,0.4585,0
2026-10-28 23:00:00,경부하,90,0,33.887,21.292,Light,0.4585,0
2026-10-28 23:15:00,경부하,90,0,34.529,20.9,Light,0.4585,0
2026-10-28 23:30:00,경부하,90,0,33.838,20.932,Light,0.4585,0
2026-10-28 23:45:00,경부하,90,0,30.667,20.944,Light,0.4585,0
2026-10-29 00:00:00,경부하,90,0,33.367,20.692,Light,0.4585,0
2026-10-29 00:15:00,경부하,90,0,33.265,21.104,Light,0.4585,0
2026-10-29 00:30:00,경부하,90,0,31.42,20.692,Light,0.4585,0
2026-10-29 00:45:00,경부하,90,0,34.583,19.132,Light,0.4585,0
2026-10-29 01:00:00,경부하,90,0,30.894,18.44,Light,0.4585,0
2026-10-29 01:15:00,경부하,90,0,20.935,18.44,Light,0.4585,0
2026-10-29 01:30:00,경부하,90,0,18.714,18.72,Light,0.4585,0
2026-10-29 01:45:00,경부하,90,0,19.015,21.168,Light,0.4585,0
2026-10-29 02:00:00,경부하,90,0,19.253,19.412,Light,0.4585,0
2026-10-29 02:15:00,경부하,90,0,19.285,20.504,Light,0.4585,0
2026-10-29 02:30:00,경부하,90,0,18.778,20.044,Light,0.4585,0
2026-10-29 02:45:00,경부하,90,0,18.864,22.148,Light,0.4585,0
2026-10-29 03:00:00,경부하,90,0,19.052,20.412,Light,0.4585,0
2026-10-29 03:15:00,경부하,90,0,18.583,18.424,Light,0.4585,0
2026-10-29 03:30:00,경부하,90,0,18.577,18.424,Light,0.4585,0
2026-10-29 03:45:00,경부하,90,0,19.012,19.872,Light,0.4585,0
2026-10-29 04:00:00,경부하,90,0,19.283,20.492,Light,0.4585,0
2026-10-29 04:15:00,경부하,90,0,19.173,18.424,Light,0.4585,0
2026-10-29 04:30:00,경부하,90,0,18.645,18.548,Light,0.4585,0
2026-10-29 04:45:00,경부하,90,0,18.767,18.016,Light,0.4585,0
2026-10-29 05:00:00,경부하,90,0,18.808,17.548,Light,0.4585,0
2026-10-29 05:15:00,경부하,90,0,18.412,17.704,Light,0.4585,0
2026-10-29 05:30:00,경부하,90,0,18.757,17.84,Light,0.4585,0
2026-10-29 05:45:00,경부하,90,0,19.035,17.224,Light,0.4585,0
2026-10-29 06:00:00,경부하,90,0,18.143,16.724,Light,0.4585,0
2026-10-29 06:15:00,경부하,90,0,18.978,18.268,Light,0.4585,0
2026-10-29 06:30:00,경부하,90,0,18.828,17.692,Light,0.4585,0
2026-10-29 06:45:00,경부하,90,0,18.335,18.236,Light,0.4585,0
2026-10-29 07:00:00,경부하,90,0,18.24,18.1,Light,0.4585,0
2026-10-29 07:15:00,경부하,90,0,20.425,19.568,Light,0.4585,0
2026-10-29 07:30:00,경부하,90,0,23.757,28.64,Light,0.4585,0
2026-10-29 07:45:00,경부하,90,0,27.183,32.5,Light,0.4585,0
2026-10-29 08:00:00,중간부하,140,0,191.397,312.552,Light,0.4585,0
2026-10-29 08:15:00,중간부하,140,0,305.288,471.716,Light,0.4585,0
2026-10-29 08:30:00,중간부하,140,0,307.401,469.268,Light,0.4585,0
2026-10-29 08:45:00,중간부하,140,0,323.661,497.944,Light,0.4585,0
2026-10-29 09:00:00,중간부하,140,0,308.033,471.728,Medium,0.4585,0
2026-10-29 09:15:00,중간부하,140,0,300.822,481.824,Medium,0.4585,0
2026-10-29 09:30:00,중간부하,140,0,298.718,452.528,Medium,0.4585,0
2026-10-29 09:45:00,중간부하,140,0,292.326,469.404,Medium,0.4585,0
2026-10-29 10:00:00,최대부하,220,1,302.987,491.744,Maximum,0.4585,0
2026-10-29 10:15:00,최대부하,220,1,289.321,439.424,Maximum,0.4585,0
2026-10-29 10:30:00,최대부하,220,1,294.67,462.212,Maximum,0.4585,0
2026-10-29 10:45:00,최대부하,220,1,280.6,417.008,Maximum,0.4585,0
2026-10-29 11:00:00,최대부하,220,1,285.437,450.272,Maximum,0.4585,0
2026-10-29 11:15:00,최대부하,220,1,285.953,458.18,Maximum,0.4585,0
2026-10-29 11:30:00,최대부하,220,1,286.922,450.296,Maximum,0.4585,0
2026-10-29 11:45:00,최대부하,220,1,276.387,450.504,Maximum,0.4585,0
2026-10-29 12:00:00,중간부하,140,0,49.101,87.536,Medium,0.4585,0
2026-10-29 12:15:00,중간부하,140,0,28.675,41.14,Medium,0.4585,0
2026-10-29 12:30:00,중간부하,140,0,30.302,40.78,Medium,0.4585,0
2026-10-29 12:45:00,중간부하,140,0,33.602,68.672,Medium,0.4585,0
2026-10-29 13:00:00,중간부하,140,0,187.318,314.524,Maximum,0.4585,0
2026-10-29 13:15:00,중간부하,140,0,272.024,437.96,Maximum,0.4585,0
2026-10-29 13:30:00,중간부하,140,0,272.189,481.076,Maximum,0.4585,0
2026-10-29 13:45:00,중간부하,140,0,266.752,426.356,Maximum,0.4585,0
2026-10-29 14:00:00,중간부하,140,0,264.631,436.104,Maximum,0.4585,0
2026-10-29 14:15:00,중간부하,140,0,265.352,435.32,Maximum,0.4585,0
2026-10-29 14:30:00,중간부하,140,0,265.271,427.024,Maximum,0.4585,0
2026-10-29 14:45:00,중간부하,140,0,270.798,443.78,Maximum,0.4585,0
2026-10-29 15:00:00,중간부하,140,0,260.983,420.084,Maximum,0.4585,0
2026-10-29 15:15:00,중간부하,140,0,261.572,406.8,Maximum,0.4585,0
2026-10-29 15:30:00,중간부하,140,0,281.624,454.304,Maximum,0.4585,0
2026-10-29 15:45:00,중간부하,140,0,262.866,401.816,Maximum,0.4585,0
2026-10-29 16:00:00,중간부하,140,0,277.955,443.332,Maximum,0.4585,0
2026-10-29 16:15:00,중간부하,140,0,271.536,398.32,Maximum,0.4585,0
2026-10-29 16:30:00,중간부하,140,0,264.813,409.68,Maximum,0.4585,0
2026-10-29 16:45:00,중간부하,140,0,251.23,390.204,Maximum,0.4585,0
2026-10-29 17:00:00,최대부하,220,1,270.641,441.064,Medium,0.4585,0
2026-10-29 17:15:00,최대부하,220,1,243.981,394.12,Medium,0.4585,0
2026-10-29 17:30:00,최대부하,220,1,137.975,200.288,Medium,0.4585,0
2026-10-29 17:45:00,최대부하,220,1,130.982,173.52,Medium,0.4585,0
2026-10-29 18:00:00,최대부하,220,1,180.622,272.608,Medium,0.4585,0
2026-10-29 18:15:00,최대부하,220,1,228.064,412.568,Medium,0.4585,0
2026-10-29 18:30:00,최대부하,220,1,216.218,337.248,Medium,0.4585,0
2026-10-29 18:45:00,최대부하,220,1,231.463,427.104,Medium,0.4585,0
2026-10-29 19:00:00,최대부하,220,1,214.949,359.048,Medium,0.4585,0
2026-10-29 19:15:00,최대부하,220,1,222.671,370.856,Medium,0.4585,0
2026-10-29 19:30:00,최대부하,220,1,223.345,401.228,Medium,0.4585,0
2026-10-29 19:45:00,최대부하,220,1,216.407,379.296,Medium,0.4585,0
2026-10-29 20:00:00,중간부하,140,0,216.952,366.416,Medium,0.4585,0
2026-10-29 20:15:00,중간부하,140,0,235.69,430.184,Medium,0.4585,0
2026-10-29 20:30:00,중간부하,140,0,201.626,410.888,Medium,0.4585,0
2026-10-29 20:45:00,중간부하,140,0,136.433,299.044,Medium,0.4585,0
2026-10-29 21:00:00,중간부하,140,0,77.192,247.636,Medium,0.4585,0
2026-10-29 21:15:00,중간부하,140,0,52.722,160.864,Medium,0.4585,0
2026-10-29 21:30:00,중간부하,140,0,43.755,133.436,Medium,0.4585,0
2026-10-29 21:45:00,중간부하,140,0,41.743,123.38,Medium,0.4585,0
2026-10-29 22:00:00,경부하,90,0,39.685,45.388,Medium,0.4585,0
2026-10-29 22:15:00,경부하,90,0,36.102,26.136,Medium,0.4585,0
2026-10-29 22:30:00,경부하,90,0,39.482,25.868,Medium,0.4585,0
2026-10-29 22:45:00,경부하,90,0,41.073,28.568,Medium,0.4585,0
2026-10-29 23:00:00,경부하,90,0,35.87,29.824,Light,0.4585,0
2026-10-29 23:15:00,경부하,90,0,34.091,27.108,Light,0.4585,0
2026-10-29 23:30:00,경부하,90,0,36.598,21.512,Light,0.4585,0
2026-10-29 23:45:00,경부하,90,0,39.829,20.968,Light,0.4585,0
2026-10-30 00:00:00,경부하,90,0,30.361,21.16,Light,0.4585,0
2026-10-30 00:15:00,경부하,90,0,38.746,21.032,Light,0.4585,0
2026-10-30 00:30:00,경부하,90,0,35.905,20.908,Light,0.4585,0
2026-10-30 00:45:00,경부하,90,0,33.632,21.016,Light,0.4585,0
2026-10-30 01:00:00,경부하,90,0,24.041,20.924,Light,0.4585,0
2026-10-30 01:15:00,경부하,90,0,21.534,21.368,Light,0.4585,0
2026-10-30 01:30:00,경부하,90,0,20.223,21.204,Light,0.4585,0
2026-10-30 01:45:00,경부하,90,0,19.115,19.664,Light,0.4585,0
2026-10-30 02:00:00,경부하,90,0,22.425,19.808,Light,0.4585,0
2026-10-30 02:15:00,경부하,90,0,22.317,19.808,Light,0.4585,0
2026-10-30 02:30:00,경부하,90,0,20.325,19.664,Light,0.4585,0
2026-10-30 02:45:00,경부하,90,0,21.089,20.188,Light,0.4585,0
2026-10-30 03:00:00,경부하,90,0,20.312,19.916,Light,0.4585,0
2026-10-30 03:15:00,경부하,90,0,21.456,19.792,Light,0.4585,0
2026-10-30 03:30:00,경부하,90,0,19.235,20.032,Light,0.4585,0
2026-10-30 03:45:00,경부하,90,0,19.102,19.0,Light,0.4585,0
2026-10-30 04:00:00,경부하,90,0,19.117,19.144,Light,0.4585,0
2026-10-30 04:15:00,경부하,90,0,20.109,20.044,Light,0.4585,0
2026-10-30 04:30:00,경부하,90,0,18.887,18.944,Light,0.4585,0
2026-10-30 04:45:00,경부하,90,0,18.64,18.836,Light,0.4585,0
2026-10-30 05:00:00,경부하,90,0,18.962,19.424,Light,0.4585,0
2026-10-30 05:15:00,경부하,90,0,20.562,18.504,Light,0.4585,0
2026-10-30 05:30:00,경부하,90,0,21.922,18.928,Light,0.4585,0
2026-10-30 05:45:00,경부하,90,0,21.122,18.704,Light,0.4585,0
2026-10-30 06:00:00,경부하,90,0,21.338,18.944,Light,0.4585,0
2026-10-30 06:15:00,경부하,90,0,21.855,18.404,Light,0.4585,0
2026-10-30 06:30:00,경부하,90,0,20.911,17.516,Light,0.4585,0
2026-10-30 06:45:00,경부하,90,0,22.001,17.264,Light,0.4585,0
2026-10-30 07:00:00,경부하,90,0,21.557,18.124,Light,0.4585,0
2026-10-30 07:15:00,경부하,90,0,21.214,20.924,Light,0.4585,0
2026-10-30 07:30:00,경부하,90,0,26.972,29.108,Light,0.4585,0
2026-10-30 07:45:00,경부하,90,0,26.195,35.944,Light,0.4585,0
2026-10-30 08:00:00,중간부하,140,0,156.597,241.18,Light,0.4585,0
2026-10-30 08:15:00,중간부하,140,0,260.635,411.824,Light,0.4585,0
2026-10-30 08:30:00,중간부하,140,0,279.825,458.452,Light,0.4585,0
2026-10-30 08:45:00,중간부하,140,0,290.583,452.932,Light,0.4585,0
2026-10-30 09:00:00,중간부하,140,0,293.703,463.6,Medium,0.4585,0
2026-10-30 09:15:00,중간부하,140,0,276.915,435.428,Medium,0.4585,0
2026-10-30 09:30:00,중간부하,140,0,264.379,421.22,Medium,0.4585,0
2026-10-30 09:45:00,중간부하,140,0,263.182,400.228,Medium,0.4585,0
2026-10-30 10:00:00,최대부하,220,1,254.578,415.28,Maximum,0.4585,0
2026-10-30 10:15:00,최대부하,220,1,258.041,407.836,Maximum,0.4585,0
2026-10-30 10:30:00,최대부하,220,1,251.716,399.22,Maximum,0.4585,0
2026-10-30 10:45:00,최대부하,220,1,256.311,391.032,Maximum,0.4585,0
2026-10-30 11:00:00,최대부하,220,1,262.412,431.804,Maximum,0.4585,0
2026-10-30 11:15:00,최대부하,220,1,269.604,442.64,Maximum,0.4585,0
2026-10-30 11:30:00,최대부하,220,1,260.805,416.5,Maximum,0.4585,0
2026-10-30 11:45:00,최대부하,220,1,255.243,453.296,Maximum,0.4585,0
2026-10-30 12:00:00,중간부하,140,0,46.342,103.088,Medium,0.4585,0
2026-10-30 12:15:00,중간부하,140,0,24.532,38.736,Medium,0.4585,0
2026-10-30 12:30:00,중간부하,140,0,23.851,33.532,Medium,0.4585,0
2026-10-30 12:45:00,중간부하,140,0,23.976,33.884,Medium,0.4585,0
2026-10-30 13:00:00,중간부하,140,0,174.841,277.372,Maximum,0.4585,0
2026-10-30 13:15:00,중간부하,140,0,260.305,426.196,Maximum,0.4585,0
2026-10-30 13:30:00,중간부하,140,0,270.731,428.74,Maximum,0.4585,0
2026-10-30 13:45:00,중간부하,140,0,258.359,402.068,Maximum,0.4585,0
2026-10-30 14:00:00,중간부하,140,0,266.001,414.964,Maximum,0.4585,0
2026-10-30 14:15:00,중간부하,140,0,269.82,433.576,Maximum,0.4585,0
2026-10-30 14:30:00,중간부하,140,0,270.388,437.184,Maximum,0.4585,0
2026-10-30 14:45:00,중간부하,140,0,266.162,416.176,Maximum,0.4585,0
2026-10-30 15:00:00,중간부하,140,0,248.149,386.8,Maximum,0.4585,0
2026-10-30 15:15:00,중간부하,140,0,267.525,460.784,Maximum,0.4585,0
2026-10-30 15:30:00,중간부하,140,0,261.2,442.784,Maximum,0.4585,0
2026-10-30 15:45:00,중간부하,140,0,255.565,408.96,Maximum,0.4585,0
2026-10-30 16:00:00,중간부하,140,0,276.294,449.316,Maximum,0.4585,0
2026-10-30 16:15:00,중간부하,140,0,255.948,402.716,Maximum,0.4585,0
2026-10-30 16:30:00,중간부하,140,0,278.278,445.96,Maximum,0.4585,0
2026-10-30 16:45:00,중간부하,140,0,251.913,411.46,Maximum,0.4585,0
2026-10-30 17:00:00,최대부하,220,1,243.877,364.12,Medium,0.4585,0
2026-10-30 17:15:00,최대부하,220,1,235.685,397.404,Medium,0.4585,0
2026-10-30 17:30:00,최대부하,220,1,142.014,205.22,Medium,0.4585,0
2026-10-30 17:45:00,최대부하,220,1,132.378,195.788,Medium,0.4585,0
2026-10-30 18:00:00,최대부하,220,1,158.27,250.328,Medium,0.4585,0
2026-10-30 18:15:00,최대부하,220,1,203.446,317.32,Medium,0.4585,0
2026-10-30 18:30:00,최대부하,220,1,200.544,359.28,Medium,0.4585,0
2026-10-30 18:45:00,최대부하,220,1,204.748,387.332,Medium,0.4585,0
2026-10-30 19:00:00,최대부하,220,1,202.898,344.016,Medium,0.4585,0
2026-10-30 19:15:00,최대부하,220,1,204.345,317.752,Medium,0.4585,0
2026-10-30 19:30:00,최대부하,220,1,213.591,404.336,Medium,0.4585,0
2026-10-30 19:45:00,최대부하,220,1,210.014,411.524,Medium,0.4585,0
2026-10-30 20:00:00,중간부하,140,0,210.725,400.544,Medium,0.4585,0
2026-10-30 20:15:00,중간부하,140,0,197.949,337.696,Medium,0.4585,0
2026-10-30 20:30:00,중간부하,140,0,189.179,387.604,Medium,0.4585,0
2026-10-30 20:45:00,중간부하,140,0,114.285,238.156,Medium,0.4585,0
2026-10-30 21:00:00,중간부하,140,0,60.127,155.52,Medium,0.4585,0
2026-10-30 21:15:00,중간부하,140,0,52.508,158.732,Medium,0.4585,0
2026-10-30 21:30:00,중간부하,140,0,46.501,147.616,Medium,0.4585,0
2026-10-30 21:45:00,중간부하,140,0,50.834,144.412,Medium,0.4585,0
2026-10-30 22:00:00,경부하,90,0,45.177,154.388,Medium,0.4585,0
2026-10-30 22:15:00,경부하,90,0,38.754,131.336,Medium,0.4585,0
2026-10-30 22:30:00,경부하,90,0,47.296,127.052,Medium,0.4585,0
2026-10-30 22:45:00,경부하,90,0,37.343,128.996,Medium,0.4585,0
2026-10-30 23:00:00,경부하,90,0,38.762,132.32,Light,0.4585,0
2026-10-30 23:15:00,경부하,90,0,46.49,112.852,Light,0.4585,0
2026-10-30 23:30:00,경부하,90,0,40.772,112.16,Light,0.4585,0
2026-10-30 23:45:00,경부하,90,0,42.482,112.372,Light,0.4585,0
2026-10-31 00:00:00,경부하,76,0,43.126,133.544,Light,0.4585,0
2026-10-31 00:15:00,경부하,76,0,40.765,135.036,Light,0.4585,0
2026-10-31 00:30:00,경부하,76,0,38.779,73.384,Light,0.4585,0
2026-10-31 00:45:00,경부하,76,0,34.83,27.468,Light,0.4585,0
2026-10-31 01:00:00,경부하,76,0,35.279,22.652,Light,0.4585,0
2026-10-31 01:15:00,경부하,76,0,25.721,19.808,Light,0.4585,0
2026-10-31 01:30:00,경부하,76,0,23.928,19.512,Light,0.4585,0
2026-10-31 01:45:00,경부하,76,0,21.462,23.524,Light,0.4585,0
2026-10-31 02:00:00,경부하,76,0,18.222,21.832,Light,0.4585,0
2026-10-31 02:15:00,경부하,76,0,20.736,18.676,Light,0.4585,0
2026-10-31 02:30:00,경부하,76,0,20.572,18.844,Light,0.4585,0
2026-10-31 02:45:00,경부하,76,0,18.598,20.204,Light,0.4585,0
2026-10-31 03:00:00,경부하,76,0,19.308,19.252,Light,0.4585,0
2026-10-31 03:15:00,경부하,76,0,20.568,20.824,Light,0.4585,0
2026-10-31 03:30:00,경부하,76,0,18.908,18.772,Light,0.4585,0
2026-10-31 03:45:00,경부하,76,0,19.745,19.16,Light,0.4585,0
2026-10-31 04:00:00,경부하,76,0,20.234,18.692,Light,0.4585,0
2026-10-31 04:15:00,경부하,76,0,18.193,18.856,Light,0.4585,0
2026-10-31 04:30:00,경부하,76,0,20.502,18.676,Light,0.4585,0
2026-10-31 04:45:00,경부하,76,0,19.883,18.772,Light,0.4585,0
2026-10-31 05:00:00,경부하,76,0,18.612,18.972,Light,0.4585,0
2026-10-31 05:15:00,경부하,76,0,20.46,18.664,Light,0.4585,0
2026-10-31 05:30:00,경부하,76,0,18.132,18.756,Light,0.4585,0
2026-10-31 05:45:00,경부하,76,0,17.727,18.72,Light,0.4585,0
2026-10-31 06:00:00,경부하,76,0,20.401,18.756,Light,0.4585,0
2026-10-31 06:15:00,경부하,76,0,18.839,16.796,Light,0.4585,0
2026-10-31 06:30:00,경부하,76,0,18.765,16.784,Light,0.4585,0
2026-10-31 06:45:00,경부하,76,0,20.345,16.544,Light,0.4585,0
2026-10-31 07:00:00,경부하,76,0,17.589,17.576,Light,0.4585,0
2026-10-31 07:15:00,경부하,76,0,16.712,16.4,Light,0.4585,0
2026-10-31 07:30:00,경부하,76,0,17.474,25.012,Light,0.4585,0
2026-10-31 07:45:00,경부하,76,0,20.316,27.504,Light,0.4585,0
2026-10-31 08:00:00,중간부하,119,0,89.882,159.164,Light,0.4585,0
2026-10-31 08:15:00,중간부하,119,0,148.489,359.388,Light,0.4585,0
2026-10-31 08:30:00,중간부하,119,0,139.175,294.992,Light,0.4585,0
2026-10-31 08:45:00,중간부하,119,0,143.964,252.836,Light,0.4585,0
2026-10-31 09:00:00,중간부하,119,0,151.455,336.068,Medium,0.4585,0
2026-10-31 09:15:00,중간부하,119,0,146.051,299.88,Medium,0.4585,0
2026-10-31 09:30:00,중간부하,119,0,142.095,250.516,Medium,0.4585,0
2026-10-31 09:45:00,중간부하,119,0,145.035,282.368,Medium,0.4585,0
2026-10-31 10:00:00,최대부하,187,1,145.905,294.76,Maximum,0.4585,0
2026-10-31 10:15:00,최대부하,187,1,148.066,309.672,Maximum,0.4585,0
2026-10-31 10:30:00,최대부하,187,1,147.628,288.02,Maximum,0.4585,0
2026-10-31 10:45:00,최대부하,187,1,155.062,364.048,Maximum,0.4585,0
2026-10-31 11:00:00,최대부하,187,1,142.73,268.724,Maximum,0.4585,0
2026-10-31 11:15:00,최대부하,187,1,146.409,291.528,Maximum,0.4585,0
2026-10-31 11:30:00,최대부하,187,1,145.442,291.616,Maximum,0.4585,0
2026-10-31 11:45:00,최대부하,187,1,106.313,226.232,Maximum,0.4585,0
2026-10-31 12:00:00,중간부하,119,0,25.505,39.248,Medium,0.4585,0
2026-10-31 12:15:00,중간부하,119,0,20.312,24.984,Medium,0.4585,0
2026-10-31 12:30:00,중간부하,119,0,20.444,25.596,Medium,0.4585,0
2026-10-31 12:45:00,중간부하,119,0,20.73,26.036,Medium,0.4585,0
2026-10-31 13:00:00,중간부하,119,0,74.014,136.1,Maximum,0.4585,0
2026-10-31 13:15:00,중간부하,119,0,151.325,334.276,Maximum,0.4585,0
2026-10-31 13:30:00,중간부하,119,0,151.055,330.292,Maximum,0.4585,0
2026-10-31 13:45:00,중간부하,119,0,154.525,362.224,Maximum,0.4585,0
2026-10-31 14:00:00,중간부하,119,0,145.119,298.0,Maximum,0.4585,0
2026-10-31 14:15:00,중간부하,119,0,154.367,333.324,Maximum,0.4585,0
2026-10-31 14:30:00,중간부하,119,0,151.035,317.32,Maximum,0.4585,0
2026-10-31 14:45:00,중간부하,119,0,158.344,338.176,Maximum,0.4585,0
2026-10-31 15:00:00,중간부하,119,0,153.372,369.604,Maximum,0.4585,0
2026-10-31 15:15:00,중간부하,119,0,156.283,324.34,Maximum,0.4585,0
2026-10-31 15:30:00,중간부하,119,0,163.725,343.692,Maximum,0.4585,0
2026-10-31 15:45:00,중간부하,119,0,146.872,311.544,Maximum,0.4585,0
2026-10-31 16:00:00,중간부하,119,0,153.275,315.664,Maximum,0.4585,0
2026-10-31 16:15:00,중간부하,119,0,148.156,333.576,Maximum,0.4585,0
2026-10-31 16:30:00,중간부하,119,0,140.021,352.736,Maximum,0.4585,0
2026-10-31 16:45:00,중간부하,119,0,75.312,159.984,Maximum,0.4585,0
2026-10-31 17:00:00,최대부하,187,1,38.946,104.212,Medium,0.4585,0
2026-10-31 17:15:00,최대부하,187,1,35.028,100.008,Medium,0.4585,0
2026-10-31 17:30:00,최대부하,187,1,33.513,104.3,Medium,0.4585,0
2026-10-31 17:45:00,최대부하,187,1,34.641,97.344,Medium,0.4585,0
2026-10-31 18:00:00,최대부하,187,1,31.698,95.168,Medium,0.4585,0
2026-10-31 18:15:00,최대부하,187,1,31.564,25.604,Medium,0.4585,0
2026-10-31 18:30:00,최대부하,187,1,28.671,21.304,Medium,0.4585,0
2026-10-31 18:45:00,최대부하,187,1,31.088,20.528,Medium,0.4585,0
2026-10-31 19:00:00,최대부하,187,1,28.996,20.664,Medium,0.4585,0
2026-10-31 19:15:00,최대부하,187,1,26.009,20.0,Medium,0.4585,0
2026-10-31 19:30:00,최대부하,187,1,29.461,19.96,Medium,0.4585,0
2026-10-31 19:45:00,최대부하,187,1,29.867,20.044,Medium,0.4585,0
2026-10-31 20:00:00,중간부하,119,0,29.556,19.424,Medium,0.4585,0
2026-10-31 20:15:00,중간부하,119,0,28.473,19.54,Medium,0.4585,0
2026-10-31 20:30:00,중간부하,119,0,26.323,19.108,Medium,0.4585,0
2026-10-31 20:45:00,중간부하,119,0,25.864,19.18,Medium,0.4585,0
2026-10-31 21:00:00,중간부하,119,0,26.016,18.944,Medium,0.4585,0
2026-10-31 21:15:00,중간부하,119,0,25.37,20.204,Medium,0.4585,0
2026-10-31 21:30:00,중간부하,119,0,26.457,19.028,Medium,0.4585,0
2026-10-31 21:45:00,중간부하,119,0,23.398,18.368,Medium,0.4585,0
2026-10-31 22:00:00,경부하,76,0,25.642,18.416,Medium,0.4585,0
2026-10-31 22:15:00,경부하,76,0,24.288,18.368,Medium,0.4585,0
2026-10-31 22:30:00,경부하,76,0,24.244,18.62,Medium,0.4585,0
2026-10-31 22:45:00,경부하,76,0,23.669,18.28,Medium,0.4585,0
2026-10-31 23:00:00,경부하,76,0,23.612,17.532,Light,0.4585,0
2026-10-31 23:15:00,경부하,76,0,23.451,16.048,Light,0.4585,0
2026-10-31 23:30:00,경부하,76,0,22.961,15.28,Light,0.4585,0
2026-10-31 23:45:00,경부하,76,0,21.873,17.064,Light,0.4585,0
2026-11-01 00:00:00,경부하,76,0,22.248,16.328,Light,0.4585,0
2026-11-01 00:15:00,경부하,76,0,21.832,15.94,Light,0.4585,0
2026-11-01 00:30:00,경부하,76,0,19.921,16.288,Light,0.4585,0
2026-11-01 00:45:00,경부하,76,0,20.232,18.252,Light,0.4585,0
2026-11-01 01:00:00,경부하,76,0,17.288,17.984,Light,0.4585,0
2026-11-01 01:15:00,경부하,76,0,15.905,17.604,Light,0.4585,0
2026-11-01 01:30:00,경부하,76,0,15.657,16.532,Light,0.4585,0
2026-11-01 01:45:00,경부하,76,0,15.828,16.616,Light,0.4585,0
2026-11-01 02:00:00,경부하,76,0,15.318,16.22,Light,0.4585,0
2026-11-01 02:15:00,경부하,76,0,15.278,16.652,Light,0.4585,0
2026-11-01 02:30:00,경부하,76,0,15.838,16.712,Light,0.4585,0
2026-11-01 02:45:00,경부하,76,0,15.985,17.928,Light,0.4585,0
2026-11-01 03:00:00,경부하,76,0,15.722,16.768,Light,0.4585,0
2026-11-01 03:15:00,경부하,76,0,15.743,15.388,Light,0.4585,0
2026-11-01 03:30:00,경부하,76,0,15.731,17.264,Light,0.4585,0
2026-11-01 03:45:00,경부하,76,0,15.575,15.796,Light,0.4585,0
2026-11-01 04:00:00,경부하,76,0,15.706,15.784,Light,0.4585,0
2026-11-01 04:15:00,경부하,76,0,15.354,16.064,Light,0.4585,0
2026-11-01 04:30:00,경부하,76,0,15.713,16.544,Light,0.4585,0
2026-11-01 04:45:00,경부하,76,0,15.895,17.632,Light,0.4585,0
2026-11-01 05:00:00,경부하,76,0,15.068,16.472,Light,0.4585,0
2026-11-01 05:15:00,경부하,76,0,14.018,16.388,Light,0.4585,0
2026-11-01 05:30:00,경부하,76,0,12.866,16.784,Light,0.4585,0
2026-11-01 05:45:00,경부하,76,0,12.792,16.576,Light,0.4585,0
2026-11-01 06:00:00,경부하,76,0,12.713,15.928,Light,0.4585,0
2026-11-01 06:15:00,경부하,76,0,12.64,15.652,Light,0.4585,0
2026-11-01 06:30:00,경부하,76,0,12.932,17.08,Light,0.4585,0
2026-11-01 06:45:00,경부하,76,0,12.771,16.236,Light,0.4585,0
2026-11-01 07:00:00,경부하,76,0,12.516,15.444,Light,0.4585,0
2026-11-01 07:15:00,경부하,76,0,12.54,15.328,Light,0.4585,0
2026-11-01 07:30:00,경부하,76,0,12.668,15.824,Light,0.4585,0
2026-11-01 07:45:00,경부하,76,0,14.532,17.784,Light,0.4585,0
2026-11-01 08:00:00,중간부하,119,0,42.572,105.976,Light,0.4585,0
2026-11-01 08:15:00,중간부하,119,0,65.489,195.32,Light,0.4585,0
2026-11-01 08:30:00,중간부하,119,0,60.635,167.492,Light,0.4585,0
2026-11-01 08:45:00,중간부하,119,0,65.008,164.896,Light,0.4585,0
2026-11-01 09:00:00,중간부하,119,0,60.27,144.208,Light,0.4585,0
2026-11-01 09:15:00,중간부하,119,0,63.161,155.428,Light,0.4585,0
2026-11-01 09:30:00,중간부하,119,0,68.01,199.456,Light,0.4585,0
2026-11-01 09:45:00,중간부하,119,0,62.445,144.0,Light,0.4585,0
2026-11-01 10:00:00,최대부하,187,1,64.752,198.46,Light,0.4585,0
2026-11-01 10:15:00,최대부하,187,1,64.89,189.268,Light,0.4585,0
2026-11-01 10:30:00,최대부하,187,1,64.339,139.952,Light,0.4585,0
2026-11-01 10:45:00,최대부하,187,1,62.242,140.42,Light,0.4585,0
2026-11-01 11:00:00,최대부하,187,1,66.597,149.248,Light,0.4585,0
2026-11-01 11:15:00,최대부하,187,1,62.407,204.356,Light,0.4585,0
2026-11-01 11:30:00,최대부하,187,1,64.188,214.236,Light,0.4585,0
2026-11-01 11:45:00,최대부하,187,1,41.472,136.096,Light,0.4585,0
2026-11-01 12:00:00,중간부하,119,0,16.96,22.176,Light,0.4585,0
2026-11-01 12:15:00,중간부하,119,0,16.848,21.024,Light,0.4585,0
2026-11-01 12:30:00,중간부하,119,0,16.795,21.384,Light,0.4585,0
2026-11-01 12:45:00,중간부하,119,0,16.46,20.356,Light,0.4585,0
2026-11-01 13:00:00,중간부하,119,0,37.534,89.836,Light,0.4585,0
2026-11-01 13:15:00,중간부하,119,0,67.28,144.956,Light,0.4585,0
2026-11-01 13:30:00,중간부하,119,0,61.742,199.78,Light,0.4585,0
2026-11-01 13:45:00,중간부하,119,0,62.418,140.356,Light,0.4585,0
2026-11-01 14:00:00,중간부하,119,0,59.25,141.076,Light,0.4585,0
2026-11-01 14:15:00,중간부하,119,0,59.904,141.112,Light,0.4585,0
2026-11-01 14:30:00,중간부하,119,0,59.657,144.98,Light,0.4585,0
2026-11-01 14:45:00,중간부하,119,0,58.42,139.196,Light,0.4585,0
2026-11-01 15:00:00,중간부하,119,0,57.632,146.972,Light,0.4585,0
2026-11-01 15:15:00,중간부하,119,0,57.97,134.44,Light,0.4585,0
2026-11-01 15:30:00,중간부하,119,0,57.804,147.152,Light,0.4585,0
2026-11-01 15:45:00,중간부하,119,0,57.182,145.592,Light,0.4585,0
2026-11-01 16:00:00,중간부하,119,0,57.992,152.372,Light,0.4585,0
2026-11-01 16:15:00,중간부하,119,0,52.412,135.488,Light,0.4585,0
2026-11-01 16:30:00,중간부하,119,0,47.272,140.6,Light,0.4585,0
2026-11-01 16:45:00,중간부하,119,0,25.923,37.736,Light,0.4585,0
2026-11-01 17:00:00,최대부하,187,1,20.468,20.32,Light,0.4585,0
2026-11-01 17:15:00,최대부하,187,1,20.326,19.856,Light,0.4585,0
2026-11-01 17:30:00,최대부하,187,1,19.438,19.988,Light,0.4585,0
2026-11-01 17:45:00,최대부하,187,1,18.378,19.836,Light,0.4585,0
2026-11-01 18:00:00,최대부하,187,1,18.608,18.884,Light,0.4585,0
2026-11-01 18:15:00,최대부하,187,1,18.747,18.8,Light,0.4585,0
2026-11-01 18:30:00,최대부하,187,1,19.018,19.72,Light,0.4585,0
2026-11-01 18:45:00,최대부하,187,1,19.511,19.864,Light,0.4585,0
2026-11-01 19:00:00,최대부하,187,1,19.579,19.764,Light,0.4585,0
2026-11-01 19:15:00,최대부하,187,1,19.396,19.476,Light,0.4585,0
2026-11-01 19:30:00,최대부하,187,1,19.217,19.144,Light,0.4585,0
2026-11-01 19:45:00,최대부하,187,1,19.61,19.944,Light,0.4585,0
2026-11-01 20:00:00,중간부하,119,0,19.327,17.84,Light,0.4585,0
2026-11-01 20:15:00,중간부하,119,0,19.314,18.988,Light,0.4585,0
2026-11-01 20:30:00,중간부하,119,0,19.325,18.916,Light,0.4585,0
2026-11-01 20:45:00,중간부하,119,0,16.784,19.556,Light,0.4585,0
2026-11-01 21:00:00,중간부하,119,0,16.109,17.048,Light,0.4585,0
2026-11-01 21:15:00,중간부하,119,0,15.985,18.396,Light,0.4585,0
2026-11-01 21:30:00,중간부하,119,0,15.941,18.424,Light,0.4585,0
2026-11-01 21:45:00,중간부하,119,0,15.938,18.18,Light,0.4585,0
2026-11-01 22:00:00,경부하,76,0,15.539,16.928,Light,0.4585,0
2026-11-01 22:15:00,경부하,76,0,13.565,16.12,Light,0.4585,0
2026-11-01 22:30:00,경부하,76,0,12.806,16.252,Light,0.4585,0
2026-11-01 22:45:00,경부하,76,0,13.003,16.0,Light,0.4585,0
2026-11-01 23:00:00,경부하,76,0,12.68,15.94,Light,0.4585,0
2026-11-01 23:15:00,경부하,76,0,12.646,16.0,Light,0.4585,0
2026-11-01 23:30:00,경부하,76,0,12.673,16.704,Light,0.4585,0
2026-11-01 23:45:00,경부하,76,0,12.833,17.38,Light,0.4585,0
