time_slot,tariff_type,price_per_kWh,peak_flag,line_power_kW,base_load_kW,facility_power_kW,total_power_kW,energy_kWh,energy_cost
2026-09-21 00:00:00,경부하,90,0,0.0,12.85,12.85,0.0,0.0,0.0
2026-09-21 00:15:00,경부하,90,0,0.0,12.956,12.956,0.0,0.0,0.0
2026-09-21 00:30:00,경부하,90,0,0.0,13.035,13.035,0.0,0.0,0.0
2026-09-21 00:45:00,경부하,90,0,0.0,13.085,13.085,0.0,0.0,0.0
2026-09-21 01:00:00,경부하,90,0,0.0,12.997,12.997,0.0,0.0,0.0
2026-09-21 01:15:00,경부하,90,0,0.0,12.794,12.794,0.0,0.0,0.0
2026-09-21 01:30:00,경부하,90,0,0.0,13.008,13.008,0.0,0.0,0.0
2026-09-21 01:45:00,경부하,90,0,0.0,12.882,12.882,0.0,0.0,0.0
2026-09-21 02:00:00,경부하,90,0,0.0,12.63,12.63,0.0,0.0,0.0
2026-09-21 02:15:00,경부하,90,0,0.0,12.98,12.98,0.0,0.0,0.0
2026-09-21 02:30:00,경부하,90,0,0.0,13.34,13.34,0.0,0.0,0.0
2026-09-21 02:45:00,경부하,90,0,0.0,12.99,12.99,0.0,0.0,0.0
2026-09-21 03:00:00,경부하,90,0,0.0,12.848,12.848,0.0,0.0,0.0
2026-09-21 03:15:00,경부하,90,0,0.0,12.751,12.751,0.0,0.0,0.0
2026-09-21 03:30:00,경부하,90,0,0.0,12.724,12.724,0.0,0.0,0.0
2026-09-21 03:45:00,경부하,90,0,0.0,12.756,12.756,0.0,0.0,0.0
2026-09-21 04:00:00,경부하,90,0,0.0,12.845,12.845,0.0,0.0,0.0
2026-09-21 04:15:00,경부하,90,0,0.0,12.782,12.782,0.0,0.0,0.0
2026-09-21 04:30:00,경부하,90,0,0.0,12.925,12.925,0.0,0.0,0.0
2026-09-21 04:45:00,경부하,90,0,0.0,12.878,12.878,0.0,0.0,0.0
2026-09-21 05:00:00,경부하,90,0,0.0,12.779,12.779,0.0,0.0,0.0
2026-09-21 05:15:00,경부하,90,0,0.0,12.618,12.618,0.0,0.0,0.0
2026-09-21 05:30:00,경부하,90,0,0.0,12.798,12.798,0.0,0.0,0.0
2026-09-21 05:45:00,경부하,90,0,0.0,12.466,12.466,0.0,0.0,0.0
2026-09-21 06:00:00,경부하,90,0,127.0,12.367,139.367,127.0,31.75,2857.5
2026-09-21 06:15:00,경부하,90,0,127.0,12.623,139.623,127.0,31.75,2857.5
2026-09-21 06:30:00,경부하,90,0,127.0,12.895,139.895,127.0,31.75,2857.5
2026-09-21 06:45:00,경부하,90,0,127.0,12.731,139.731,127.0,31.75,2857.5
2026-09-21 07:00:00,경부하,90,0,127.0,13.008,140.008,127.0,31.75,2857.5
2026-09-21 07:15:00,경부하,90,0,127.0,15.638,142.638,127.0,31.75,2857.5
2026-09-21 07:30:00,경부하,90,0,180.0,17.853,197.853,180.0,45.0,4050.0
2026-09-21 07:45:00,경부하,90,0,180.0,20.112,200.112,180.0,45.0,4050.0
2026-09-21 08:00:00,중간부하,140,0,180.0,114.752,294.752,180.0,45.0,6300.0
2026-09-21 08:15:00,중간부하,140,0,180.0,251.374,431.374,180.0,45.0,6300.0
2026-09-21 08:30:00,중간부하,140,0,180.0,265.695,445.695,180.0,45.0,6300.0
2026-09-21 08:45:00,중간부하,140,0,180.0,276.251,456.251,180.0,45.0,6300.0
2026-09-21 09:00:00,중간부하,140,0,180.0,280.412,460.412,180.0,45.0,6300.0
2026-09-21 09:15:00,중간부하,140,0,194.4,266.788,461.188,194.4,48.6,6804.0
2026-09-21 09:30:00,중간부하,140,0,232.8,285.483,518.283,232.8,58.2,8148.0
2026-09-21 09:45:00,중간부하,140,0,159.0,277.985,436.985,159.0,39.75,5565.0
2026-09-21 10:00:00,최대부하,220,1,159.0,259.021,418.021,159.0,39.75,8745.0
2026-09-21 10:15:00,최대부하,220,1,159.0,269.785,428.785,159.0,39.75,8745.0
2026-09-21 10:30:00,최대부하,220,1,260.0,263.931,523.931,260.0,65.0,14300.0
2026-09-21 10:45:00,최대부하,220,1,304.0,271.781,575.781,304.0,76.0,16720.0
2026-09-21 11:00:00,최대부하,220,1,272.0,284.783,556.783,272.0,68.0,14960.0
2026-09-21 11:15:00,최대부하,220,1,224.0,271.371,495.371,224.0,56.0,12320.0
2026-09-21 11:30:00,최대부하,220,1,397.0,278.232,675.232,397.0,99.25,21835.0
2026-09-21 11:45:00,최대부하,220,1,397.0,252.95,649.95,397.0,99.25,21835.0
2026-09-21 12:00:00,중간부하,140,0,397.0,43.005,440.005,397.0,99.25,13895.0
2026-09-21 12:15:00,중간부하,140,0,397.0,28.669,425.669,397.0,99.25,13895.0
2026-09-21 12:30:00,중간부하,140,0,397.0,27.18,424.18,397.0,99.25,13895.0
2026-09-21 12:45:00,중간부하,140,0,397.0,27.192,424.192,397.0,99.25,13895.0
2026-09-21 13:00:00,중간부하,140,0,397.0,189.26,586.26,397.0,99.25,13895.0
2026-09-21 13:15:00,중간부하,140,0,397.0,278.242,675.242,397.0,99.25,13895.0
2026-09-21 13:30:00,중간부하,140,0,397.0,289.083,686.0830000000001,397.0,99.25,13895.0
2026-09-21 13:45:00,중간부하,140,0,325.0,283.115,608.115,325.0,81.25,11375.0
2026-09-21 14:00:00,중간부하,140,0,325.0,280.602,605.602,325.0,81.25,11375.0
2026-09-21 14:15:00,중간부하,140,0,229.33333333333334,281.37,510.7033333333334,229.33333333333334,57.333333333333336,8026.666666666667
2026-09-21 14:30:00,중간부하,140,0,284.8,269.744,554.5440000000001,284.8,71.2,9968.0
2026-09-21 14:45:00,중간부하,140,0,304.0,265.072,569.072,304.0,76.0,10640.0
2026-09-21 15:00:00,중간부하,140,0,304.0,267.761,571.761,304.0,76.0,10640.0
2026-09-21 15:15:00,중간부하,140,0,304.0,261.191,565.191,304.0,76.0,10640.0
2026-09-21 15:30:00,중간부하,140,0,256.0,274.968,530.9680000000001,256.0,64.0,8960.0
2026-09-21 15:45:00,중간부하,140,0,316.7333333333333,276.381,593.1143333333332,316.7333333333333,79.18333333333332,11085.666666666666
2026-09-21 16:00:00,중간부하,140,0,377.8,265.951,643.751,377.8,94.45,13223.0
2026-09-21 16:15:00,중간부하,140,0,397.0,262.306,659.306,397.0,99.25,13895.0
2026-09-21 16:30:00,중간부하,140,0,397.0,274.065,671.065,397.0,99.25,13895.0
2026-09-21 16:45:00,중간부하,140,0,397.0,275.57,672.5699999999999,397.0,99.25,13895.0
2026-09-21 17:00:00,최대부하,220,1,411.93333333333334,256.761,668.6943333333334,411.93333333333334,102.98333333333333,22656.333333333332
2026-09-21 17:15:00,최대부하,220,1,313.0,251.72,564.72,313.0,78.25,17215.0
2026-09-21 17:30:00,최대부하,220,1,313.0,144.286,457.286,313.0,78.25,17215.0
2026-09-21 17:45:00,최대부하,220,1,379.66666666666663,128.107,507.7736666666666,379.66666666666663,94.91666666666666,20881.666666666664
2026-09-21 18:00:00,최대부하,220,1,397.0,165.557,562.557,397.0,99.25,21835.0
2026-09-21 18:15:00,최대부하,220,1,397.0,207.442,604.442,397.0,99.25,21835.0
2026-09-21 18:30:00,최대부하,220,1,397.0,218.337,615.337,397.0,99.25,21835.0
2026-09-21 18:45:00,최대부하,220,1,397.0,210.851,607.851,397.0,99.25,21835.0
2026-09-21 19:00:00,최대부하,220,1,397.0,209.525,606.525,397.0,99.25,21835.0
2026-09-21 19:15:00,최대부하,220,1,353.0,221.882,574.8820000000001,353.0,88.25,19415.0
2026-09-21 19:30:00,최대부하,220,1,397.0,222.524,619.524,397.0,99.25,21835.0
2026-09-21 19:45:00,최대부하,220,1,349.0,220.453,569.453,349.0,87.25,19195.0
2026-09-21 20:00:00,중간부하,140,0,339.4,223.052,562.452,339.4,84.85,11879.0
2026-09-21 20:15:00,중간부하,140,0,377.8,214.365,592.165,377.8,94.45,13223.0
2026-09-21 20:30:00,중간부하,140,0,272.0,191.101,463.101,272.0,68.0,9520.0
2026-09-21 20:45:00,중간부하,140,0,272.0,132.022,404.022,272.0,68.0,9520.0
2026-09-21 21:00:00,중간부하,140,0,272.0,57.185,329.185,272.0,68.0,9520.0
2026-09-21 21:15:00,중간부하,140,0,272.0,44.256,316.256,272.0,68.0,9520.0
2026-09-21 21:30:00,중간부하,140,0,169.0,44.252,213.252,169.0,42.25,5915.0
2026-09-21 21:45:00,중간부하,140,0,145.0,44.954,189.954,145.0,36.25,5075.0
2026-09-21 22:00:00,경부하,90,0,145.0,48.264,193.264,145.0,36.25,3262.5
2026-09-21 22:15:00,경부하,90,0,145.0,38.911,183.911,145.0,36.25,3262.5
2026-09-21 22:30:00,경부하,90,0,145.0,36.838,181.838,145.0,36.25,3262.5
2026-09-21 22:45:00,경부하,90,0,145.0,34.514,179.514,145.0,36.25,3262.5
2026-09-21 23:00:00,경부하,90,0,145.0,34.921,179.921,145.0,36.25,3262.5
2026-09-21 23:15:00,경부하,90,0,145.0,36.772,181.772,145.0,36.25,3262.5
2026-09-21 23:30:00,경부하,90,0,145.0,34.484,179.484,145.0,36.25,3262.5
2026-09-21 23:45:00,경부하,90,0,145.0,36.675,181.675,145.0,36.25,3262.5
2026-09-22 00:00:00,경부하,90,0,145.0,36.114,181.114,145.0,36.25,3262.5
2026-09-22 00:15:00,경부하,90,0,145.0,39.337,184.337,145.0,36.25,3262.5
2026-09-22 00:30:00,경부하,90,0,145.0,37.004,182.004,145.0,36.25,3262.5
2026-09-22 00:45:00,경부하,90,0,145.0,41.599,186.599,145.0,36.25,3262.5
2026-09-22 01:00:00,경부하,90,0,145.0,35.127,180.127,145.0,36.25,3262.5
2026-09-22 01:15:00,경부하,90,0,48.33333333333333,24.466,72.79933333333332,48.33333333333333,12.083333333333332,1087.5
2026-09-22 01:30:00,경부하,90,0,29.0,17.961,46.961,29.0,7.25,652.5
2026-09-22 01:45:00,경부하,90,0,29.0,17.045,46.045,29.0,7.25,652.5
2026-09-22 02:00:00,경부하,90,0,106.33333333333333,17.12,123.45333333333333,106.33333333333333,26.583333333333332,2392.5
2026-09-22 02:15:00,경부하,90,0,145.0,17.022,162.022,145.0,36.25,3262.5
2026-09-22 02:30:00,경부하,90,0,145.0,16.892,161.892,145.0,36.25,3262.5
2026-09-22 02:45:00,경부하,90,0,145.0,16.721,161.721,145.0,36.25,3262.5
2026-09-22 03:00:00,경부하,90,0,145.0,16.683,161.683,145.0,36.25,3262.5
2026-09-22 03:15:00,경부하,90,0,145.0,16.655,161.655,145.0,36.25,3262.5
2026-09-22 03:30:00,경부하,90,0,145.0,16.456,161.456,145.0,36.25,3262.5
2026-09-22 03:45:00,경부하,90,0,145.0,16.764,161.764,145.0,36.25,3262.5
2026-09-22 04:00:00,경부하,90,0,145.0,16.588,161.588,145.0,36.25,3262.5
2026-09-22 04:15:00,경부하,90,0,145.0,16.348,161.348,145.0,36.25,3262.5
2026-09-22 04:30:00,경부하,90,0,145.0,16.541,161.541,145.0,36.25,3262.5
2026-09-22 04:45:00,경부하,90,0,145.0,16.217,161.21699999999998,145.0,36.25,3262.5
2026-09-22 05:00:00,경부하,90,0,145.0,16.445,161.445,145.0,36.25,3262.5
2026-09-22 05:15:00,경부하,90,0,145.0,16.532,161.532,145.0,36.25,3262.5
2026-09-22 05:30:00,경부하,90,0,48.33333333333333,16.422,64.75533333333333,48.33333333333333,12.083333333333332,1087.5
2026-09-22 05:45:00,경부하,90,0,145.0,16.698,161.698,145.0,36.25,3262.5
2026-09-22 06:00:00,경부하,90,0,228.0,16.323,244.323,228.0,57.0,5130.0
2026-09-22 06:15:00,경부하,90,0,272.0,16.122,288.122,272.0,68.0,6120.0
2026-09-22 06:30:00,경부하,90,0,272.0,16.009,288.009,272.0,68.0,6120.0
2026-09-22 06:45:00,경부하,90,0,272.0,15.721,287.721,272.0,68.0,6120.0
2026-09-22 07:00:00,경부하,90,0,272.0,16.168,288.168,272.0,68.0,6120.0
2026-09-22 07:15:00,경부하,90,0,339.4,18.227,357.62699999999995,339.4,84.85,7636.499999999999
2026-09-22 07:30:00,경부하,90,0,377.8,21.363,399.163,377.8,94.45,8500.5
2026-09-22 07:45:00,경부하,90,0,397.0,29.263,426.263,397.0,99.25,8932.5
2026-09-22 08:00:00,중간부하,140,0,411.93333333333334,151.495,563.4283333333333,411.93333333333334,102.98333333333333,14417.666666666666
2026-09-22 08:15:00,중간부하,140,0,374.0,243.643,617.643,374.0,93.5,13090.0
2026-09-22 08:30:00,중간부하,140,0,374.0,265.412,639.412,374.0,93.5,13090.0
2026-09-22 08:45:00,중간부하,140,0,374.0,290.912,664.912,374.0,93.5,13090.0
2026-09-22 09:00:00,중간부하,140,0,374.0,279.681,653.681,374.0,93.5,13090.0
2026-09-22 09:15:00,중간부하,140,0,249.0,283.746,532.746,249.0,62.25,8715.0
2026-09-22 09:30:00,중간부하,140,0,56.0,279.415,335.415,56.0,14.0,1960.0
2026-09-22 09:45:00,중간부하,140,0,86.4,272.546,358.946,86.4,21.6,3024.0
2026-09-22 10:00:00,최대부하,220,1,168.8,265.441,434.241,168.8,42.2,9284.0
2026-09-22 10:15:00,최대부하,220,1,265.3333333333333,261.782,527.1153333333333,265.3333333333333,66.33333333333333,14593.333333333332
2026-09-22 10:30:00,최대부하,220,1,304.0,275.664,579.664,304.0,76.0,16720.0
2026-09-22 10:45:00,최대부하,220,1,293.33333333333337,266.892,560.2253333333333,293.33333333333337,73.33333333333334,16133.333333333336
2026-09-22 11:00:00,최대부하,220,1,304.0,287.107,591.107,304.0,76.0,16720.0
2026-09-22 11:15:00,최대부하,220,1,304.0,284.135,588.135,304.0,76.0,16720.0
2026-09-22 11:30:00,최대부하,220,1,304.0,276.332,580.332,304.0,76.0,16720.0
2026-09-22 11:45:00,최대부하,220,1,304.0,273.556,577.556,304.0,76.0,16720.0
2026-09-22 12:00:00,중간부하,140,0,304.0,46.767,350.767,304.0,76.0,10640.0
2026-09-22 12:15:00,중간부하,140,0,304.0,27.72,331.72,304.0,76.0,10640.0
2026-09-22 12:30:00,중간부하,140,0,304.0,26.774,330.774,304.0,76.0,10640.0
2026-09-22 12:45:00,중간부하,140,0,256.0,27.928,283.928,256.0,64.0,8960.0
2026-09-22 13:00:00,중간부하,140,0,371.4,182.489,553.889,371.4,92.85,12999.0
2026-09-22 13:15:00,중간부하,140,0,354.8,285.736,640.5360000000001,354.8,88.7,12418.0
2026-09-22 13:30:00,중간부하,140,0,374.0,286.145,660.145,374.0,93.5,13090.0
2026-09-22 13:45:00,중간부하,140,0,374.0,279.957,653.957,374.0,93.5,13090.0
2026-09-22 14:00:00,중간부하,140,0,356.93333333333334,264.714,621.6473333333333,356.93333333333334,89.23333333333333,12492.666666666666
2026-09-22 14:15:00,중간부하,140,0,277.3333333333333,274.39,551.7233333333334,277.3333333333333,69.33333333333333,9706.666666666666
2026-09-22 14:30:00,중간부하,140,0,240.0,268.019,508.019,240.0,60.0,8400.0
2026-09-22 14:45:00,중간부하,140,0,284.0,270.076,554.076,284.0,71.0,9940.0
2026-09-22 15:00:00,중간부하,140,0,284.0,262.217,546.217,284.0,71.0,9940.0
2026-09-22 15:15:00,중간부하,140,0,284.0,268.865,552.865,284.0,71.0,9940.0
2026-09-22 15:30:00,중간부하,140,0,273.3333333333333,285.578,558.9113333333332,273.3333333333333,68.33333333333333,9566.666666666666
2026-09-22 15:45:00,중간부하,140,0,236.0,277.58,513.5799999999999,236.0,59.0,8260.0
2026-09-22 16:00:00,중간부하,140,0,255.4,278.23,533.63,255.4,63.85,8939.0
2026-09-22 16:15:00,중간부하,140,0,293.8,276.398,570.1980000000001,293.8,73.45,10283.0
2026-09-22 16:30:00,중간부하,140,0,390.3333333333333,285.036,675.3693333333333,390.3333333333333,97.58333333333333,13661.666666666666
2026-09-22 16:45:00,중간부하,140,0,429.0,281.371,710.371,429.0,107.25,15015.0
2026-09-22 17:00:00,최대부하,220,1,429.0,269.065,698.065,429.0,107.25,23595.0
2026-09-22 17:15:00,최대부하,220,1,429.0,257.127,686.127,429.0,107.25,23595.0
2026-09-22 17:30:00,최대부하,220,1,238.93333333333334,158.167,397.1003333333333,238.93333333333334,59.733333333333334,13141.333333333334
2026-09-22 17:45:00,최대부하,220,1,304.0,133.933,437.933,304.0,76.0,16720.0
2026-09-22 18:00:00,최대부하,220,1,304.0,173.995,477.995,304.0,76.0,16720.0
2026-09-22 18:15:00,최대부하,220,1,304.0,228.677,532.677,304.0,76.0,16720.0
2026-09-22 18:30:00,최대부하,220,1,304.0,221.255,525.255,304.0,76.0,16720.0
2026-09-22 18:45:00,최대부하,220,1,304.0,225.055,529.0550000000001,304.0,76.0,16720.0
2026-09-22 19:00:00,최대부하,220,1,304.0,215.646,519.646,304.0,76.0,16720.0
2026-09-22 19:15:00,최대부하,220,1,304.0,224.292,528.292,304.0,76.0,16720.0
2026-09-22 19:30:00,최대부하,220,1,304.0,224.765,528.765,304.0,76.0,16720.0
2026-09-22 19:45:00,최대부하,220,1,293.33333333333337,220.343,513.6763333333333,293.33333333333337,73.33333333333334,16133.333333333336
2026-09-22 20:00:00,중간부하,140,0,272.0,217.295,489.29499999999996,272.0,68.0,9520.0
2026-09-22 20:15:00,중간부하,140,0,272.0,232.438,504.438,272.0,68.0,9520.0
2026-09-22 20:30:00,중간부하,140,0,272.0,202.0,474.0,272.0,68.0,9520.0
2026-09-22 20:45:00,중간부하,140,0,272.0,123.442,395.442,272.0,68.0,9520.0
2026-09-22 21:00:00,중간부하,140,0,272.0,54.756,326.756,272.0,68.0,9520.0
2026-09-22 21:15:00,중간부하,140,0,175.33333333333331,47.072,222.40533333333332,175.33333333333331,43.83333333333333,6136.666666666666
2026-09-22 21:30:00,중간부하,140,0,156.0,44.078,200.078,156.0,39.0,5460.0
2026-09-22 21:45:00,중간부하,140,0,156.0,40.455,196.45499999999998,156.0,39.0,5460.0
2026-09-22 22:00:00,경부하,90,0,106.33333333333333,40.695,147.02833333333334,106.33333333333333,26.583333333333332,2392.5
2026-09-22 22:15:00,경부하,90,0,145.0,44.449,189.449,145.0,36.25,3262.5
2026-09-22 22:30:00,경부하,90,0,145.0,41.861,186.861,145.0,36.25,3262.5
2026-09-22 22:45:00,경부하,90,0,145.0,41.546,186.546,145.0,36.25,3262.5
2026-09-22 23:00:00,경부하,90,0,145.0,42.38,187.38,145.0,36.25,3262.5
2026-09-22 23:15:00,경부하,90,0,145.0,40.47,185.47,145.0,36.25,3262.5
2026-09-22 23:30:00,경부하,90,0,145.0,38.335,183.335,145.0,36.25,3262.5
2026-09-22 23:45:00,경부하,90,0,145.0,38.911,183.911,145.0,36.25,3262.5
2026-09-23 00:00:00,경부하,90,0,145.0,37.418,182.418,145.0,36.25,3262.5
2026-09-23 00:15:00,경부하,90,0,145.0,40.035,185.035,145.0,36.25,3262.5
2026-09-23 00:30:00,경부하,90,0,48.33333333333333,40.663,88.99633333333333,48.33333333333333,12.083333333333332,1087.5
2026-09-23 00:45:00,경부하,90,0,145.0,40.911,185.911,145.0,36.25,3262.5
2026-09-23 01:00:00,경부하,90,0,145.0,33.475,178.475,145.0,36.25,3262.5
2026-09-23 01:15:00,경부하,90,0,145.0,22.947,167.947,145.0,36.25,3262.5
2026-09-23 01:30:00,경부하,90,0,145.0,19.222,164.222,145.0,36.25,3262.5
2026-09-23 01:45:00,경부하,90,0,145.0,18.318,163.318,145.0,36.25,3262.5
2026-09-23 02:00:00,경부하,90,0,145.0,18.12,163.12,145.0,36.25,3262.5
2026-09-23 02:15:00,경부하,90,0,145.0,18.145,163.145,145.0,36.25,3262.5
2026-09-23 02:30:00,경부하,90,0,145.0,18.082,163.082,145.0,36.25,3262.5
2026-09-23 02:45:00,경부하,90,0,145.0,17.741,162.74099999999999,145.0,36.25,3262.5
2026-09-23 03:00:00,경부하,90,0,145.0,18.025,163.025,145.0,36.25,3262.5
2026-09-23 03:15:00,경부하,90,0,145.0,18.775,163.775,145.0,36.25,3262.5
2026-09-23 03:30:00,경부하,90,0,145.0,18.358,163.358,145.0,36.25,3262.5
2026-09-23 03:45:00,경부하,90,0,145.0,17.994,162.994,145.0,36.25,3262.5
2026-09-23 04:00:00,경부하,90,0,145.0,18.013,163.013,145.0,36.25,3262.5
2026-09-23 04:15:00,경부하,90,0,145.0,17.742,162.742,145.0,36.25,3262.5
2026-09-23 04:30:00,경부하,90,0,145.0,17.35,162.35,145.0,36.25,3262.5
2026-09-23 04:45:00,경부하,90,0,145.0,17.128,162.128,145.0,36.25,3262.5
2026-09-23 05:00:00,경부하,90,0,145.0,17.232,162.232,145.0,36.25,3262.5
2026-09-23 05:15:00,경부하,90,0,145.0,17.455,162.45499999999998,145.0,36.25,3262.5
2026-09-23 05:30:00,경부하,90,0,145.0,17.556,162.556,145.0,36.25,3262.5
2026-09-23 05:45:00,경부하,90,0,145.0,17.41,162.41,145.0,36.25,3262.5
2026-09-23 06:00:00,경부하,90,0,170.4,17.809,188.209,170.4,42.6,3834.0
2026-09-23 06:15:00,경부하,90,0,252.8,17.996,270.796,252.8,63.2,5688.0
2026-09-23 06:30:00,경부하,90,0,272.0,17.65,289.65,272.0,68.0,6120.0
2026-09-23 06:45:00,경부하,90,0,272.0,17.578,289.578,272.0,68.0,6120.0
2026-09-23 07:00:00,경부하,90,0,156.0,17.262,173.262,156.0,39.0,3510.0
2026-09-23 07:15:00,경부하,90,0,156.0,19.424,175.424,156.0,39.0,3510.0
2026-09-23 07:30:00,경부하,90,0,233.33333333333331,24.39,257.7233333333333,233.33333333333331,58.33333333333333,5250.0
2026-09-23 07:45:00,경부하,90,0,272.0,31.34,303.34,272.0,68.0,6120.0
2026-09-23 08:00:00,중간부하,140,0,286.93333333333334,159.069,446.00233333333335,286.93333333333334,71.73333333333333,10042.666666666666
2026-09-23 08:15:00,중간부하,140,0,304.0,269.942,573.942,304.0,76.0,10640.0
2026-09-23 08:30:00,중간부하,140,0,304.0,284.293,588.293,304.0,76.0,10640.0
2026-09-23 08:45:00,중간부하,140,0,304.0,276.33,580.3299999999999,304.0,76.0,10640.0
2026-09-23 09:00:00,중간부하,140,0,304.0,279.042,583.0419999999999,304.0,76.0,10640.0
2026-09-23 09:15:00,중간부하,140,0,304.0,286.857,590.857,304.0,76.0,10640.0
2026-09-23 09:30:00,중간부하,140,0,212.0,272.74,484.74,212.0,53.0,7420.0
2026-09-23 09:45:00,중간부하,140,0,418.3333333333333,269.892,688.2253333333333,418.3333333333333,104.58333333333333,14641.666666666666
2026-09-23 10:00:00,최대부하,220,1,397.0,256.118,653.1179999999999,397.0,99.25,21835.0
2026-09-23 10:15:00,최대부하,220,1,300.3333333333333,267.085,567.4183333333333,300.3333333333333,75.08333333333333,16518.333333333332
2026-09-23 10:30:00,최대부하,220,1,411.93333333333334,265.439,677.3723333333334,411.93333333333334,102.98333333333333,22656.333333333332
2026-09-23 10:45:00,최대부하,220,1,429.0,295.369,724.369,429.0,107.25,23595.0
2026-09-23 11:00:00,최대부하,220,1,429.0,291.302,720.302,429.0,107.25,23595.0
2026-09-23 11:15:00,최대부하,220,1,429.0,284.038,713.038,429.0,107.25,23595.0
2026-09-23 11:30:00,최대부하,220,1,371.4,266.75,638.15,371.4,92.85,20427.0
2026-09-23 11:45:00,최대부하,220,1,399.1333333333333,244.678,643.8113333333333,399.1333333333333,99.78333333333333,21952.333333333332
2026-09-23 12:00:00,중간부하,140,0,252.0,40.369,292.369,252.0,63.0,8820.0
2026-09-23 12:15:00,중간부하,140,0,252.0,27.647,279.647,252.0,63.0,8820.0
2026-09-23 12:30:00,중간부하,140,0,252.0,28.149,280.149,252.0,63.0,8820.0
2026-09-23 12:45:00,중간부하,140,0,252.0,29.332,281.332,252.0,63.0,8820.0
2026-09-23 13:00:00,중간부하,140,0,252.0,171.38,423.38,252.0,63.0,8820.0
2026-09-23 13:15:00,중간부하,140,0,252.0,266.295,518.2950000000001,252.0,63.0,8820.0
2026-09-23 13:30:00,중간부하,140,0,252.0,258.91,510.91,252.0,63.0,8820.0
2026-09-23 13:45:00,중간부하,140,0,252.0,279.498,531.498,252.0,63.0,8820.0
2026-09-23 14:00:00,중간부하,140,0,252.0,285.861,537.861,252.0,63.0,8820.0
2026-09-23 14:15:00,중간부하,140,0,252.0,272.125,524.125,252.0,63.0,8820.0
2026-09-23 14:30:00,중간부하,140,0,237.0,272.985,509.985,237.0,59.25,8295.0
2026-09-23 14:45:00,중간부하,140,0,265.0,279.835,544.835,265.0,66.25,9275.0
2026-09-23 15:00:00,중간부하,140,0,390.3333333333333,270.658,660.9913333333334,390.3333333333333,97.58333333333333,13661.666666666666
2026-09-23 15:15:00,중간부하,140,0,429.0,269.159,698.159,429.0,107.25,15015.0
2026-09-23 15:30:00,중간부하,140,0,429.0,271.022,700.0219999999999,429.0,107.25,15015.0
2026-09-23 15:45:00,중간부하,140,0,429.0,271.092,700.092,429.0,107.25,15015.0
2026-09-23 16:00:00,중간부하,140,0,429.0,264.628,693.6279999999999,429.0,107.25,15015.0
2026-09-23 16:15:00,중간부하,140,0,371.4,280.148,651.548,371.4,92.85,12999.0
2026-09-23 16:30:00,중간부하,140,0,409.8,287.726,697.5260000000001,409.8,102.45,14343.0
2026-09-23 16:45:00,중간부하,140,0,429.0,269.837,698.837,429.0,107.25,15015.0
2026-09-23 17:00:00,최대부하,220,1,429.0,269.621,698.621,429.0,107.25,23595.0
2026-09-23 17:15:00,최대부하,220,1,397.0,251.815,648.815,397.0,99.25,21835.0
2026-09-23 17:30:00,최대부하,220,1,286.93333333333334,173.331,460.2643333333333,286.93333333333334,71.73333333333333,15781.333333333334
2026-09-23 17:45:00,최대부하,220,1,256.0,135.333,391.33299999999997,256.0,64.0,14080.0
2026-09-23 18:00:00,최대부하,220,1,304.0,124.455,428.455,304.0,76.0,16720.0
2026-09-23 18:15:00,최대부하,220,1,304.0,154.137,458.137,304.0,76.0,16720.0
2026-09-23 18:30:00,최대부하,220,1,304.0,151.595,455.595,304.0,76.0,16720.0
2026-09-23 18:45:00,최대부하,220,1,304.0,158.055,462.055,304.0,76.0,16720.0
2026-09-23 19:00:00,최대부하,220,1,293.33333333333337,152.064,445.39733333333334,293.33333333333337,73.33333333333334,16133.333333333336
2026-09-23 19:15:00,최대부하,220,1,272.0,150.662,422.66200000000003,272.0,68.0,14960.0
2026-09-23 19:30:00,최대부하,220,1,272.0,147.891,419.89099999999996,272.0,68.0,14960.0
2026-09-23 19:45:00,최대부하,220,1,272.0,153.55,425.55,272.0,68.0,14960.0
2026-09-23 20:00:00,중간부하,140,0,214.4,159.595,373.995,214.4,53.6,7504.0
2026-09-23 20:15:00,중간부하,140,0,252.8,154.218,407.01800000000003,252.8,63.2,8848.0
2026-09-23 20:30:00,중간부하,140,0,272.0,133.906,405.906,272.0,68.0,9520.0
2026-09-23 20:45:00,중간부하,140,0,272.0,90.133,362.133,272.0,68.0,9520.0
2026-09-23 21:00:00,중간부하,140,0,272.0,54.913,326.913,272.0,68.0,9520.0
2026-09-23 21:15:00,중간부하,140,0,224.0,49.363,273.363,224.0,56.0,7840.0
2026-09-23 21:30:00,중간부하,140,0,200.0,48.443,248.44299999999998,200.0,50.0,7000.0
2026-09-23 21:45:00,중간부하,140,0,145.0,39.593,184.59300000000002,145.0,36.25,5075.0
2026-09-23 22:00:00,경부하,90,0,48.33333333333333,34.38,82.71333333333334,48.33333333333333,12.083333333333332,1087.5
2026-09-23 22:15:00,경부하,90,0,29.0,32.804,61.804,29.0,7.25,652.5
2026-09-23 22:30:00,경부하,90,0,29.0,31.518,60.518,29.0,7.25,652.5
2026-09-23 22:45:00,경부하,90,0,106.33333333333333,34.164,140.49733333333333,106.33333333333333,26.583333333333332,2392.5
2026-09-23 23:00:00,경부하,90,0,145.0,33.887,178.887,145.0,36.25,3262.5
2026-09-23 23:15:00,경부하,90,0,145.0,34.529,179.529,145.0,36.25,3262.5
2026-09-23 23:30:00,경부하,90,0,145.0,33.838,178.838,145.0,36.25,3262.5
2026-09-23 23:45:00,경부하,90,0,145.0,30.667,175.667,145.0,36.25,3262.5
2026-09-24 00:00:00,경부하,90,0,145.0,33.367,178.367,145.0,36.25,3262.5
2026-09-24 00:15:00,경부하,90,0,145.0,33.265,178.265,145.0,36.25,3262.5
2026-09-24 00:30:00,경부하,90,0,145.0,31.42,176.42000000000002,145.0,36.25,3262.5
2026-09-24 00:45:00,경부하,90,0,145.0,34.583,179.583,145.0,36.25,3262.5
2026-09-24 01:00:00,경부하,90,0,145.0,30.894,175.894,145.0,36.25,3262.5
2026-09-24 01:15:00,경부하,90,0,145.0,20.935,165.935,145.0,36.25,3262.5
2026-09-24 01:30:00,경부하,90,0,145.0,18.714,163.714,145.0,36.25,3262.5
2026-09-24 01:45:00,경부하,90,0,145.0,19.015,164.015,145.0,36.25,3262.5
2026-09-24 02:00:00,경부하,90,0,145.0,19.253,164.253,145.0,36.25,3262.5
2026-09-24 02:15:00,경부하,90,0,145.0,19.285,164.285,145.0,36.25,3262.5
2026-09-24 02:30:00,경부하,90,0,145.0,18.778,163.778,145.0,36.25,3262.5
2026-09-24 02:45:00,경부하,90,0,145.0,18.864,163.864,145.0,36.25,3262.5
2026-09-24 03:00:00,경부하,90,0,145.0,19.052,164.052,145.0,36.25,3262.5
2026-09-24 03:15:00,경부하,90,0,145.0,18.583,163.583,145.0,36.25,3262.5
2026-09-24 03:30:00,경부하,90,0,145.0,18.577,163.577,145.0,36.25,3262.5
2026-09-24 03:45:00,경부하,90,0,145.0,19.012,164.012,145.0,36.25,3262.5
2026-09-24 04:00:00,경부하,90,0,145.0,19.283,164.28300000000002,145.0,36.25,3262.5
2026-09-24 04:15:00,경부하,90,0,145.0,19.173,164.173,145.0,36.25,3262.5
2026-09-24 04:30:00,경부하,90,0,48.33333333333333,18.645,66.97833333333332,48.33333333333333,12.083333333333332,1087.5
2026-09-24 04:45:00,경부하,90,0,29.0,18.767,47.766999999999996,29.0,7.25,652.5
2026-09-24 05:00:00,경부하,90,0,29.0,18.808,47.808,29.0,7.25,652.5
2026-09-24 05:15:00,경부하,90,0,106.33333333333333,18.412,124.74533333333332,106.33333333333333,26.583333333333332,2392.5
2026-09-24 05:30:00,경부하,90,0,145.0,18.757,163.757,145.0,36.25,3262.5
2026-09-24 05:45:00,경부하,90,0,145.0,19.035,164.035,145.0,36.25,3262.5
2026-09-24 06:00:00,경부하,90,0,353.0,18.143,371.14300000000003,353.0,88.25,7942.5
2026-09-24 06:15:00,경부하,90,0,397.0,18.978,415.978,397.0,99.25,8932.5
2026-09-24 06:30:00,경부하,90,0,397.0,18.828,415.828,397.0,99.25,8932.5
2026-09-24 06:45:00,경부하,90,0,397.0,18.335,415.335,397.0,99.25,8932.5
2026-09-24 07:00:00,경부하,90,0,397.0,18.24,415.24,397.0,99.25,8932.5
2026-09-24 07:15:00,경부하,90,0,272.0,20.425,292.425,272.0,68.0,6120.0
2026-09-24 07:30:00,경부하,90,0,175.33333333333331,23.757,199.09033333333332,175.33333333333331,43.83333333333333,3944.9999999999995
2026-09-24 07:45:00,경부하,90,0,272.0,27.183,299.183,272.0,68.0,6120.0
2026-09-24 08:00:00,중간부하,140,0,286.93333333333334,191.397,478.33033333333333,286.93333333333334,71.73333333333333,10042.666666666666
2026-09-24 08:15:00,중간부하,140,0,304.0,305.288,609.288,304.0,76.0,10640.0
2026-09-24 08:30:00,중간부하,140,0,304.0,307.401,611.4010000000001,304.0,76.0,10640.0
2026-09-24 08:45:00,중간부하,140,0,304.0,323.661,627.6610000000001,304.0,76.0,10640.0
2026-09-24 09:00:00,중간부하,140,0,304.0,308.033,612.033,304.0,76.0,10640.0
2026-09-24 09:15:00,중간부하,140,0,429.0,300.822,729.822,429.0,107.25,15015.0
2026-09-24 09:30:00,중간부하,140,0,429.0,298.718,727.7180000000001,429.0,107.25,15015.0
2026-09-24 09:45:00,중간부하,140,0,429.0,292.326,721.326,429.0,107.25,15015.0
2026-09-24 10:00:00,최대부하,220,1,269.0,302.987,571.9870000000001,269.0,67.25,14795.0
2026-09-24 10:15:00,최대부하,220,1,313.0,289.321,602.321,313.0,78.25,17215.0
2026-09-24 10:30:00,최대부하,220,1,390.3333333333333,294.67,685.0033333333333,390.3333333333333,97.58333333333333,21468.333333333332
2026-09-24 10:45:00,최대부하,220,1,418.3333333333333,280.6,698.9333333333334,418.3333333333333,104.58333333333333,23008.333333333332
2026-09-24 11:00:00,최대부하,220,1,411.93333333333334,285.437,697.3703333333333,411.93333333333334,102.98333333333333,22656.333333333332
2026-09-24 11:15:00,최대부하,220,1,429.0,285.953,714.953,429.0,107.25,23595.0
2026-09-24 11:30:00,최대부하,220,1,429.0,286.922,715.922,429.0,107.25,23595.0
2026-09-24 11:45:00,최대부하,220,1,418.33333333333337,276.387,694.7203333333334,418.33333333333337,104.58333333333334,23008.333333333336
2026-09-24 12:00:00,중간부하,140,0,397.0,49.101,446.101,397.0,99.25,13895.0
2026-09-24 12:15:00,중간부하,140,0,397.0,28.675,425.675,397.0,99.25,13895.0
2026-09-24 12:30:00,중간부하,140,0,397.0,30.302,427.302,397.0,99.25,13895.0
2026-09-24 12:45:00,중간부하,140,0,339.4,33.602,373.00199999999995,339.4,84.85,11879.0
2026-09-24 13:00:00,중간부하,140,0,281.1333333333333,187.318,468.4513333333333,281.1333333333333,70.28333333333333,9839.666666666666
2026-09-24 13:15:00,중간부하,140,0,251.93333333333334,272.024,523.9573333333333,251.93333333333334,62.983333333333334,8817.666666666666
2026-09-24 13:30:00,중간부하,140,0,313.0,272.189,585.1890000000001,313.0,78.25,10955.0
2026-09-24 13:45:00,중간부하,140,0,390.3333333333333,266.752,657.0853333333333,390.3333333333333,97.58333333333333,13661.666666666666
2026-09-24 14:00:00,중간부하,140,0,429.0,264.631,693.631,429.0,107.25,15015.0
2026-09-24 14:15:00,중간부하,140,0,418.33333333333337,265.352,683.6853333333333,418.33333333333337,104.58333333333334,14641.666666666668
2026-09-24 14:30:00,중간부하,140,0,304.0,265.271,569.271,304.0,76.0,10640.0
2026-09-24 14:45:00,중간부하,140,0,304.0,270.798,574.798,304.0,76.0,10640.0
2026-09-24 15:00:00,중간부하,140,0,304.0,260.983,564.983,304.0,76.0,10640.0
2026-09-24 15:15:00,중간부하,140,0,256.0,261.572,517.572,256.0,64.0,8960.0
2026-09-24 15:30:00,중간부하,140,0,371.4,281.624,653.024,371.4,92.85,12999.0
2026-09-24 15:45:00,중간부하,140,0,409.8,262.866,672.6659999999999,409.8,102.45,14343.0
2026-09-24 16:00:00,중간부하,140,0,429.0,277.955,706.9549999999999,429.0,107.25,15015.0
2026-09-24 16:15:00,중간부하,140,0,385.0,271.536,656.5360000000001,385.0,96.25,13475.0
2026-09-24 16:30:00,중간부하,140,0,429.0,264.813,693.813,429.0,107.25,15015.0
2026-09-24 16:45:00,중간부하,140,0,429.0,251.23,680.23,429.0,107.25,15015.0
2026-09-24 17:00:00,최대부하,220,1,429.0,270.641,699.6410000000001,429.0,107.25,23595.0
2026-09-24 17:15:00,최대부하,220,1,397.0,243.981,640.981,397.0,99.25,21835.0
2026-09-24 17:30:00,최대부하,220,1,397.0,137.975,534.975,397.0,99.25,21835.0
2026-09-24 17:45:00,최대부하,220,1,300.3333333333333,130.982,431.31533333333334,300.3333333333333,75.08333333333333,16518.333333333332
2026-09-24 18:00:00,최대부하,220,1,208.0,180.622,388.622,208.0,52.0,11440.0
2026-09-24 18:15:00,최대부하,220,1,252.0,228.064,480.06399999999996,252.0,63.0,13860.0
2026-09-24 18:30:00,최대부하,220,1,252.0,216.218,468.21799999999996,252.0,63.0,13860.0
2026-09-24 18:45:00,최대부하,220,1,252.0,231.463,483.46299999999997,252.0,63.0,13860.0
2026-09-24 19:00:00,최대부하,220,1,79.0,214.949,293.949,79.0,19.75,4345.0
2026-09-24 19:15:00,최대부하,220,1,127.0,222.671,349.671,127.0,31.75,6985.0
2026-09-24 19:30:00,최대부하,220,1,127.0,223.345,350.345,127.0,31.75,6985.0
2026-09-24 19:45:00,최대부하,220,1,127.0,216.407,343.40700000000004,127.0,31.75,6985.0
2026-09-24 20:00:00,중간부하,140,0,272.0,216.952,488.952,272.0,68.0,9520.0
2026-09-24 20:15:00,중간부하,140,0,272.0,235.69,507.69,272.0,68.0,9520.0
2026-09-24 20:30:00,중간부하,140,0,272.0,201.626,473.626,272.0,68.0,9520.0
2026-09-24 20:45:00,중간부하,140,0,272.0,136.433,408.433,272.0,68.0,9520.0
2026-09-24 21:00:00,중간부하,140,0,217.0,77.192,294.192,217.0,54.25,7595.0
2026-09-24 21:15:00,중간부하,140,0,217.0,52.722,269.722,217.0,54.25,7595.0
2026-09-24 21:30:00,중간부하,140,0,217.0,43.755,260.755,217.0,54.25,7595.0
2026-09-24 21:45:00,중간부하,140,0,145.0,41.743,186.743,145.0,36.25,5075.0
2026-09-24 22:00:00,경부하,90,0,145.0,39.685,184.685,145.0,36.25,3262.5
2026-09-24 22:15:00,경부하,90,0,145.0,36.102,181.102,145.0,36.25,3262.5
2026-09-24 22:30:00,경부하,90,0,145.0,39.482,184.482,145.0,36.25,3262.5
2026-09-24 22:45:00,경부하,90,0,145.0,41.073,186.073,145.0,36.25,3262.5
2026-09-24 23:00:00,경부하,90,0,145.0,35.87,180.87,145.0,36.25,3262.5
2026-09-24 23:15:00,경부하,90,0,145.0,34.091,179.091,145.0,36.25,3262.5
2026-09-24 23:30:00,경부하,90,0,145.0,36.598,181.598,145.0,36.25,3262.5
2026-09-24 23:45:00,경부하,90,0,145.0,39.829,184.829,145.0,36.25,3262.5
2026-09-25 00:00:00,경부하,90,0,145.0,30.361,175.361,145.0,36.25,3262.5
2026-09-25 00:15:00,경부하,90,0,145.0,38.746,183.746,145.0,36.25,3262.5
2026-09-25 00:30:00,경부하,90,0,145.0,35.905,180.905,145.0,36.25,3262.5
2026-09-25 00:45:00,경부하,90,0,145.0,33.632,178.632,145.0,36.25,3262.5
2026-09-25 01:00:00,경부하,90,0,145.0,24.041,169.041,145.0,36.25,3262.5
2026-09-25 01:15:00,경부하,90,0,145.0,21.534,166.534,145.0,36.25,3262.5
2026-09-25 01:30:00,경부하,90,0,145.0,20.223,165.223,145.0,36.25,3262.5
2026-09-25 01:45:00,경부하,90,0,145.0,19.115,164.115,145.0,36.25,3262.5
2026-09-25 02:00:00,경부하,90,0,145.0,22.425,167.425,145.0,36.25,3262.5
2026-09-25 02:15:00,경부하,90,0,145.0,22.317,167.317,145.0,36.25,3262.5
2026-09-25 02:30:00,경부하,90,0,145.0,20.325,165.325,145.0,36.25,3262.5
2026-09-25 02:45:00,경부하,90,0,145.0,21.089,166.089,145.0,36.25,3262.5
2026-09-25 03:00:00,경부하,90,0,145.0,20.312,165.312,145.0,36.25,3262.5
2026-09-25 03:15:00,경부하,90,0,145.0,21.456,166.456,145.0,36.25,3262.5
2026-09-25 03:30:00,경부하,90,0,145.0,19.235,164.235,145.0,36.25,3262.5
2026-09-25 03:45:00,경부하,90,0,145.0,19.102,164.102,145.0,36.25,3262.5
2026-09-25 04:00:00,경부하,90,0,145.0,19.117,164.117,145.0,36.25,3262.5
2026-09-25 04:15:00,경부하,90,0,145.0,20.109,165.109,145.0,36.25,3262.5
2026-09-25 04:30:00,경부하,90,0,145.0,18.887,163.887,145.0,36.25,3262.5
2026-09-25 04:45:00,경부하,90,0,145.0,18.64,163.64,145.0,36.25,3262.5
2026-09-25 05:00:00,경부하,90,0,145.0,18.962,163.962,145.0,36.25,3262.5
2026-09-25 05:15:00,경부하,90,0,145.0,20.562,165.562,145.0,36.25,3262.5
2026-09-25 05:30:00,경부하,90,0,145.0,21.922,166.922,145.0,36.25,3262.5
2026-09-25 05:45:00,경부하,90,0,145.0,21.122,166.122,145.0,36.25,3262.5
2026-09-25 06:00:00,경부하,90,0,272.0,21.338,293.338,272.0,68.0,6120.0
2026-09-25 06:15:00,경부하,90,0,272.0,21.855,293.855,272.0,68.0,6120.0
2026-09-25 06:30:00,경부하,90,0,272.0,20.911,292.911,272.0,68.0,6120.0
2026-09-25 06:45:00,경부하,90,0,272.0,22.001,294.001,272.0,68.0,6120.0
2026-09-25 07:00:00,경부하,90,0,272.0,21.557,293.557,272.0,68.0,6120.0
2026-09-25 07:15:00,경부하,90,0,272.0,21.214,293.214,272.0,68.0,6120.0
2026-09-25 07:30:00,경부하,90,0,272.0,26.972,298.972,272.0,68.0,6120.0
2026-09-25 07:45:00,경부하,90,0,272.0,26.195,298.195,272.0,68.0,6120.0
2026-09-25 08:00:00,중간부하,140,0,304.0,156.597,460.597,304.0,76.0,10640.0
2026-09-25 08:15:00,중간부하,140,0,304.0,260.635,564.635,304.0,76.0,10640.0
2026-09-25 08:30:00,중간부하,140,0,304.0,279.825,583.825,304.0,76.0,10640.0
2026-09-25 08:45:00,중간부하,140,0,304.0,290.583,594.5830000000001,304.0,76.0,10640.0
2026-09-25 09:00:00,중간부하,140,0,304.0,293.703,597.703,304.0,76.0,10640.0
2026-09-25 09:15:00,중간부하,140,0,304.0,276.915,580.915,304.0,76.0,10640.0
2026-09-25 09:30:00,중간부하,140,0,246.4,264.379,510.779,246.4,61.6,8624.0
2026-09-25 09:45:00,중간부하,140,0,252.8,263.182,515.982,252.8,63.2,8848.0
2026-09-25 10:00:00,최대부하,220,1,272.0,254.578,526.578,272.0,68.0,14960.0
2026-09-25 10:15:00,최대부하,220,1,272.0,258.041,530.0409999999999,272.0,68.0,14960.0
2026-09-25 10:30:00,최대부하,220,1,272.0,251.716,523.716,272.0,68.0,14960.0
2026-09-25 10:45:00,최대부하,220,1,272.0,256.311,528.3109999999999,272.0,68.0,14960.0
2026-09-25 11:00:00,최대부하,220,1,272.0,262.412,534.412,272.0,68.0,14960.0
2026-09-25 11:15:00,최대부하,220,1,272.0,269.604,541.604,272.0,68.0,14960.0
2026-09-25 11:30:00,최대부하,220,1,272.0,260.805,532.8050000000001,272.0,68.0,14960.0
2026-09-25 11:45:00,최대부하,220,1,272.0,255.243,527.2429999999999,272.0,68.0,14960.0
2026-09-25 12:00:00,중간부하,140,0,272.0,46.342,318.342,272.0,68.0,9520.0
2026-09-25 12:15:00,중간부하,140,0,272.0,24.532,296.532,272.0,68.0,9520.0
2026-09-25 12:30:00,중간부하,140,0,224.0,23.851,247.851,224.0,56.0,7840.0
2026-09-25 12:45:00,중간부하,140,0,397.0,23.976,420.976,397.0,99.25,13895.0
2026-09-25 13:00:00,중간부하,140,0,397.0,174.841,571.841,397.0,99.25,13895.0
2026-09-25 13:15:00,중간부하,140,0,397.0,260.305,657.3050000000001,397.0,99.25,13895.0
2026-09-25 13:30:00,중간부하,140,0,397.0,270.731,667.731,397.0,99.25,13895.0
2026-09-25 13:45:00,중간부하,140,0,339.4,258.359,597.759,339.4,84.85,11879.0
2026-09-25 14:00:00,중간부하,140,0,377.8,266.001,643.8009999999999,377.8,94.45,13223.0
2026-09-25 14:15:00,중간부하,140,0,397.0,269.82,666.8199999999999,397.0,99.25,13895.0
2026-09-25 14:30:00,중간부하,140,0,397.0,270.388,667.3879999999999,397.0,99.25,13895.0
2026-09-25 14:45:00,중간부하,140,0,397.0,266.162,663.162,397.0,99.25,13895.0
2026-09-25 15:00:00,중간부하,140,0,397.0,248.149,645.149,397.0,99.25,13895.0
2026-09-25 15:15:00,중간부하,140,0,342.0,267.525,609.525,342.0,85.5,11970.0
2026-09-25 15:30:00,중간부하,140,0,342.0,261.2,603.2,342.0,85.5,11970.0
2026-09-25 15:45:00,중간부하,140,0,342.0,255.565,597.565,342.0,85.5,11970.0
2026-09-25 16:00:00,중간부하,140,0,342.0,276.294,618.294,342.0,85.5,11970.0
2026-09-25 16:15:00,중간부하,140,0,342.0,255.948,597.948,342.0,85.5,11970.0
2026-09-25 16:30:00,중간부하,140,0,233.0,278.278,511.278,233.0,58.25,8155.0
2026-09-25 16:45:00,중간부하,140,0,223.4,251.913,475.313,223.4,55.85,7819.0
2026-09-25 17:00:00,최대부하,220,1,229.06666666666666,243.877,472.9436666666667,229.06666666666666,57.266666666666666,12598.666666666666
2026-09-25 17:15:00,최대부하,220,1,304.0,235.685,539.685,304.0,76.0,16720.0
2026-09-25 17:30:00,최대부하,220,1,304.0,142.014,446.014,304.0,76.0,16720.0
2026-09-25 17:45:00,최대부하,220,1,304.0,132.378,436.378,304.0,76.0,16720.0
2026-09-25 18:00:00,최대부하,220,1,304.0,158.27,462.27,304.0,76.0,16720.0
2026-09-25 18:15:00,최대부하,220,1,304.0,203.446,507.446,304.0,76.0,16720.0
2026-09-25 18:30:00,최대부하,220,1,304.0,200.544,504.544,304.0,76.0,16720.0
2026-09-25 18:45:00,최대부하,220,1,304.0,204.748,508.748,304.0,76.0,16720.0
2026-09-25 19:00:00,최대부하,220,1,304.0,202.898,506.898,304.0,76.0,16720.0
2026-09-25 19:15:00,최대부하,220,1,293.33333333333337,204.345,497.6783333333334,293.33333333333337,73.33333333333334,16133.333333333336
2026-09-25 19:30:00,최대부하,220,1,272.0,213.591,485.591,272.0,68.0,14960.0
2026-09-25 19:45:00,최대부하,220,1,224.0,210.014,434.014,224.0,56.0,12320.0
2026-09-25 20:00:00,중간부하,140,0,397.0,210.725,607.725,397.0,99.25,13895.0
2026-09-25 20:15:00,중간부하,140,0,397.0,197.949,594.9490000000001,397.0,99.25,13895.0
2026-09-25 20:30:00,중간부하,140,0,397.0,189.179,586.179,397.0,99.25,13895.0
2026-09-25 20:45:00,중간부하,140,0,397.0,114.285,511.28499999999997,397.0,99.25,13895.0
2026-09-25 21:00:00,중간부하,140,0,173.33333333333331,60.127,233.46033333333332,173.33333333333331,43.33333333333333,6066.666666666666
2026-09-25 21:15:00,중간부하,140,0,154.0,52.508,206.508,154.0,38.5,5390.0
2026-09-25 21:30:00,중간부하,140,0,29.0,46.501,75.501,29.0,7.25,1015.0
2026-09-25 21:45:00,중간부하,140,0,106.33333333333333,50.834,157.16733333333332,106.33333333333333,26.583333333333332,3721.6666666666665
2026-09-25 22:00:00,경부하,90,0,145.0,45.177,190.177,145.0,36.25,3262.5
2026-09-25 22:15:00,경부하,90,0,145.0,38.754,183.754,145.0,36.25,3262.5
2026-09-25 22:30:00,경부하,90,0,145.0,47.296,192.296,145.0,36.25,3262.5
2026-09-25 22:45:00,경부하,90,0,145.0,37.343,182.34300000000002,145.0,36.25,3262.5
2026-09-25 23:00:00,경부하,90,0,145.0,38.762,183.762,145.0,36.25,3262.5
2026-09-25 23:15:00,경부하,90,0,145.0,46.49,191.49,145.0,36.25,3262.5
2026-09-25 23:30:00,경부하,90,0,145.0,40.772,185.772,145.0,36.25,3262.5
2026-09-25 23:45:00,경부하,90,0,145.0,42.482,187.482,145.0,36.25,3262.5
2026-09-26 00:00:00,경부하,76,0,145.0,43.126,188.126,145.0,36.25,2755.0
2026-09-26 00:15:00,경부하,76,0,145.0,40.765,185.765,145.0,36.25,2755.0
2026-09-26 00:30:00,경부하,76,0,145.0,38.779,183.779,145.0,36.25,2755.0
2026-09-26 00:45:00,경부하,76,0,145.0,34.83,179.82999999999998,145.0,36.25,2755.0
2026-09-26 01:00:00,경부하,76,0,145.0,35.279,180.279,145.0,36.25,2755.0
2026-09-26 01:15:00,경부하,76,0,145.0,25.721,170.721,145.0,36.25,2755.0
2026-09-26 01:30:00,경부하,76,0,145.0,23.928,168.928,145.0,36.25,2755.0
2026-09-26 01:45:00,경부하,76,0,145.0,21.462,166.462,145.0,36.25,2755.0
2026-09-26 02:00:00,경부하,76,0,145.0,18.222,163.222,145.0,36.25,2755.0
2026-09-26 02:15:00,경부하,76,0,145.0,20.736,165.736,145.0,36.25,2755.0
2026-09-26 02:30:00,경부하,76,0,145.0,20.572,165.572,145.0,36.25,2755.0
2026-09-26 02:45:00,경부하,76,0,48.33333333333333,18.598,66.93133333333333,48.33333333333333,12.083333333333332,918.3333333333333
2026-09-26 03:00:00,경부하,76,0,145.0,19.308,164.308,145.0,36.25,2755.0
2026-09-26 03:15:00,경부하,76,0,145.0,20.568,165.568,145.0,36.25,2755.0
2026-09-26 03:30:00,경부하,76,0,145.0,18.908,163.90800000000002,145.0,36.25,2755.0
2026-09-26 03:45:00,경부하,76,0,145.0,19.745,164.745,145.0,36.25,2755.0
2026-09-26 04:00:00,경부하,76,0,145.0,20.234,165.234,145.0,36.25,2755.0
2026-09-26 04:15:00,경부하,76,0,145.0,18.193,163.193,145.0,36.25,2755.0
2026-09-26 04:30:00,경부하,76,0,145.0,20.502,165.502,145.0,36.25,2755.0
2026-09-26 04:45:00,경부하,76,0,145.0,19.883,164.883,145.0,36.25,2755.0
2026-09-26 05:00:00,경부하,76,0,145.0,18.612,163.612,145.0,36.25,2755.0
2026-09-26 05:15:00,경부하,76,0,145.0,20.46,165.46,145.0,36.25,2755.0
2026-09-26 05:30:00,경부하,76,0,145.0,18.132,163.132,145.0,36.25,2755.0
2026-09-26 05:45:00,경부하,76,0,145.0,17.727,162.727,145.0,36.25,2755.0
2026-09-26 06:00:00,경부하,76,0,295.4,20.401,315.801,295.4,73.85,5612.599999999999
2026-09-26 06:15:00,경부하,76,0,377.8,18.839,396.639,377.8,94.45,7178.2
2026-09-26 06:30:00,경부하,76,0,397.0,18.765,415.765,397.0,99.25,7543.0
2026-09-26 06:45:00,경부하,76,0,397.0,20.345,417.345,397.0,99.25,7543.0
2026-09-26 07:00:00,경부하,76,0,397.0,17.589,414.589,397.0,99.25,7543.0
2026-09-26 07:15:00,경부하,76,0,397.0,16.712,413.712,397.0,99.25,7543.0
2026-09-26 07:30:00,경부하,76,0,397.0,17.474,414.474,397.0,99.25,7543.0
2026-09-26 07:45:00,경부하,76,0,397.0,20.316,417.316,397.0,99.25,7543.0
2026-09-26 08:00:00,중간부하,119,0,411.93333333333334,89.882,501.81533333333334,411.93333333333334,102.98333333333333,12255.016666666666
2026-09-26 08:15:00,중간부하,119,0,429.0,148.489,577.489,429.0,107.25,12762.75
2026-09-26 08:30:00,중간부하,119,0,429.0,139.175,568.175,429.0,107.25,12762.75
2026-09-26 08:45:00,중간부하,119,0,429.0,143.964,572.9639999999999,429.0,107.25,12762.75
2026-09-26 09:00:00,중간부하,119,0,381.0,151.455,532.455,381.0,95.25,11334.75
2026-09-26 09:15:00,중간부하,119,0,429.0,146.051,575.0509999999999,429.0,107.25,12762.75
2026-09-26 09:30:00,중간부하,119,0,374.0,142.095,516.095,374.0,93.5,11126.5
2026-09-26 09:45:00,중간부하,119,0,363.33333333333337,145.035,508.36833333333334,363.33333333333337,90.83333333333334,10809.166666666668
2026-09-26 10:00:00,최대부하,187,1,429.0,145.905,574.905,429.0,107.25,20055.75
2026-09-26 10:15:00,최대부하,187,1,429.0,148.066,577.066,429.0,107.25,20055.75
2026-09-26 10:30:00,최대부하,187,1,429.0,147.628,576.6279999999999,429.0,107.25,20055.75
2026-09-26 10:45:00,최대부하,187,1,429.0,155.062,584.062,429.0,107.25,20055.75
2026-09-26 11:00:00,최대부하,187,1,429.0,142.73,571.73,429.0,107.25,20055.75
2026-09-26 11:15:00,최대부하,187,1,429.0,146.409,575.409,429.0,107.25,20055.75
2026-09-26 11:30:00,최대부하,187,1,429.0,145.442,574.442,429.0,107.25,20055.75
2026-09-26 11:45:00,최대부하,187,1,429.0,106.313,535.313,429.0,107.25,20055.75
2026-09-26 12:00:00,중간부하,119,0,429.0,25.505,454.505,429.0,107.25,12762.75
2026-09-26 12:15:00,중간부하,119,0,371.4,20.312,391.712,371.4,92.85,11049.15
2026-09-26 12:30:00,중간부하,119,0,409.8,20.444,430.244,409.8,102.45,12191.550000000001
2026-09-26 12:45:00,중간부하,119,0,429.0,20.73,449.73,429.0,107.25,12762.75
2026-09-26 13:00:00,중간부하,119,0,429.0,74.014,503.014,429.0,107.25,12762.75
2026-09-26 13:15:00,중간부하,119,0,429.0,151.325,580.325,429.0,107.25,12762.75
2026-09-26 13:30:00,중간부하,119,0,429.0,151.055,580.0550000000001,429.0,107.25,12762.75
2026-09-26 13:45:00,중간부하,119,0,397.0,154.525,551.525,397.0,99.25,11810.75
2026-09-26 14:00:00,중간부하,119,0,397.0,145.119,542.119,397.0,99.25,11810.75
2026-09-26 14:15:00,중간부하,119,0,397.0,154.367,551.367,397.0,99.25,11810.75
2026-09-26 14:30:00,중간부하,119,0,397.0,151.035,548.035,397.0,99.25,11810.75
2026-09-26 14:45:00,중간부하,119,0,353.0,158.344,511.344,353.0,88.25,10501.75
2026-09-26 15:00:00,중간부하,119,0,397.0,153.372,550.3720000000001,397.0,99.25,11810.75
2026-09-26 15:15:00,중간부하,119,0,397.0,156.283,553.283,397.0,99.25,11810.75
2026-09-26 15:30:00,중간부하,119,0,349.0,163.725,512.725,349.0,87.25,10382.75
2026-09-26 15:45:00,중간부하,119,0,397.0,146.872,543.8720000000001,397.0,99.25,11810.75
2026-09-26 16:00:00,중간부하,119,0,397.0,153.275,550.275,397.0,99.25,11810.75
2026-09-26 16:15:00,중간부하,119,0,397.0,148.156,545.156,397.0,99.25,11810.75
2026-09-26 16:30:00,중간부하,119,0,397.0,140.021,537.021,397.0,99.25,11810.75
2026-09-26 16:45:00,중간부하,119,0,295.93333333333334,75.312,371.24533333333335,295.93333333333334,73.98333333333333,8804.016666666666
2026-09-26 17:00:00,최대부하,187,1,313.0,38.946,351.946,313.0,78.25,14632.75
2026-09-26 17:15:00,최대부하,187,1,390.33333333333337,35.028,425.3613333333334,390.33333333333337,97.58333333333334,18248.083333333336
2026-09-26 17:30:00,최대부하,187,1,429.0,33.513,462.513,429.0,107.25,20055.75
2026-09-26 17:45:00,최대부하,187,1,429.0,34.641,463.641,429.0,107.25,20055.75
2026-09-26 18:00:00,최대부하,187,1,429.0,31.698,460.698,429.0,107.25,20055.75
2026-09-26 18:15:00,최대부하,187,1,429.0,31.564,460.564,429.0,107.25,20055.75
2026-09-26 18:30:00,최대부하,187,1,429.0,28.671,457.671,429.0,107.25,20055.75
2026-09-26 18:45:00,최대부하,187,1,429.0,31.088,460.088,429.0,107.25,20055.75
2026-09-26 19:00:00,최대부하,187,1,429.0,28.996,457.996,429.0,107.25,20055.75
2026-09-26 19:15:00,최대부하,187,1,332.3333333333333,26.009,358.34233333333333,332.3333333333333,83.08333333333333,15536.583333333332
2026-09-26 19:30:00,최대부하,187,1,273.3333333333333,29.461,302.7943333333333,273.3333333333333,68.33333333333333,12778.333333333332
2026-09-26 19:45:00,최대부하,187,1,237.0,29.867,266.867,237.0,59.25,11079.75
2026-09-26 20:00:00,중간부하,119,0,281.0,29.556,310.556,281.0,70.25,8359.75
2026-09-26 20:15:00,중간부하,119,0,358.3333333333333,28.473,386.8063333333333,358.3333333333333,89.58333333333333,10660.416666666666
2026-09-26 20:30:00,중간부하,119,0,397.0,26.323,423.323,397.0,99.25,11810.75
2026-09-26 20:45:00,중간부하,119,0,397.0,25.864,422.864,397.0,99.25,11810.75
2026-09-26 21:00:00,중간부하,119,0,272.0,26.016,298.016,272.0,68.0,8092.0
2026-09-26 21:15:00,중간부하,119,0,217.0,25.37,242.37,217.0,54.25,6455.75
2026-09-26 21:30:00,중간부하,119,0,217.0,26.457,243.457,217.0,54.25,6455.75
2026-09-26 21:45:00,중간부하,119,0,217.0,23.398,240.398,217.0,54.25,6455.75
2026-09-26 22:00:00,경부하,76,0,145.0,25.642,170.642,145.0,36.25,2755.0
2026-09-26 22:15:00,경부하,76,0,145.0,24.288,169.288,145.0,36.25,2755.0
2026-09-26 22:30:00,경부하,76,0,145.0,24.244,169.244,145.0,36.25,2755.0
2026-09-26 22:45:00,경부하,76,0,145.0,23.669,168.669,145.0,36.25,2755.0
2026-09-26 23:00:00,경부하,76,0,145.0,23.612,168.612,145.0,36.25,2755.0
2026-09-26 23:15:00,경부하,76,0,145.0,23.451,168.451,145.0,36.25,2755.0
2026-09-26 23:30:00,경부하,76,0,145.0,22.961,167.961,145.0,36.25,2755.0
2026-09-26 23:45:00,경부하,76,0,145.0,21.873,166.873,145.0,36.25,2755.0
2026-09-27 00:00:00,경부하,76,0,145.0,22.248,167.248,145.0,36.25,2755.0
2026-09-27 00:15:00,경부하,76,0,145.0,21.832,166.832,145.0,36.25,2755.0
2026-09-27 00:30:00,경부하,76,0,145.0,19.921,164.921,145.0,36.25,2755.0
2026-09-27 00:45:00,경부하,76,0,145.0,20.232,165.232,145.0,36.25,2755.0
2026-09-27 01:00:00,경부하,76,0,145.0,17.288,162.288,145.0,36.25,2755.0
2026-09-27 01:15:00,경부하,76,0,145.0,15.905,160.905,145.0,36.25,2755.0
2026-09-27 01:30:00,경부하,76,0,145.0,15.657,160.657,145.0,36.25,2755.0
2026-09-27 01:45:00,경부하,76,0,145.0,15.828,160.828,145.0,36.25,2755.0
2026-09-27 02:00:00,경부하,76,0,145.0,15.318,160.318,145.0,36.25,2755.0
2026-09-27 02:15:00,경부하,76,0,145.0,15.278,160.278,145.0,36.25,2755.0
2026-09-27 02:30:00,경부하,76,0,145.0,15.838,160.838,145.0,36.25,2755.0
2026-09-27 02:45:00,경부하,76,0,145.0,15.985,160.985,145.0,36.25,2755.0
2026-09-27 03:00:00,경부하,76,0,145.0,15.722,160.722,145.0,36.25,2755.0
2026-09-27 03:15:00,경부하,76,0,48.33333333333333,15.743,64.07633333333332,48.33333333333333,12.083333333333332,918.3333333333333
2026-09-27 03:30:00,경부하,76,0,29.0,15.731,44.731,29.0,7.25,551.0
2026-09-27 03:45:00,경부하,76,0,29.0,15.575,44.575,29.0,7.25,551.0
2026-09-27 04:00:00,경부하,76,0,106.33333333333333,15.706,122.03933333333333,106.33333333333333,26.583333333333332,2020.3333333333333
2026-09-27 04:15:00,경부하,76,0,145.0,15.354,160.35399999999998,145.0,36.25,2755.0
2026-09-27 04:30:00,경부하,76,0,145.0,15.713,160.713,145.0,36.25,2755.0
2026-09-27 04:45:00,경부하,76,0,145.0,15.895,160.895,145.0,36.25,2755.0
2026-09-27 05:00:00,경부하,76,0,145.0,15.068,160.068,145.0,36.25,2755.0
2026-09-27 05:15:00,경부하,76,0,145.0,14.018,159.018,145.0,36.25,2755.0
2026-09-27 05:30:00,경부하,76,0,145.0,12.866,157.86599999999999,145.0,36.25,2755.0
2026-09-27 05:45:00,경부하,76,0,145.0,12.792,157.792,145.0,36.25,2755.0
2026-09-27 06:00:00,경부하,76,0,353.0,12.713,365.713,353.0,88.25,6707.0
2026-09-27 06:15:00,경부하,76,0,397.0,12.64,409.64,397.0,99.25,7543.0
2026-09-27 06:30:00,경부하,76,0,397.0,12.932,409.932,397.0,99.25,7543.0
2026-09-27 06:45:00,경부하,76,0,397.0,12.771,409.771,397.0,99.25,7543.0
2026-09-27 07:00:00,경부하,76,0,397.0,12.516,409.516,397.0,99.25,7543.0
2026-09-27 07:15:00,경부하,76,0,397.0,12.54,409.54,397.0,99.25,7543.0
2026-09-27 07:30:00,경부하,76,0,397.0,12.668,409.668,397.0,99.25,7543.0
2026-09-27 07:45:00,경부하,76,0,397.0,14.532,411.532,397.0,99.25,7543.0
2026-09-27 08:00:00,중간부하,119,0,429.0,42.572,471.572,429.0,107.25,12762.75
2026-09-27 08:15:00,중간부하,119,0,429.0,65.489,494.48900000000003,429.0,107.25,12762.75
2026-09-27 08:30:00,중간부하,119,0,429.0,60.635,489.635,429.0,107.25,12762.75
2026-09-27 08:45:00,중간부하,119,0,429.0,65.008,494.008,429.0,107.25,12762.75
2026-09-27 09:00:00,중간부하,119,0,332.3333333333333,60.27,392.6033333333333,332.3333333333333,83.08333333333333,9886.916666666666
2026-09-27 09:15:00,중간부하,119,0,385.0,63.161,448.161,385.0,96.25,11453.75
2026-09-27 09:30:00,중간부하,119,0,304.0,68.01,372.01,304.0,76.0,9044.0
2026-09-27 09:45:00,중간부하,119,0,304.0,62.445,366.445,304.0,76.0,9044.0
2026-09-27 10:00:00,최대부하,187,1,304.0,64.752,368.752,304.0,76.0,14212.0
2026-09-27 10:15:00,최대부하,187,1,304.0,64.89,368.89,304.0,76.0,14212.0
2026-09-27 10:30:00,최대부하,187,1,304.0,64.339,368.339,304.0,76.0,14212.0
2026-09-27 10:45:00,최대부하,187,1,304.0,62.242,366.242,304.0,76.0,14212.0
2026-09-27 11:00:00,최대부하,187,1,304.0,66.597,370.597,304.0,76.0,14212.0
2026-09-27 11:15:00,최대부하,187,1,304.0,62.407,366.407,304.0,76.0,14212.0
2026-09-27 11:30:00,최대부하,187,1,304.0,64.188,368.188,304.0,76.0,14212.0
2026-09-27 11:45:00,최대부하,187,1,304.0,41.472,345.472,304.0,76.0,14212.0
2026-09-27 12:00:00,중간부하,119,0,304.0,16.96,320.96,304.0,76.0,9044.0
2026-09-27 12:15:00,중간부하,119,0,246.4,16.848,263.248,246.4,61.6,7330.400000000001
2026-09-27 12:30:00,중간부하,119,0,284.8,16.795,301.595,284.8,71.2,8472.800000000001
2026-09-27 12:45:00,중간부하,119,0,304.0,16.46,320.46,304.0,76.0,9044.0
2026-09-27 13:00:00,중간부하,119,0,260.0,37.534,297.534,260.0,65.0,7735.0
2026-09-27 13:15:00,중간부하,119,0,304.0,67.28,371.28,304.0,76.0,9044.0
2026-09-27 13:30:00,중간부하,119,0,304.0,61.742,365.742,304.0,76.0,9044.0
2026-09-27 13:45:00,중간부하,119,0,304.0,62.418,366.418,304.0,76.0,9044.0
2026-09-27 14:00:00,중간부하,119,0,304.0,59.25,363.25,304.0,76.0,9044.0
2026-09-27 14:15:00,중간부하,119,0,304.0,59.904,363.904,304.0,76.0,9044.0
2026-09-27 14:30:00,중간부하,119,0,249.0,59.657,308.657,249.0,62.25,7407.75
2026-09-27 14:45:00,중간부하,119,0,201.0,58.42,259.42,201.0,50.25,5979.75
2026-09-27 15:00:00,중간부하,119,0,316.4,57.632,374.032,316.4,79.1,9412.9
2026-09-27 15:15:00,중간부하,119,0,392.73333333333335,57.97,450.7033333333334,392.73333333333335,98.18333333333334,11683.816666666668
2026-09-27 15:30:00,중간부하,119,0,429.0,57.804,486.804,429.0,107.25,12762.75
2026-09-27 15:45:00,중간부하,119,0,429.0,57.182,486.182,429.0,107.25,12762.75
2026-09-27 16:00:00,중간부하,119,0,429.0,57.992,486.992,429.0,107.25,12762.75
2026-09-27 16:15:00,중간부하,119,0,370.33333333333337,52.412,422.74533333333335,370.33333333333337,92.58333333333334,11017.416666666668
2026-09-27 16:30:00,중간부하,119,0,429.0,47.272,476.272,429.0,107.25,12762.75
2026-09-27 16:45:00,중간부하,119,0,429.0,25.923,454.923,429.0,107.25,12762.75
2026-09-27 17:00:00,최대부하,187,1,429.0,20.468,449.468,429.0,107.25,20055.75
2026-09-27 17:15:00,최대부하,187,1,429.0,20.326,449.326,429.0,107.25,20055.75
2026-09-27 17:30:00,최대부하,187,1,429.0,19.438,448.438,429.0,107.25,20055.75
2026-09-27 17:45:00,최대부하,187,1,429.0,18.378,447.378,429.0,107.25,20055.75
2026-09-27 18:00:00,최대부하,187,1,429.0,18.608,447.608,429.0,107.25,20055.75
2026-09-27 18:15:00,최대부하,187,1,397.0,18.747,415.747,397.0,99.25,18559.75
2026-09-27 18:30:00,최대부하,187,1,397.0,19.018,416.01800000000003,397.0,99.25,18559.75
2026-09-27 18:45:00,최대부하,187,1,156.0,19.511,175.511,156.0,39.0,7293.0
2026-09-27 19:00:00,최대부하,187,1,156.0,19.579,175.579,156.0,39.0,7293.0
2026-09-27 19:15:00,최대부하,187,1,233.33333333333331,19.396,252.72933333333333,233.33333333333331,58.33333333333333,10908.333333333332
2026-09-27 19:30:00,최대부하,187,1,272.0,19.217,291.217,272.0,68.0,12716.0
2026-09-27 19:45:00,최대부하,187,1,272.0,19.61,291.61,272.0,68.0,12716.0
2026-09-27 20:00:00,중간부하,119,0,214.4,19.327,233.727,214.4,53.6,6378.400000000001
2026-09-27 20:15:00,중간부하,119,0,252.8,19.314,272.11400000000003,252.8,63.2,7520.8
2026-09-27 20:30:00,중간부하,119,0,272.0,19.325,291.325,272.0,68.0,8092.0
2026-09-27 20:45:00,중간부하,119,0,272.0,16.784,288.784,272.0,68.0,8092.0
2026-09-27 21:00:00,중간부하,119,0,272.0,16.109,288.109,272.0,68.0,8092.0
2026-09-27 21:15:00,중간부하,119,0,224.0,15.985,239.985,224.0,56.0,6664.0
2026-09-27 21:30:00,중간부하,119,0,145.0,15.941,160.941,145.0,36.25,4313.75
2026-09-27 21:45:00,중간부하,119,0,145.0,15.938,160.938,145.0,36.25,4313.75
2026-09-27 22:00:00,경부하,76,0,145.0,15.539,160.539,145.0,36.25,2755.0
2026-09-27 22:15:00,경부하,76,0,145.0,13.565,158.565,145.0,36.25,2755.0
2026-09-27 22:30:00,경부하,76,0,145.0,12.806,157.806,145.0,36.25,2755.0
2026-09-27 22:45:00,경부하,76,0,145.0,13.003,158.003,145.0,36.25,2755.0
2026-09-27 23:00:00,경부하,76,0,145.0,12.68,157.68,145.0,36.25,2755.0
2026-09-27 23:15:00,경부하,76,0,145.0,12.646,157.64600000000002,145.0,36.25,2755.0
2026-09-27 23:30:00,경부하,76,0,48.33333333333333,12.673,61.00633333333333,48.33333333333333,12.083333333333332,918.3333333333333
2026-09-27 23:45:00,경부하,76,0,145.0,12.833,157.833,145.0,36.25,2755.0
2026-09-28 00:00:00,경부하,90,0,145.0,12.85,157.85,145.0,36.25,3262.5
2026-09-28 00:15:00,경부하,90,0,145.0,12.956,157.956,145.0,36.25,3262.5
2026-09-28 00:30:00,경부하,90,0,145.0,13.035,158.035,145.0,36.25,3262.5
2026-09-28 00:45:00,경부하,90,0,145.0,13.085,158.085,145.0,36.25,3262.5
2026-09-28 01:00:00,경부하,90,0,145.0,12.997,157.997,145.0,36.25,3262.5
2026-09-28 01:15:00,경부하,90,0,145.0,12.794,157.794,145.0,36.25,3262.5
2026-09-28 01:30:00,경부하,90,0,145.0,13.008,158.008,145.0,36.25,3262.5
2026-09-28 01:45:00,경부하,90,0,145.0,12.882,157.882,145.0,36.25,3262.5
2026-09-28 02:00:00,경부하,90,0,145.0,12.63,157.63,145.0,36.25,3262.5
2026-09-28 02:15:00,경부하,90,0,145.0,12.98,157.98,145.0,36.25,3262.5
2026-09-28 02:30:00,경부하,90,0,145.0,13.34,158.34,145.0,36.25,3262.5
2026-09-28 02:45:00,경부하,90,0,145.0,12.99,157.99,145.0,36.25,3262.5
2026-09-28 03:00:00,경부하,90,0,145.0,12.848,157.848,145.0,36.25,3262.5
2026-09-28 03:15:00,경부하,90,0,145.0,12.751,157.751,145.0,36.25,3262.5
2026-09-28 03:30:00,경부하,90,0,145.0,12.724,157.724,145.0,36.25,3262.5
2026-09-28 03:45:00,경부하,90,0,145.0,12.756,157.756,145.0,36.25,3262.5
2026-09-28 04:00:00,경부하,90,0,145.0,12.845,157.845,145.0,36.25,3262.5
2026-09-28 04:15:00,경부하,90,0,145.0,12.782,157.782,145.0,36.25,3262.5
2026-09-28 04:30:00,경부하,90,0,145.0,12.925,157.925,145.0,36.25,3262.5
2026-09-28 04:45:00,경부하,90,0,145.0,12.878,157.878,145.0,36.25,3262.5
2026-09-28 05:00:00,경부하,90,0,145.0,12.779,157.779,145.0,36.25,3262.5
2026-09-28 05:15:00,경부하,90,0,145.0,12.618,157.618,145.0,36.25,3262.5
2026-09-28 05:30:00,경부하,90,0,145.0,12.798,157.798,145.0,36.25,3262.5
2026-09-28 05:45:00,경부하,90,0,145.0,12.466,157.466,145.0,36.25,3262.5
2026-09-28 06:00:00,경부하,90,0,170.4,12.367,182.767,170.4,42.6,3834.0
2026-09-28 06:15:00,경부하,90,0,252.8,12.623,265.423,252.8,63.2,5688.0
2026-09-28 06:30:00,경부하,90,0,272.0,12.895,284.895,272.0,68.0,6120.0
2026-09-28 06:45:00,경부하,90,0,272.0,12.731,284.731,272.0,68.0,6120.0
2026-09-28 07:00:00,경부하,90,0,272.0,13.008,285.008,272.0,68.0,6120.0
2026-09-28 07:15:00,경부하,90,0,272.0,15.638,287.638,272.0,68.0,6120.0
2026-09-28 07:30:00,경부하,90,0,272.0,17.853,289.853,272.0,68.0,6120.0
2026-09-28 07:45:00,경부하,90,0,272.0,20.112,292.112,272.0,68.0,6120.0
2026-09-28 08:00:00,중간부하,140,0,286.93333333333334,114.752,401.68533333333335,286.93333333333334,71.73333333333333,10042.666666666666
2026-09-28 08:15:00,중간부하,140,0,304.0,251.374,555.374,304.0,76.0,10640.0
2026-09-28 08:30:00,중간부하,140,0,304.0,265.695,569.6949999999999,304.0,76.0,10640.0
2026-09-28 08:45:00,중간부하,140,0,304.0,276.251,580.251,304.0,76.0,10640.0
2026-09-28 09:00:00,중간부하,140,0,304.0,280.412,584.412,304.0,76.0,10640.0
2026-09-28 09:15:00,중간부하,140,0,304.0,266.788,570.788,304.0,76.0,10640.0
2026-09-28 09:30:00,중간부하,140,0,304.0,285.483,589.483,304.0,76.0,10640.0
2026-09-28 09:45:00,중간부하,140,0,304.0,277.985,581.985,304.0,76.0,10640.0
2026-09-28 10:00:00,최대부하,220,1,245.33333333333334,259.021,504.35433333333333,245.33333333333334,61.333333333333336,13493.333333333334
2026-09-28 10:15:00,최대부하,220,1,339.4,269.785,609.185,339.4,84.85,18667.0
2026-09-28 10:30:00,최대부하,220,1,377.8,263.931,641.731,377.8,94.45,20779.0
2026-09-28 10:45:00,최대부하,220,1,397.0,271.781,668.781,397.0,99.25,21835.0
2026-09-28 11:00:00,최대부하,220,1,397.0,284.783,681.783,397.0,99.25,21835.0
2026-09-28 11:15:00,최대부하,220,1,397.0,271.371,668.371,397.0,99.25,21835.0
2026-09-28 11:30:00,최대부하,220,1,397.0,278.232,675.232,397.0,99.25,21835.0
2026-09-28 11:45:00,최대부하,220,1,349.0,252.95,601.95,349.0,87.25,19195.0
2026-09-28 12:00:00,중간부하,140,0,397.0,43.005,440.005,397.0,99.25,13895.0
2026-09-28 12:15:00,중간부하,140,0,397.0,28.669,425.669,397.0,99.25,13895.0
2026-09-28 12:30:00,중간부하,140,0,397.0,27.18,424.18,397.0,99.25,13895.0
2026-09-28 12:45:00,중간부하,140,0,397.0,27.192,424.192,397.0,99.25,13895.0
2026-09-28 13:00:00,중간부하,140,0,397.0,189.26,586.26,397.0,99.25,13895.0
2026-09-28 13:15:00,중간부하,140,0,397.0,278.242,675.242,397.0,99.25,13895.0
2026-09-28 13:30:00,중간부하,140,0,397.0,289.083,686.0830000000001,397.0,99.25,13895.0
2026-09-28 13:45:00,중간부하,140,0,397.0,283.115,680.115,397.0,99.25,13895.0
2026-09-28 14:00:00,중간부하,140,0,339.4,280.602,620.002,339.4,84.85,11879.0
2026-09-28 14:15:00,중간부하,140,0,377.8,281.37,659.1700000000001,377.8,94.45,13223.0
2026-09-28 14:30:00,중간부하,140,0,397.0,269.744,666.744,397.0,99.25,13895.0
2026-09-28 14:45:00,중간부하,140,0,397.0,265.072,662.072,397.0,99.25,13895.0
2026-09-28 15:00:00,중간부하,140,0,397.0,267.761,664.761,397.0,99.25,13895.0
2026-09-28 15:15:00,중간부하,140,0,397.0,261.191,658.191,397.0,99.25,13895.0
2026-09-28 15:30:00,중간부하,140,0,397.0,274.968,671.9680000000001,397.0,99.25,13895.0
2026-09-28 15:45:00,중간부하,140,0,397.0,276.381,673.381,397.0,99.25,13895.0
2026-09-28 16:00:00,중간부하,140,0,397.0,265.951,662.951,397.0,99.25,13895.0
2026-09-28 16:15:00,중간부하,140,0,429.0,262.306,691.306,429.0,107.25,15015.0
2026-09-28 16:30:00,중간부하,140,0,429.0,274.065,703.065,429.0,107.25,15015.0
2026-09-28 16:45:00,중간부하,140,0,429.0,275.57,704.5699999999999,429.0,107.25,15015.0
2026-09-28 17:00:00,최대부하,220,1,429.0,256.761,685.761,429.0,107.25,23595.0
2026-09-28 17:15:00,최대부하,220,1,381.0,251.72,632.72,381.0,95.25,20955.0
2026-09-28 17:30:00,최대부하,220,1,429.0,144.286,573.2860000000001,429.0,107.25,23595.0
2026-09-28 17:45:00,최대부하,220,1,429.0,128.107,557.107,429.0,107.25,23595.0
2026-09-28 18:00:00,최대부하,220,1,429.0,165.557,594.557,429.0,107.25,23595.0
2026-09-28 18:15:00,최대부하,220,1,429.0,207.442,636.442,429.0,107.25,23595.0
2026-09-28 18:30:00,최대부하,220,1,429.0,218.337,647.337,429.0,107.25,23595.0
2026-09-28 18:45:00,최대부하,220,1,429.0,210.851,639.851,429.0,107.25,23595.0
2026-09-28 19:00:00,최대부하,220,1,374.0,209.525,583.525,374.0,93.5,20570.0
2026-09-28 19:15:00,최대부하,220,1,342.0,221.882,563.8820000000001,342.0,85.5,18810.0
2026-09-28 19:30:00,최대부하,220,1,342.0,222.524,564.524,342.0,85.5,18810.0
2026-09-28 19:45:00,최대부하,220,1,342.0,220.453,562.453,342.0,85.5,18810.0
2026-09-28 20:00:00,중간부하,140,0,342.0,223.052,565.052,342.0,85.5,11970.0
2026-09-28 20:15:00,중간부하,140,0,342.0,214.365,556.365,342.0,85.5,11970.0
2026-09-28 20:30:00,중간부하,140,0,342.0,191.101,533.101,342.0,85.5,11970.0
2026-09-28 20:45:00,중간부하,140,0,342.0,132.022,474.022,342.0,85.5,11970.0
2026-09-28 21:00:00,중간부하,140,0,342.0,57.185,399.185,342.0,85.5,11970.0
2026-09-28 21:15:00,중간부하,140,0,145.0,44.256,189.256,145.0,36.25,5075.0
2026-09-28 21:30:00,중간부하,140,0,145.0,44.252,189.252,145.0,36.25,5075.0
2026-09-28 21:45:00,중간부하,140,0,145.0,44.954,189.954,145.0,36.25,5075.0
2026-09-28 22:00:00,경부하,90,0,145.0,48.264,193.264,145.0,36.25,3262.5
2026-09-28 22:15:00,경부하,90,0,145.0,38.911,183.911,145.0,36.25,3262.5
2026-09-28 22:30:00,경부하,90,0,145.0,36.838,181.838,145.0,36.25,3262.5
2026-09-28 22:45:00,경부하,90,0,145.0,34.514,179.514,145.0,36.25,3262.5
2026-09-28 23:00:00,경부하,90,0,29.0,34.921,63.921,29.0,7.25,652.5
2026-09-28 23:15:00,경부하,90,0,29.0,36.772,65.77199999999999,29.0,7.25,652.5
2026-09-28 23:30:00,경부하,90,0,106.33333333333333,34.484,140.81733333333332,106.33333333333333,26.583333333333332,2392.5
2026-09-28 23:45:00,경부하,90,0,145.0,36.675,181.675,145.0,36.25,3262.5
2026-09-29 00:00:00,경부하,90,0,145.0,36.114,181.114,145.0,36.25,3262.5
2026-09-29 00:15:00,경부하,90,0,145.0,39.337,184.337,145.0,36.25,3262.5
2026-09-29 00:30:00,경부하,90,0,145.0,37.004,182.004,145.0,36.25,3262.5
2026-09-29 00:45:00,경부하,90,0,145.0,41.599,186.599,145.0,36.25,3262.5
2026-09-29 01:00:00,경부하,90,0,145.0,35.127,180.127,145.0,36.25,3262.5
2026-09-29 01:15:00,경부하,90,0,145.0,24.466,169.466,145.0,36.25,3262.5
2026-09-29 01:30:00,경부하,90,0,145.0,17.961,162.961,145.0,36.25,3262.5
2026-09-29 01:45:00,경부하,90,0,145.0,17.045,162.04500000000002,145.0,36.25,3262.5
2026-09-29 02:00:00,경부하,90,0,145.0,17.12,162.12,145.0,36.25,3262.5
2026-09-29 02:15:00,경부하,90,0,145.0,17.022,162.022,145.0,36.25,3262.5
2026-09-29 02:30:00,경부하,90,0,48.33333333333333,16.892,65.22533333333332,48.33333333333333,12.083333333333332,1087.5
2026-09-29 02:45:00,경부하,90,0,29.0,16.721,45.721000000000004,29.0,7.25,652.5
2026-09-29 03:00:00,경부하,90,0,29.0,16.683,45.683,29.0,7.25,652.5
2026-09-29 03:15:00,경부하,90,0,106.33333333333333,16.655,122.98833333333333,106.33333333333333,26.583333333333332,2392.5
2026-09-29 03:30:00,경부하,90,0,145.0,16.456,161.456,145.0,36.25,3262.5
2026-09-29 03:45:00,경부하,90,0,145.0,16.764,161.764,145.0,36.25,3262.5
2026-09-29 04:00:00,경부하,90,0,145.0,16.588,161.588,145.0,36.25,3262.5
2026-09-29 04:15:00,경부하,90,0,145.0,16.348,161.348,145.0,36.25,3262.5
2026-09-29 04:30:00,경부하,90,0,145.0,16.541,161.541,145.0,36.25,3262.5
2026-09-29 04:45:00,경부하,90,0,145.0,16.217,161.21699999999998,145.0,36.25,3262.5
2026-09-29 05:00:00,경부하,90,0,145.0,16.445,161.445,145.0,36.25,3262.5
2026-09-29 05:15:00,경부하,90,0,145.0,16.532,161.532,145.0,36.25,3262.5
2026-09-29 05:30:00,경부하,90,0,145.0,16.422,161.422,145.0,36.25,3262.5
2026-09-29 05:45:00,경부하,90,0,145.0,16.698,161.698,145.0,36.25,3262.5
2026-09-29 06:00:00,경부하,90,0,214.4,16.323,230.723,214.4,53.6,4824.0
2026-09-29 06:15:00,경부하,90,0,252.8,16.122,268.922,252.8,63.2,5688.0
2026-09-29 06:30:00,경부하,90,0,272.0,16.009,288.009,272.0,68.0,6120.0
2026-09-29 06:45:00,경부하,90,0,272.0,15.721,287.721,272.0,68.0,6120.0
2026-09-29 07:00:00,경부하,90,0,272.0,16.168,288.168,272.0,68.0,6120.0
2026-09-29 07:15:00,경부하,90,0,272.0,18.227,290.227,272.0,68.0,6120.0
2026-09-29 07:30:00,경부하,90,0,272.0,21.363,293.363,272.0,68.0,6120.0
2026-09-29 07:45:00,경부하,90,0,272.0,29.263,301.263,272.0,68.0,6120.0
2026-09-29 08:00:00,중간부하,140,0,286.93333333333334,151.495,438.42833333333334,286.93333333333334,71.73333333333333,10042.666666666666
2026-09-29 08:15:00,중간부하,140,0,304.0,243.643,547.643,304.0,76.0,10640.0
2026-09-29 08:30:00,중간부하,140,0,304.0,265.412,569.412,304.0,76.0,10640.0
2026-09-29 08:45:00,중간부하,140,0,304.0,290.912,594.912,304.0,76.0,10640.0
2026-09-29 09:00:00,중간부하,140,0,304.0,279.681,583.681,304.0,76.0,10640.0
2026-09-29 09:15:00,중간부하,140,0,196.66666666666666,283.746,480.4126666666666,196.66666666666666,49.166666666666664,6883.333333333333
2026-09-29 09:30:00,중간부하,140,0,170.93333333333334,279.415,450.34833333333336,170.93333333333334,42.733333333333334,5982.666666666667
2026-09-29 09:45:00,중간부하,140,0,188.0,272.546,460.546,188.0,47.0,6580.0
2026-09-29 10:00:00,최대부하,220,1,217.33333333333331,265.441,482.7743333333333,217.33333333333331,54.33333333333333,11953.333333333332
2026-09-29 10:15:00,최대부하,220,1,429.0,261.782,690.7819999999999,429.0,107.25,23595.0
2026-09-29 10:30:00,최대부하,220,1,418.3333333333333,275.664,693.9973333333332,418.3333333333333,104.58333333333333,23008.333333333332
2026-09-29 10:45:00,최대부하,220,1,429.0,266.892,695.892,429.0,107.25,23595.0
2026-09-29 11:00:00,최대부하,220,1,429.0,287.107,716.107,429.0,107.25,23595.0
2026-09-29 11:15:00,최대부하,220,1,429.0,284.135,713.135,429.0,107.25,23595.0
2026-09-29 11:30:00,최대부하,220,1,429.0,276.332,705.332,429.0,107.25,23595.0
2026-09-29 11:45:00,최대부하,220,1,429.0,273.556,702.556,429.0,107.25,23595.0
2026-09-29 12:00:00,중간부하,140,0,429.0,46.767,475.767,429.0,107.25,15015.0
2026-09-29 12:15:00,중간부하,140,0,429.0,27.72,456.72,429.0,107.25,15015.0
2026-09-29 12:30:00,중간부하,140,0,397.0,26.774,423.774,397.0,99.25,13895.0
2026-09-29 12:45:00,중간부하,140,0,397.0,27.928,424.928,397.0,99.25,13895.0
2026-09-29 13:00:00,중간부하,140,0,397.0,182.489,579.489,397.0,99.25,13895.0
2026-09-29 13:15:00,중간부하,140,0,397.0,285.736,682.736,397.0,99.25,13895.0
2026-09-29 13:30:00,중간부하,140,0,397.0,286.145,683.145,397.0,99.25,13895.0
2026-09-29 13:45:00,중간부하,140,0,397.0,279.957,676.957,397.0,99.25,13895.0
2026-09-29 14:00:00,중간부하,140,0,397.0,264.714,661.7139999999999,397.0,99.25,13895.0
2026-09-29 14:15:00,중간부하,140,0,242.73333333333332,274.39,517.1233333333333,242.73333333333332,60.68333333333333,8495.666666666666
2026-09-29 14:30:00,중간부하,140,0,247.73333333333335,268.019,515.7523333333334,247.73333333333335,61.93333333333334,8670.666666666668
2026-09-29 14:45:00,중간부하,140,0,284.0,270.076,554.076,284.0,71.0,9940.0
2026-09-29 15:00:00,중간부하,140,0,284.0,262.217,546.217,284.0,71.0,9940.0
2026-09-29 15:15:00,중간부하,140,0,284.0,268.865,552.865,284.0,71.0,9940.0
2026-09-29 15:30:00,중간부하,140,0,385.0,285.578,670.578,385.0,96.25,13475.0
2026-09-29 15:45:00,중간부하,140,0,429.0,277.58,706.5799999999999,429.0,107.25,15015.0
2026-09-29 16:00:00,중간부하,140,0,429.0,278.23,707.23,429.0,107.25,15015.0
2026-09-29 16:15:00,중간부하,140,0,418.33333333333337,276.398,694.7313333333334,418.33333333333337,104.58333333333334,14641.666666666668
2026-09-29 16:30:00,중간부하,140,0,411.93333333333334,285.036,696.9693333333333,411.93333333333334,102.98333333333333,14417.666666666666
2026-09-29 16:45:00,중간부하,140,0,429.0,281.371,710.371,429.0,107.25,15015.0
2026-09-29 17:00:00,최대부하,220,1,429.0,269.065,698.065,429.0,107.25,23595.0
2026-09-29 17:15:00,최대부하,220,1,429.0,257.127,686.127,429.0,107.25,23595.0
2026-09-29 17:30:00,최대부하,220,1,429.0,158.167,587.167,429.0,107.25,23595.0
2026-09-29 17:45:00,최대부하,220,1,429.0,133.933,562.933,429.0,107.25,23595.0
2026-09-29 18:00:00,최대부하,220,1,429.0,173.995,602.995,429.0,107.25,23595.0
2026-09-29 18:15:00,최대부하,220,1,381.0,228.677,609.677,381.0,95.25,20955.0
2026-09-29 18:30:00,최대부하,220,1,429.0,221.255,650.255,429.0,107.25,23595.0
2026-09-29 18:45:00,최대부하,220,1,429.0,225.055,654.0550000000001,429.0,107.25,23595.0
2026-09-29 19:00:00,최대부하,220,1,429.0,215.646,644.646,429.0,107.25,23595.0
2026-09-29 19:15:00,최대부하,220,1,304.0,224.292,528.292,304.0,76.0,16720.0
2026-09-29 19:30:00,최대부하,220,1,293.33333333333337,224.765,518.0983333333334,293.33333333333337,73.33333333333334,16133.333333333336
2026-09-29 19:45:00,최대부하,220,1,217.0,220.343,437.34299999999996,217.0,54.25,11935.0
2026-09-29 20:00:00,중간부하,140,0,217.0,217.295,434.29499999999996,217.0,54.25,7595.0
2026-09-29 20:15:00,중간부하,140,0,217.0,232.438,449.438,217.0,54.25,7595.0
2026-09-29 20:30:00,중간부하,140,0,217.0,202.0,419.0,217.0,54.25,7595.0
2026-09-29 20:45:00,중간부하,140,0,217.0,123.442,340.442,217.0,54.25,7595.0
2026-09-29 21:00:00,중간부하,140,0,217.0,54.756,271.756,217.0,54.25,7595.0
2026-09-29 21:15:00,중간부하,140,0,217.0,47.072,264.072,217.0,54.25,7595.0
2026-09-29 21:30:00,중간부하,140,0,217.0,44.078,261.078,217.0,54.25,7595.0
2026-09-29 21:45:00,중간부하,140,0,145.0,40.455,185.45499999999998,145.0,36.25,5075.0
2026-09-29 22:00:00,경부하,90,0,145.0,40.695,185.695,145.0,36.25,3262.5
2026-09-29 22:15:00,경부하,90,0,145.0,44.449,189.449,145.0,36.25,3262.5
2026-09-29 22:30:00,경부하,90,0,145.0,41.861,186.861,145.0,36.25,3262.5
2026-09-29 22:45:00,경부하,90,0,145.0,41.546,186.546,145.0,36.25,3262.5
2026-09-29 23:00:00,경부하,90,0,145.0,42.38,187.38,145.0,36.25,3262.5
2026-09-29 23:15:00,경부하,90,0,145.0,40.47,185.47,145.0,36.25,3262.5
2026-09-29 23:30:00,경부하,90,0,145.0,38.335,183.335,145.0,36.25,3262.5
2026-09-29 23:45:00,경부하,90,0,145.0,38.911,183.911,145.0,36.25,3262.5
2026-09-30 00:00:00,경부하,90,0,145.0,37.418,182.418,145.0,36.25,3262.5
2026-09-30 00:15:00,경부하,90,0,145.0,40.035,185.035,145.0,36.25,3262.5
2026-09-30 00:30:00,경부하,90,0,145.0,40.663,185.663,145.0,36.25,3262.5
2026-09-30 00:45:00,경부하,90,0,145.0,40.911,185.911,145.0,36.25,3262.5
2026-09-30 01:00:00,경부하,90,0,145.0,33.475,178.475,145.0,36.25,3262.5
2026-09-30 01:15:00,경부하,90,0,145.0,22.947,167.947,145.0,36.25,3262.5
2026-09-30 01:30:00,경부하,90,0,145.0,19.222,164.222,145.0,36.25,3262.5
2026-09-30 01:45:00,경부하,90,0,145.0,18.318,163.318,145.0,36.25,3262.5
2026-09-30 02:00:00,경부하,90,0,145.0,18.12,163.12,145.0,36.25,3262.5
2026-09-30 02:15:00,경부하,90,0,145.0,18.145,163.145,145.0,36.25,3262.5
2026-09-30 02:30:00,경부하,90,0,145.0,18.082,163.082,145.0,36.25,3262.5
2026-09-30 02:45:00,경부하,90,0,145.0,17.741,162.74099999999999,145.0,36.25,3262.5
2026-09-30 03:00:00,경부하,90,0,145.0,18.025,163.025,145.0,36.25,3262.5
2026-09-30 03:15:00,경부하,90,0,145.0,18.775,163.775,145.0,36.25,3262.5
2026-09-30 03:30:00,경부하,90,0,145.0,18.358,163.358,145.0,36.25,3262.5
2026-09-30 03:45:00,경부하,90,0,145.0,17.994,162.994,145.0,36.25,3262.5
2026-09-30 04:00:00,경부하,90,0,29.0,18.013,47.013000000000005,29.0,7.25,652.5
2026-09-30 04:15:00,경부하,90,0,29.0,17.742,46.742000000000004,29.0,7.25,652.5
2026-09-30 04:30:00,경부하,90,0,106.33333333333333,17.35,123.68333333333334,106.33333333333333,26.583333333333332,2392.5
2026-09-30 04:45:00,경부하,90,0,145.0,17.128,162.128,145.0,36.25,3262.5
2026-09-30 05:00:00,경부하,90,0,145.0,17.232,162.232,145.0,36.25,3262.5
2026-09-30 05:15:00,경부하,90,0,145.0,17.455,162.45499999999998,145.0,36.25,3262.5
2026-09-30 05:30:00,경부하,90,0,145.0,17.556,162.556,145.0,36.25,3262.5
2026-09-30 05:45:00,경부하,90,0,145.0,17.41,162.41,145.0,36.25,3262.5
2026-09-30 06:00:00,경부하,90,0,397.0,17.809,414.809,397.0,99.25,8932.5
2026-09-30 06:15:00,경부하,90,0,397.0,17.996,414.996,397.0,99.25,8932.5
2026-09-30 06:30:00,경부하,90,0,397.0,17.65,414.65,397.0,99.25,8932.5
2026-09-30 06:45:00,경부하,90,0,397.0,17.578,414.578,397.0,99.25,8932.5
2026-09-30 07:00:00,경부하,90,0,397.0,17.262,414.262,397.0,99.25,8932.5
2026-09-30 07:15:00,경부하,90,0,397.0,19.424,416.424,397.0,99.25,8932.5
2026-09-30 07:30:00,경부하,90,0,397.0,24.39,421.39,397.0,99.25,8932.5
2026-09-30 07:45:00,경부하,90,0,397.0,31.34,428.34,397.0,99.25,8932.5
2026-09-30 08:00:00,중간부하,140,0,429.0,159.069,588.069,429.0,107.25,15015.0
2026-09-30 08:15:00,중간부하,140,0,429.0,269.942,698.942,429.0,107.25,15015.0
2026-09-30 08:30:00,중간부하,140,0,429.0,284.293,713.293,429.0,107.25,15015.0
2026-09-30 08:45:00,중간부하,140,0,371.4,276.33,647.73,371.4,92.85,12999.0
2026-09-30 09:00:00,중간부하,140,0,284.8,279.042,563.842,284.8,71.2,9968.0
2026-09-30 09:15:00,중간부하,140,0,304.0,286.857,590.857,304.0,76.0,10640.0
2026-09-30 09:30:00,중간부하,140,0,304.0,272.74,576.74,304.0,76.0,10640.0
2026-09-30 09:45:00,중간부하,140,0,304.0,269.892,573.892,304.0,76.0,10640.0
2026-09-30 10:00:00,최대부하,220,1,304.0,256.118,560.1179999999999,304.0,76.0,16720.0
2026-09-30 10:15:00,최대부하,220,1,304.0,267.085,571.085,304.0,76.0,16720.0
2026-09-30 10:30:00,최대부하,220,1,256.0,265.439,521.4390000000001,256.0,64.0,14080.0
2026-09-30 10:45:00,최대부하,220,1,371.4,295.369,666.769,371.4,92.85,20427.0
2026-09-30 11:00:00,최대부하,220,1,354.8,291.302,646.1020000000001,354.8,88.7,19514.0
2026-09-30 11:15:00,최대부하,220,1,374.0,284.038,658.038,374.0,93.5,20570.0
2026-09-30 11:30:00,최대부하,220,1,374.0,266.75,640.75,374.0,93.5,20570.0
2026-09-30 11:45:00,최대부하,220,1,374.0,244.678,618.678,374.0,93.5,20570.0
2026-09-30 12:00:00,중간부하,140,0,277.3333333333333,40.369,317.7023333333333,277.3333333333333,69.33333333333333,9706.666666666666
2026-09-30 12:15:00,중간부하,140,0,385.0,27.647,412.647,385.0,96.25,13475.0
2026-09-30 12:30:00,중간부하,140,0,429.0,28.149,457.149,429.0,107.25,15015.0
2026-09-30 12:45:00,중간부하,140,0,429.0,29.332,458.332,429.0,107.25,15015.0
2026-09-30 13:00:00,중간부하,140,0,304.0,171.38,475.38,304.0,76.0,10640.0
2026-09-30 13:15:00,중간부하,140,0,304.0,266.295,570.2950000000001,304.0,76.0,10640.0
2026-09-30 13:30:00,중간부하,140,0,286.93333333333334,258.91,545.8433333333334,286.93333333333334,71.73333333333333,10042.666666666666
2026-09-30 13:45:00,중간부하,140,0,304.0,279.498,583.498,304.0,76.0,10640.0
2026-09-30 14:00:00,중간부하,140,0,304.0,285.861,589.861,304.0,76.0,10640.0
2026-09-30 14:15:00,중간부하,140,0,256.0,272.125,528.125,256.0,64.0,8960.0
2026-09-30 14:30:00,중간부하,140,0,246.4,272.985,519.385,246.4,61.6,8624.0
2026-09-30 14:45:00,중간부하,140,0,274.1333333333333,279.835,553.9683333333332,274.1333333333333,68.53333333333333,9594.666666666666
2026-09-30 15:00:00,중간부하,140,0,272.0,270.658,542.658,272.0,68.0,9520.0
2026-09-30 15:15:00,중간부하,140,0,272.0,269.159,541.159,272.0,68.0,9520.0
2026-09-30 15:30:00,중간부하,140,0,272.0,271.022,543.0219999999999,272.0,68.0,9520.0
2026-09-30 15:45:00,중간부하,140,0,272.0,271.092,543.092,272.0,68.0,9520.0
2026-09-30 16:00:00,중간부하,140,0,272.0,264.628,536.6279999999999,272.0,68.0,9520.0
2026-09-30 16:15:00,중간부하,140,0,272.0,280.148,552.148,272.0,68.0,9520.0
2026-09-30 16:30:00,중간부하,140,0,272.0,287.726,559.726,272.0,68.0,9520.0
2026-09-30 16:45:00,중간부하,140,0,272.0,269.837,541.837,272.0,68.0,9520.0
2026-09-30 17:00:00,최대부하,220,1,272.0,269.621,541.621,272.0,68.0,14960.0
2026-09-30 17:15:00,최대부하,220,1,272.0,251.815,523.815,272.0,68.0,14960.0
2026-09-30 17:30:00,최대부하,220,1,272.0,173.331,445.331,272.0,68.0,14960.0
2026-09-30 17:45:00,최대부하,220,1,272.0,135.333,407.33299999999997,272.0,68.0,14960.0
2026-09-30 18:00:00,최대부하,220,1,272.0,124.455,396.455,272.0,68.0,14960.0
2026-09-30 18:15:00,최대부하,220,1,272.0,154.137,426.137,272.0,68.0,14960.0
2026-09-30 18:30:00,최대부하,220,1,224.0,151.595,375.595,224.0,56.0,12320.0
2026-09-30 18:45:00,최대부하,220,1,200.0,158.055,358.055,200.0,50.0,11000.0
2026-09-30 19:00:00,최대부하,220,1,200.0,152.064,352.06399999999996,200.0,50.0,11000.0
2026-09-30 19:15:00,최대부하,220,1,200.0,150.662,350.66200000000003,200.0,50.0,11000.0
2026-09-30 19:30:00,최대부하,220,1,200.0,147.891,347.89099999999996,200.0,50.0,11000.0
2026-09-30 19:45:00,최대부하,220,1,145.0,153.55,298.55,145.0,36.25,7975.0
2026-09-30 20:00:00,중간부하,140,0,145.0,159.595,304.595,145.0,36.25,5075.0
2026-09-30 20:15:00,중간부하,140,0,145.0,154.218,299.21799999999996,145.0,36.25,5075.0
2026-09-30 20:30:00,중간부하,140,0,145.0,133.906,278.906,145.0,36.25,5075.0
2026-09-30 20:45:00,중간부하,140,0,29.0,90.133,119.133,29.0,7.25,1015.0
2026-09-30 21:00:00,중간부하,140,0,29.0,54.913,83.913,29.0,7.25,1015.0
2026-09-30 21:15:00,중간부하,140,0,106.33333333333333,49.363,155.6963333333333,106.33333333333333,26.583333333333332,3721.6666666666665
2026-09-30 21:30:00,중간부하,140,0,145.0,48.443,193.44299999999998,145.0,36.25,5075.0
2026-09-30 21:45:00,중간부하,140,0,145.0,39.593,184.59300000000002,145.0,36.25,5075.0
2026-09-30 22:00:00,경부하,90,0,145.0,34.38,179.38,145.0,36.25,3262.5
2026-09-30 22:15:00,경부하,90,0,145.0,32.804,177.804,145.0,36.25,3262.5
2026-09-30 22:30:00,경부하,90,0,145.0,31.518,176.518,145.0,36.25,3262.5
2026-09-30 22:45:00,경부하,90,0,145.0,34.164,179.164,145.0,36.25,3262.5
2026-09-30 23:00:00,경부하,90,0,48.33333333333333,33.887,82.22033333333333,48.33333333333333,12.083333333333332,1087.5
2026-09-30 23:15:00,경부하,90,0,29.0,34.529,63.529,29.0,7.25,652.5
2026-09-30 23:30:00,경부하,90,0,29.0,33.838,62.838,29.0,7.25,652.5
2026-09-30 23:45:00,경부하,90,0,106.33333333333333,30.667,137.00033333333334,106.33333333333333,26.583333333333332,2392.5
2026-10-01 00:00:00,경부하,90,0,145.0,33.367,178.367,145.0,36.25,3262.5
2026-10-01 00:15:00,경부하,90,0,145.0,33.265,178.265,145.0,36.25,3262.5
2026-10-01 00:30:00,경부하,90,0,145.0,31.42,176.42000000000002,145.0,36.25,3262.5
2026-10-01 00:45:00,경부하,90,0,145.0,34.583,179.583,145.0,36.25,3262.5
2026-10-01 01:00:00,경부하,90,0,145.0,30.894,175.894,145.0,36.25,3262.5
2026-10-01 01:15:00,경부하,90,0,145.0,20.935,165.935,145.0,36.25,3262.5
2026-10-01 01:30:00,경부하,90,0,145.0,18.714,163.714,145.0,36.25,3262.5
2026-10-01 01:45:00,경부하,90,0,145.0,19.015,164.015,145.0,36.25,3262.5
2026-10-01 02:00:00,경부하,90,0,145.0,19.253,164.253,145.0,36.25,3262.5
2026-10-01 02:15:00,경부하,90,0,145.0,19.285,164.285,145.0,36.25,3262.5
2026-10-01 02:30:00,경부하,90,0,145.0,18.778,163.778,145.0,36.25,3262.5
2026-10-01 02:45:00,경부하,90,0,48.33333333333333,18.864,67.19733333333333,48.33333333333333,12.083333333333332,1087.5
2026-10-01 03:00:00,경부하,90,0,145.0,19.052,164.052,145.0,36.25,3262.5
2026-10-01 03:15:00,경부하,90,0,145.0,18.583,163.583,145.0,36.25,3262.5
2026-10-01 03:30:00,경부하,90,0,145.0,18.577,163.577,145.0,36.25,3262.5
2026-10-01 03:45:00,경부하,90,0,145.0,19.012,164.012,145.0,36.25,3262.5
2026-10-01 04:00:00,경부하,90,0,145.0,19.283,164.28300000000002,145.0,36.25,3262.5
2026-10-01 04:15:00,경부하,90,0,145.0,19.173,164.173,145.0,36.25,3262.5
2026-10-01 04:30:00,경부하,90,0,145.0,18.645,163.645,145.0,36.25,3262.5
2026-10-01 04:45:00,경부하,90,0,145.0,18.767,163.767,145.0,36.25,3262.5
2026-10-01 05:00:00,경부하,90,0,145.0,18.808,163.808,145.0,36.25,3262.5
2026-10-01 05:15:00,경부하,90,0,145.0,18.412,163.412,145.0,36.25,3262.5
2026-10-01 05:30:00,경부하,90,0,145.0,18.757,163.757,145.0,36.25,3262.5
2026-10-01 05:45:00,경부하,90,0,145.0,19.035,164.035,145.0,36.25,3262.5
2026-10-01 06:00:00,경부하,90,0,339.4,18.143,357.543,339.4,84.85,7636.499999999999
2026-10-01 06:15:00,경부하,90,0,377.8,18.978,396.778,377.8,94.45,8500.5
2026-10-01 06:30:00,경부하,90,0,397.0,18.828,415.828,397.0,99.25,8932.5
2026-10-01 06:45:00,경부하,90,0,397.0,18.335,415.335,397.0,99.25,8932.5
2026-10-01 07:00:00,경부하,90,0,397.0,18.24,415.24,397.0,99.25,8932.5
2026-10-01 07:15:00,경부하,90,0,397.0,20.425,417.425,397.0,99.25,8932.5
2026-10-01 07:30:00,경부하,90,0,397.0,23.757,420.757,397.0,99.25,8932.5
2026-10-01 07:45:00,경부하,90,0,397.0,27.183,424.183,397.0,99.25,8932.5
2026-10-01 08:00:00,중간부하,140,0,411.93333333333334,191.397,603.3303333333333,411.93333333333334,102.98333333333333,14417.666666666666
2026-10-01 08:15:00,중간부하,140,0,429.0,305.288,734.288,429.0,107.25,15015.0
2026-10-01 08:30:00,중간부하,140,0,429.0,307.401,736.4010000000001,429.0,107.25,15015.0
2026-10-01 08:45:00,중간부하,140,0,418.3333333333333,323.661,741.9943333333333,418.3333333333333,104.58333333333333,14641.666666666666
2026-10-01 09:00:00,중간부하,140,0,397.0,308.033,705.033,397.0,99.25,13895.0
2026-10-01 09:15:00,중간부하,140,0,252.0,300.822,552.822,252.0,63.0,8820.0
2026-10-01 09:30:00,중간부하,140,0,208.0,298.718,506.718,208.0,52.0,7280.0
2026-10-01 09:45:00,중간부하,140,0,252.0,292.326,544.326,252.0,63.0,8820.0
2026-10-01 10:00:00,최대부하,220,1,204.0,302.987,506.987,204.0,51.0,11220.0
2026-10-01 10:15:00,최대부하,220,1,281.0,289.321,570.321,281.0,70.25,15455.0
2026-10-01 10:30:00,최대부하,220,1,281.0,294.67,575.6700000000001,281.0,70.25,15455.0
2026-10-01 10:45:00,최대부하,220,1,358.3333333333333,280.6,638.9333333333334,358.3333333333333,89.58333333333333,19708.333333333332
2026-10-01 11:00:00,최대부하,220,1,397.0,285.437,682.437,397.0,99.25,21835.0
2026-10-01 11:15:00,최대부하,220,1,397.0,285.953,682.953,397.0,99.25,21835.0
2026-10-01 11:30:00,최대부하,220,1,397.0,286.922,683.922,397.0,99.25,21835.0
2026-10-01 11:45:00,최대부하,220,1,397.0,276.387,673.387,397.0,99.25,21835.0
2026-10-01 12:00:00,중간부하,140,0,286.93333333333334,49.101,336.03433333333334,286.93333333333334,71.73333333333333,10042.666666666666
2026-10-01 12:15:00,중간부하,140,0,304.0,28.675,332.675,304.0,76.0,10640.0
2026-10-01 12:30:00,중간부하,140,0,304.0,30.302,334.302,304.0,76.0,10640.0
2026-10-01 12:45:00,중간부하,140,0,304.0,33.602,337.602,304.0,76.0,10640.0
2026-10-01 13:00:00,중간부하,140,0,304.0,187.318,491.318,304.0,76.0,10640.0
2026-10-01 13:15:00,중간부하,140,0,304.0,272.024,576.024,304.0,76.0,10640.0
2026-10-01 13:30:00,중간부하,140,0,304.0,272.189,576.1890000000001,304.0,76.0,10640.0
2026-10-01 13:45:00,중간부하,140,0,232.0,266.752,498.752,232.0,58.0,8120.0
2026-10-01 14:00:00,중간부하,140,0,232.0,264.631,496.631,232.0,58.0,8120.0
2026-10-01 14:15:00,중간부하,140,0,232.0,265.352,497.352,232.0,58.0,8120.0
2026-10-01 14:30:00,중간부하,140,0,232.0,265.271,497.271,232.0,58.0,8120.0
2026-10-01 14:45:00,중간부하,140,0,232.0,270.798,502.798,232.0,58.0,8120.0
2026-10-01 15:00:00,중간부하,140,0,221.33333333333331,260.983,482.3163333333333,221.33333333333331,55.33333333333333,7746.666666666666
2026-10-01 15:15:00,중간부하,140,0,200.0,261.572,461.572,200.0,50.0,7000.0
2026-10-01 15:30:00,중간부하,140,0,200.0,281.624,481.624,200.0,50.0,7000.0
2026-10-01 15:45:00,중간부하,140,0,200.0,262.866,462.866,200.0,50.0,7000.0
2026-10-01 16:00:00,중간부하,140,0,156.0,277.955,433.955,156.0,39.0,5460.0
2026-10-01 16:15:00,중간부하,140,0,200.0,271.536,471.536,200.0,50.0,7000.0
2026-10-01 16:30:00,중간부하,140,0,200.0,264.813,464.813,200.0,50.0,7000.0
2026-10-01 16:45:00,중간부하,140,0,200.0,251.23,451.23,200.0,50.0,7000.0
2026-10-01 17:00:00,최대부하,220,1,200.0,270.641,470.641,200.0,50.0,11000.0
2026-10-01 17:15:00,최대부하,220,1,200.0,243.981,443.981,200.0,50.0,11000.0
2026-10-01 17:30:00,최대부하,220,1,200.0,137.975,337.975,200.0,50.0,11000.0
2026-10-01 17:45:00,최대부하,220,1,200.0,130.982,330.98199999999997,200.0,50.0,11000.0
2026-10-01 18:00:00,최대부하,220,1,103.33333333333333,180.622,283.95533333333333,103.33333333333333,25.833333333333332,5683.333333333333
2026-10-01 18:15:00,최대부하,220,1,84.0,228.064,312.06399999999996,84.0,21.0,4620.0
2026-10-01 18:30:00,최대부하,220,1,84.0,216.218,300.21799999999996,84.0,21.0,4620.0
2026-10-01 18:45:00,최대부하,220,1,161.33333333333331,231.463,392.79633333333334,161.33333333333331,40.33333333333333,8873.333333333332
2026-10-01 19:00:00,최대부하,220,1,200.0,214.949,414.949,200.0,50.0,11000.0
2026-10-01 19:15:00,최대부하,220,1,200.0,222.671,422.671,200.0,50.0,11000.0
2026-10-01 19:30:00,최대부하,220,1,200.0,223.345,423.345,200.0,50.0,11000.0
2026-10-01 19:45:00,최대부하,220,1,200.0,216.407,416.40700000000004,200.0,50.0,11000.0
2026-10-01 20:00:00,중간부하,140,0,200.0,216.952,416.952,200.0,50.0,7000.0
2026-10-01 20:15:00,중간부하,140,0,200.0,235.69,435.69,200.0,50.0,7000.0
2026-10-01 20:30:00,중간부하,140,0,200.0,201.626,401.626,200.0,50.0,7000.0
2026-10-01 20:45:00,중간부하,140,0,103.33333333333333,136.433,239.7663333333333,103.33333333333333,25.833333333333332,3616.6666666666665
2026-10-01 21:00:00,중간부하,140,0,55.0,77.192,132.192,55.0,13.75,1925.0
2026-10-01 21:15:00,중간부하,140,0,29.0,52.722,81.72200000000001,29.0,7.25,1015.0
2026-10-01 21:30:00,중간부하,140,0,29.0,43.755,72.755,29.0,7.25,1015.0
2026-10-01 21:45:00,중간부하,140,0,106.33333333333333,41.743,148.07633333333334,106.33333333333333,26.583333333333332,3721.6666666666665
2026-10-01 22:00:00,경부하,90,0,145.0,39.685,184.685,145.0,36.25,3262.5
2026-10-01 22:15:00,경부하,90,0,145.0,36.102,181.102,145.0,36.25,3262.5
2026-10-01 22:30:00,경부하,90,0,145.0,39.482,184.482,145.0,36.25,3262.5
2026-10-01 22:45:00,경부하,90,0,145.0,41.073,186.073,145.0,36.25,3262.5
2026-10-01 23:00:00,경부하,90,0,145.0,35.87,180.87,145.0,36.25,3262.5
2026-10-01 23:15:00,경부하,90,0,145.0,34.091,179.091,145.0,36.25,3262.5
2026-10-01 23:30:00,경부하,90,0,145.0,36.598,181.598,145.0,36.25,3262.5
2026-10-01 23:45:00,경부하,90,0,145.0,39.829,184.829,145.0,36.25,3262.5
2026-10-02 00:00:00,경부하,90,0,145.0,30.361,175.361,145.0,36.25,3262.5
2026-10-02 00:15:00,경부하,90,0,145.0,38.746,183.746,145.0,36.25,3262.5
2026-10-02 00:30:00,경부하,90,0,145.0,35.905,180.905,145.0,36.25,3262.5
2026-10-02 00:45:00,경부하,90,0,145.0,33.632,178.632,145.0,36.25,3262.5
2026-10-02 01:00:00,경부하,90,0,145.0,24.041,169.041,145.0,36.25,3262.5
2026-10-02 01:15:00,경부하,90,0,145.0,21.534,166.534,145.0,36.25,3262.5
2026-10-02 01:30:00,경부하,90,0,145.0,20.223,165.223,145.0,36.25,3262.5
2026-10-02 01:45:00,경부하,90,0,145.0,19.115,164.115,145.0,36.25,3262.5
2026-10-02 02:00:00,경부하,90,0,145.0,22.425,167.425,145.0,36.25,3262.5
2026-10-02 02:15:00,경부하,90,0,145.0,22.317,167.317,145.0,36.25,3262.5
2026-10-02 02:30:00,경부하,90,0,145.0,20.325,165.325,145.0,36.25,3262.5
2026-10-02 02:45:00,경부하,90,0,145.0,21.089,166.089,145.0,36.25,3262.5
2026-10-02 03:00:00,경부하,90,0,145.0,20.312,165.312,145.0,36.25,3262.5
2026-10-02 03:15:00,경부하,90,0,145.0,21.456,166.456,145.0,36.25,3262.5
2026-10-02 03:30:00,경부하,90,0,145.0,19.235,164.235,145.0,36.25,3262.5
2026-10-02 03:45:00,경부하,90,0,145.0,19.102,164.102,145.0,36.25,3262.5
2026-10-02 04:00:00,경부하,90,0,145.0,19.117,164.117,145.0,36.25,3262.5
2026-10-02 04:15:00,경부하,90,0,145.0,20.109,165.109,145.0,36.25,3262.5
2026-10-02 04:30:00,경부하,90,0,145.0,18.887,163.887,145.0,36.25,3262.5
2026-10-02 04:45:00,경부하,90,0,145.0,18.64,163.64,145.0,36.25,3262.5
2026-10-02 05:00:00,경부하,90,0,145.0,18.962,163.962,145.0,36.25,3262.5
2026-10-02 05:15:00,경부하,90,0,48.33333333333333,20.562,68.89533333333333,48.33333333333333,12.083333333333332,1087.5
2026-10-02 05:30:00,경부하,90,0,29.0,21.922,50.922,29.0,7.25,652.5
2026-10-02 05:45:00,경부하,90,0,29.0,21.122,50.122,29.0,7.25,652.5
2026-10-02 06:00:00,경부하,90,0,117.33333333333331,21.338,138.6713333333333,117.33333333333331,29.33333333333333,2639.9999999999995
2026-10-02 06:15:00,경부하,90,0,200.0,21.855,221.855,200.0,50.0,4500.0
2026-10-02 06:30:00,경부하,90,0,200.0,20.911,220.911,200.0,50.0,4500.0
2026-10-02 06:45:00,경부하,90,0,200.0,22.001,222.001,200.0,50.0,4500.0
2026-10-02 07:00:00,경부하,90,0,200.0,21.557,221.557,200.0,50.0,4500.0
2026-10-02 07:15:00,경부하,90,0,200.0,21.214,221.214,200.0,50.0,4500.0
2026-10-02 07:30:00,경부하,90,0,200.0,26.972,226.972,200.0,50.0,4500.0
2026-10-02 07:45:00,경부하,90,0,200.0,26.195,226.195,200.0,50.0,4500.0
2026-10-02 08:00:00,중간부하,140,0,214.93333333333334,156.597,371.5303333333334,214.93333333333334,53.733333333333334,7522.666666666667
2026-10-02 08:15:00,중간부하,140,0,232.0,260.635,492.635,232.0,58.0,8120.0
2026-10-02 08:30:00,중간부하,140,0,232.0,279.825,511.825,232.0,58.0,8120.0
2026-10-02 08:45:00,중간부하,140,0,232.0,290.583,522.5830000000001,232.0,58.0,8120.0
2026-10-02 09:00:00,중간부하,140,0,232.0,293.703,525.703,232.0,58.0,8120.0
2026-10-02 09:15:00,중간부하,140,0,232.0,276.915,508.915,232.0,58.0,8120.0
2026-10-02 09:30:00,중간부하,140,0,232.0,264.379,496.379,232.0,58.0,8120.0
2026-10-02 09:45:00,중간부하,140,0,232.0,263.182,495.182,232.0,58.0,8120.0
2026-10-02 10:00:00,최대부하,220,1,232.0,254.578,486.578,232.0,58.0,12760.0
2026-10-02 10:15:00,최대부하,220,1,232.0,258.041,490.041,232.0,58.0,12760.0
2026-10-02 10:30:00,최대부하,220,1,232.0,251.716,483.716,232.0,58.0,12760.0
2026-10-02 10:45:00,최대부하,220,1,232.0,256.311,488.311,232.0,58.0,12760.0
2026-10-02 11:00:00,최대부하,220,1,221.33333333333331,262.412,483.7453333333333,221.33333333333331,55.33333333333333,12173.333333333332
2026-10-02 11:15:00,최대부하,220,1,214.93333333333334,269.604,484.5373333333333,214.93333333333334,53.733333333333334,11821.333333333334
2026-10-02 11:30:00,최대부하,220,1,232.0,260.805,492.805,232.0,58.0,12760.0
2026-10-02 11:45:00,최대부하,220,1,232.0,255.243,487.243,232.0,58.0,12760.0
2026-10-02 12:00:00,중간부하,140,0,221.33333333333331,46.342,267.6753333333333,221.33333333333331,55.33333333333333,7746.666666666666
2026-10-02 12:15:00,중간부하,140,0,200.0,24.532,224.532,200.0,50.0,7000.0
2026-10-02 12:30:00,중간부하,140,0,200.0,23.851,223.851,200.0,50.0,7000.0
2026-10-02 12:45:00,중간부하,140,0,200.0,23.976,223.976,200.0,50.0,7000.0
2026-10-02 13:00:00,중간부하,140,0,103.33333333333333,174.841,278.1743333333333,103.33333333333333,25.833333333333332,3616.6666666666665
2026-10-02 13:15:00,중간부하,140,0,55.0,260.305,315.305,55.0,13.75,1925.0
2026-10-02 13:30:00,중간부하,140,0,55.0,270.731,325.731,55.0,13.75,1925.0
2026-10-02 13:45:00,중간부하,140,0,55.0,258.359,313.359,55.0,13.75,1925.0
2026-10-02 14:00:00,중간부하,140,0,55.0,266.001,321.001,55.0,13.75,1925.0
2026-10-02 14:15:00,중간부하,140,0,55.0,269.82,324.82,55.0,13.75,1925.0
2026-10-02 14:30:00,중간부하,140,0,55.0,270.388,325.388,55.0,13.75,1925.0
2026-10-02 14:45:00,중간부하,140,0,55.0,266.162,321.162,55.0,13.75,1925.0
2026-10-02 15:00:00,중간부하,140,0,55.0,248.149,303.149,55.0,13.75,1925.0
2026-10-02 15:15:00,중간부하,140,0,55.0,267.525,322.525,55.0,13.75,1925.0
2026-10-02 15:30:00,중간부하,140,0,55.0,261.2,316.2,55.0,13.75,1925.0
2026-10-02 15:45:00,중간부하,140,0,55.0,255.565,310.565,55.0,13.75,1925.0
2026-10-02 16:00:00,중간부하,140,0,156.0,276.294,432.294,156.0,39.0,5460.0
2026-10-02 16:15:00,중간부하,140,0,200.0,255.948,455.948,200.0,50.0,7000.0
2026-10-02 16:30:00,중간부하,140,0,200.0,278.278,478.278,200.0,50.0,7000.0
2026-10-02 16:45:00,중간부하,140,0,200.0,251.913,451.913,200.0,50.0,7000.0
2026-10-02 17:00:00,최대부하,220,1,200.0,243.877,443.877,200.0,50.0,11000.0
2026-10-02 17:15:00,최대부하,220,1,200.0,235.685,435.685,200.0,50.0,11000.0
2026-10-02 17:30:00,최대부하,220,1,200.0,142.014,342.014,200.0,50.0,11000.0
2026-10-02 17:45:00,최대부하,220,1,200.0,132.378,332.378,200.0,50.0,11000.0
2026-10-02 18:00:00,최대부하,220,1,200.0,158.27,358.27,200.0,50.0,11000.0
2026-10-02 18:15:00,최대부하,220,1,200.0,203.446,403.446,200.0,50.0,11000.0
2026-10-02 18:30:00,최대부하,220,1,200.0,200.544,400.544,200.0,50.0,11000.0
2026-10-02 18:45:00,최대부하,220,1,200.0,204.748,404.748,200.0,50.0,11000.0
2026-10-02 19:00:00,최대부하,220,1,200.0,202.898,402.898,200.0,50.0,11000.0
2026-10-02 19:15:00,최대부하,220,1,200.0,204.345,404.345,200.0,50.0,11000.0
2026-10-02 19:30:00,최대부하,220,1,200.0,213.591,413.591,200.0,50.0,11000.0
2026-10-02 19:45:00,최대부하,220,1,200.0,210.014,410.014,200.0,50.0,11000.0
2026-10-02 20:00:00,중간부하,140,0,200.0,210.725,410.725,200.0,50.0,7000.0
2026-10-02 20:15:00,중간부하,140,0,200.0,197.949,397.949,200.0,50.0,7000.0
2026-10-02 20:30:00,중간부하,140,0,200.0,189.179,389.179,200.0,50.0,7000.0
2026-10-02 20:45:00,중간부하,140,0,200.0,114.285,314.28499999999997,200.0,50.0,7000.0
2026-10-02 21:00:00,중간부하,140,0,145.0,60.127,205.127,145.0,36.25,5075.0
2026-10-02 21:15:00,중간부하,140,0,145.0,52.508,197.508,145.0,36.25,5075.0
2026-10-02 21:30:00,중간부하,140,0,145.0,46.501,191.501,145.0,36.25,5075.0
2026-10-02 21:45:00,중간부하,140,0,145.0,50.834,195.834,145.0,36.25,5075.0
2026-10-02 22:00:00,경부하,90,0,145.0,45.177,190.177,145.0,36.25,3262.5
2026-10-02 22:15:00,경부하,90,0,145.0,38.754,183.754,145.0,36.25,3262.5
2026-10-02 22:30:00,경부하,90,0,145.0,47.296,192.296,145.0,36.25,3262.5
2026-10-02 22:45:00,경부하,90,0,145.0,37.343,182.34300000000002,145.0,36.25,3262.5
2026-10-02 23:00:00,경부하,90,0,0.0,38.762,38.762,0.0,0.0,0.0
2026-10-02 23:15:00,경부하,90,0,0.0,46.49,46.49,0.0,0.0,0.0
2026-10-02 23:30:00,경부하,90,0,0.0,40.772,40.772,0.0,0.0,0.0
2026-10-02 23:45:00,경부하,90,0,0.0,42.482,42.482,0.0,0.0,0.0
2026-10-03 00:00:00,경부하,76,0,0.0,43.126,43.126,0.0,0.0,0.0
2026-10-03 00:15:00,경부하,76,0,0.0,40.765,40.765,0.0,0.0,0.0
2026-10-03 00:30:00,경부하,76,0,0.0,38.779,38.779,0.0,0.0,0.0
2026-10-03 00:45:00,경부하,76,0,0.0,34.83,34.83,0.0,0.0,0.0
2026-10-03 01:00:00,경부하,76,0,0.0,35.279,35.279,0.0,0.0,0.0
2026-10-03 01:15:00,경부하,76,0,0.0,25.721,25.721,0.0,0.0,0.0
2026-10-03 01:30:00,경부하,76,0,0.0,23.928,23.928,0.0,0.0,0.0
2026-10-03 01:45:00,경부하,76,0,0.0,21.462,21.462,0.0,0.0,0.0
2026-10-03 02:00:00,경부하,76,0,0.0,18.222,18.222,0.0,0.0,0.0
2026-10-03 02:15:00,경부하,76,0,0.0,20.736,20.736,0.0,0.0,0.0
2026-10-03 02:30:00,경부하,76,0,0.0,20.572,20.572,0.0,0.0,0.0
2026-10-03 02:45:00,경부하,76,0,0.0,18.598,18.598,0.0,0.0,0.0
2026-10-03 03:00:00,경부하,76,0,0.0,19.308,19.308,0.0,0.0,0.0
2026-10-03 03:15:00,경부하,76,0,0.0,20.568,20.568,0.0,0.0,0.0
2026-10-03 03:30:00,경부하,76,0,0.0,18.908,18.908,0.0,0.0,0.0
2026-10-03 03:45:00,경부하,76,0,0.0,19.745,19.745,0.0,0.0,0.0
2026-10-03 04:00:00,경부하,76,0,0.0,20.234,20.234,0.0,0.0,0.0
2026-10-03 04:15:00,경부하,76,0,0.0,18.193,18.193,0.0,0.0,0.0
2026-10-03 04:30:00,경부하,76,0,0.0,20.502,20.502,0.0,0.0,0.0
2026-10-03 04:45:00,경부하,76,0,0.0,19.883,19.883,0.0,0.0,0.0
2026-10-03 05:00:00,경부하,76,0,0.0,18.612,18.612,0.0,0.0,0.0
2026-10-03 05:15:00,경부하,76,0,0.0,20.46,20.46,0.0,0.0,0.0
2026-10-03 05:30:00,경부하,76,0,0.0,18.132,18.132,0.0,0.0,0.0
2026-10-03 05:45:00,경부하,76,0,0.0,17.727,17.727,0.0,0.0,0.0
2026-10-03 06:00:00,경부하,76,0,0.0,20.401,20.401,0.0,0.0,0.0
2026-10-03 06:15:00,경부하,76,0,0.0,18.839,18.839,0.0,0.0,0.0
2026-10-03 06:30:00,경부하,76,0,0.0,18.765,18.765,0.0,0.0,0.0
2026-10-03 06:45:00,경부하,76,0,0.0,20.345,20.345,0.0,0.0,0.0
2026-10-03 07:00:00,경부하,76,0,0.0,17.589,17.589,0.0,0.0,0.0
2026-10-03 07:15:00,경부하,76,0,0.0,16.712,16.712,0.0,0.0,0.0
2026-10-03 07:30:00,경부하,76,0,0.0,17.474,17.474,0.0,0.0,0.0
2026-10-03 07:45:00,경부하,76,0,0.0,20.316,20.316,0.0,0.0,0.0
2026-10-03 08:00:00,중간부하,119,0,32.0,89.882,121.882,32.0,8.0,952.0
2026-10-03 08:15:00,중간부하,119,0,32.0,148.489,180.489,32.0,8.0,952.0
2026-10-03 08:30:00,중간부하,119,0,32.0,139.175,171.175,32.0,8.0,952.0
2026-10-03 08:45:00,중간부하,119,0,32.0,143.964,175.964,32.0,8.0,952.0
2026-10-03 09:00:00,중간부하,119,0,32.0,151.455,183.455,32.0,8.0,952.0
2026-10-03 09:15:00,중간부하,119,0,32.0,146.051,178.051,32.0,8.0,952.0
2026-10-03 09:30:00,중간부하,119,0,32.0,142.095,174.095,32.0,8.0,952.0
2026-10-03 09:45:00,중간부하,119,0,32.0,145.035,177.035,32.0,8.0,952.0
2026-10-03 10:00:00,최대부하,187,1,32.0,145.905,177.905,32.0,8.0,1496.0
2026-10-03 10:15:00,최대부하,187,1,32.0,148.066,180.066,32.0,8.0,1496.0
2026-10-03 10:30:00,최대부하,187,1,32.0,147.628,179.628,32.0,8.0,1496.0
2026-10-03 10:45:00,최대부하,187,1,32.0,155.062,187.062,32.0,8.0,1496.0
2026-10-03 11:00:00,최대부하,187,1,0.0,142.73,142.73,0.0,0.0,0.0
2026-10-03 11:15:00,최대부하,187,1,0.0,146.409,146.409,0.0,0.0,0.0
2026-10-03 11:30:00,최대부하,187,1,0.0,145.442,145.442,0.0,0.0,0.0
2026-10-03 11:45:00,최대부하,187,1,0.0,106.313,106.313,0.0,0.0,0.0
2026-10-03 12:00:00,중간부하,119,0,0.0,25.505,25.505,0.0,0.0,0.0
2026-10-03 12:15:00,중간부하,119,0,0.0,20.312,20.312,0.0,0.0,0.0
2026-10-03 12:30:00,중간부하,119,0,0.0,20.444,20.444,0.0,0.0,0.0
2026-10-03 12:45:00,중간부하,119,0,0.0,20.73,20.73,0.0,0.0,0.0
2026-10-03 13:00:00,중간부하,119,0,0.0,74.014,74.014,0.0,0.0,0.0
2026-10-03 13:15:00,중간부하,119,0,0.0,151.325,151.325,0.0,0.0,0.0
2026-10-03 13:30:00,중간부하,119,0,0.0,151.055,151.055,0.0,0.0,0.0
2026-10-03 13:45:00,중간부하,119,0,0.0,154.525,154.525,0.0,0.0,0.0
2026-10-03 14:00:00,중간부하,119,0,0.0,145.119,145.119,0.0,0.0,0.0
2026-10-03 14:15:00,중간부하,119,0,0.0,154.367,154.367,0.0,0.0,0.0
2026-10-03 14:30:00,중간부하,119,0,0.0,151.035,151.035,0.0,0.0,0.0
2026-10-03 14:45:00,중간부하,119,0,0.0,158.344,158.344,0.0,0.0,0.0
2026-10-03 15:00:00,중간부하,119,0,0.0,153.372,153.372,0.0,0.0,0.0
2026-10-03 15:15:00,중간부하,119,0,0.0,156.283,156.283,0.0,0.0,0.0
2026-10-03 15:30:00,중간부하,119,0,0.0,163.725,163.725,0.0,0.0,0.0
2026-10-03 15:45:00,중간부하,119,0,0.0,146.872,146.872,0.0,0.0,0.0
2026-10-03 16:00:00,중간부하,119,0,0.0,153.275,153.275,0.0,0.0,0.0
2026-10-03 16:15:00,중간부하,119,0,0.0,148.156,148.156,0.0,0.0,0.0
2026-10-03 16:30:00,중간부하,119,0,0.0,140.021,140.021,0.0,0.0,0.0
2026-10-03 16:45:00,중간부하,119,0,0.0,75.312,75.312,0.0,0.0,0.0
2026-10-03 17:00:00,최대부하,187,1,0.0,38.946,38.946,0.0,0.0,0.0
2026-10-03 17:15:00,최대부하,187,1,0.0,35.028,35.028,0.0,0.0,0.0
2026-10-03 17:30:00,최대부하,187,1,0.0,33.513,33.513,0.0,0.0,0.0
2026-10-03 17:45:00,최대부하,187,1,0.0,34.641,34.641,0.0,0.0,0.0
2026-10-03 18:00:00,최대부하,187,1,0.0,31.698,31.698,0.0,0.0,0.0
2026-10-03 18:15:00,최대부하,187,1,0.0,31.564,31.564,0.0,0.0,0.0
2026-10-03 18:30:00,최대부하,187,1,0.0,28.671,28.671,0.0,0.0,0.0
2026-10-03 18:45:00,최대부하,187,1,0.0,31.088,31.088,0.0,0.0,0.0
2026-10-03 19:00:00,최대부하,187,1,0.0,28.996,28.996,0.0,0.0,0.0
2026-10-03 19:15:00,최대부하,187,1,0.0,26.009,26.009,0.0,0.0,0.0
2026-10-03 19:30:00,최대부하,187,1,0.0,29.461,29.461,0.0,0.0,0.0
2026-10-03 19:45:00,최대부하,187,1,0.0,29.867,29.867,0.0,0.0,0.0
2026-10-03 20:00:00,중간부하,119,0,0.0,29.556,29.556,0.0,0.0,0.0
2026-10-03 20:15:00,중간부하,119,0,0.0,28.473,28.473,0.0,0.0,0.0
2026-10-03 20:30:00,중간부하,119,0,0.0,26.323,26.323,0.0,0.0,0.0
2026-10-03 20:45:00,중간부하,119,0,0.0,25.864,25.864,0.0,0.0,0.0
2026-10-03 21:00:00,중간부하,119,0,0.0,26.016,26.016,0.0,0.0,0.0
2026-10-03 21:15:00,중간부하,119,0,0.0,25.37,25.37,0.0,0.0,0.0
2026-10-03 21:30:00,중간부하,119,0,0.0,26.457,26.457,0.0,0.0,0.0
2026-10-03 21:45:00,중간부하,119,0,0.0,23.398,23.398,0.0,0.0,0.0
2026-10-03 22:00:00,경부하,76,0,0.0,25.642,25.642,0.0,0.0,0.0
2026-10-03 22:15:00,경부하,76,0,0.0,24.288,24.288,0.0,0.0,0.0
2026-10-03 22:30:00,경부하,76,0,0.0,24.244,24.244,0.0,0.0,0.0
2026-10-03 22:45:00,경부하,76,0,0.0,23.669,23.669,0.0,0.0,0.0
2026-10-03 23:00:00,경부하,76,0,0.0,23.612,23.612,0.0,0.0,0.0
2026-10-03 23:15:00,경부하,76,0,0.0,23.451,23.451,0.0,0.0,0.0
2026-10-03 23:30:00,경부하,76,0,0.0,22.961,22.961,0.0,0.0,0.0
2026-10-03 23:45:00,경부하,76,0,0.0,21.873,21.873,0.0,0.0,0.0
2026-10-04 00:00:00,경부하,76,0,0.0,22.248,22.248,0.0,0.0,0.0
2026-10-04 00:15:00,경부하,76,0,0.0,21.832,21.832,0.0,0.0,0.0
2026-10-04 00:30:00,경부하,76,0,0.0,19.921,19.921,0.0,0.0,0.0
2026-10-04 00:45:00,경부하,76,0,0.0,20.232,20.232,0.0,0.0,0.0
2026-10-04 01:00:00,경부하,76,0,0.0,17.288,17.288,0.0,0.0,0.0
2026-10-04 01:15:00,경부하,76,0,0.0,15.905,15.905,0.0,0.0,0.0
2026-10-04 01:30:00,경부하,76,0,0.0,15.657,15.657,0.0,0.0,0.0
2026-10-04 01:45:00,경부하,76,0,0.0,15.828,15.828,0.0,0.0,0.0
2026-10-04 02:00:00,경부하,76,0,0.0,15.318,15.318,0.0,0.0,0.0
2026-10-04 02:15:00,경부하,76,0,0.0,15.278,15.278,0.0,0.0,0.0
2026-10-04 02:30:00,경부하,76,0,0.0,15.838,15.838,0.0,0.0,0.0
2026-10-04 02:45:00,경부하,76,0,0.0,15.985,15.985,0.0,0.0,0.0
2026-10-04 03:00:00,경부하,76,0,0.0,15.722,15.722,0.0,0.0,0.0
2026-10-04 03:15:00,경부하,76,0,0.0,15.743,15.743,0.0,0.0,0.0
2026-10-04 03:30:00,경부하,76,0,0.0,15.731,15.731,0.0,0.0,0.0
2026-10-04 03:45:00,경부하,76,0,0.0,15.575,15.575,0.0,0.0,0.0
2026-10-04 04:00:00,경부하,76,0,0.0,15.706,15.706,0.0,0.0,0.0
2026-10-04 04:15:00,경부하,76,0,0.0,15.354,15.354,0.0,0.0,0.0
2026-10-04 04:30:00,경부하,76,0,0.0,15.713,15.713,0.0,0.0,0.0
2026-10-04 04:45:00,경부하,76,0,0.0,15.895,15.895,0.0,0.0,0.0
2026-10-04 05:00:00,경부하,76,0,0.0,15.068,15.068,0.0,0.0,0.0
2026-10-04 05:15:00,경부하,76,0,0.0,14.018,14.018,0.0,0.0,0.0
2026-10-04 05:30:00,경부하,76,0,0.0,12.866,12.866,0.0,0.0,0.0
2026-10-04 05:45:00,경부하,76,0,0.0,12.792,12.792,0.0,0.0,0.0
2026-10-04 06:00:00,경부하,76,0,0.0,12.713,12.713,0.0,0.0,0.0
2026-10-04 06:15:00,경부하,76,0,0.0,12.64,12.64,0.0,0.0,0.0
2026-10-04 06:30:00,경부하,76,0,0.0,12.932,12.932,0.0,0.0,0.0
2026-10-04 06:45:00,경부하,76,0,0.0,12.771,12.771,0.0,0.0,0.0
2026-10-04 07:00:00,경부하,76,0,0.0,12.516,12.516,0.0,0.0,0.0
2026-10-04 07:15:00,경부하,76,0,0.0,12.54,12.54,0.0,0.0,0.0
2026-10-04 07:30:00,경부하,76,0,0.0,12.668,12.668,0.0,0.0,0.0
2026-10-04 07:45:00,경부하,76,0,0.0,14.532,14.532,0.0,0.0,0.0
2026-10-04 08:00:00,중간부하,119,0,0.0,42.572,42.572,0.0,0.0,0.0
2026-10-04 08:15:00,중간부하,119,0,0.0,65.489,65.489,0.0,0.0,0.0
2026-10-04 08:30:00,중간부하,119,0,0.0,60.635,60.635,0.0,0.0,0.0
2026-10-04 08:45:00,중간부하,119,0,0.0,65.008,65.008,0.0,0.0,0.0
2026-10-04 09:00:00,중간부하,119,0,0.0,60.27,60.27,0.0,0.0,0.0
2026-10-04 09:15:00,중간부하,119,0,0.0,63.161,63.161,0.0,0.0,0.0
2026-10-04 09:30:00,중간부하,119,0,0.0,68.01,68.01,0.0,0.0,0.0
2026-10-04 09:45:00,중간부하,119,0,0.0,62.445,62.445,0.0,0.0,0.0
2026-10-04 10:00:00,최대부하,187,1,0.0,64.752,64.752,0.0,0.0,0.0
2026-10-04 10:15:00,최대부하,187,1,0.0,64.89,64.89,0.0,0.0,0.0
2026-10-04 10:30:00,최대부하,187,1,0.0,64.339,64.339,0.0,0.0,0.0
2026-10-04 10:45:00,최대부하,187,1,0.0,62.242,62.242,0.0,0.0,0.0
2026-10-04 11:00:00,최대부하,187,1,0.0,66.597,66.597,0.0,0.0,0.0
2026-10-04 11:15:00,최대부하,187,1,0.0,62.407,62.407,0.0,0.0,0.0
2026-10-04 11:30:00,최대부하,187,1,0.0,64.188,64.188,0.0,0.0,0.0
2026-10-04 11:45:00,최대부하,187,1,0.0,41.472,41.472,0.0,0.0,0.0
2026-10-04 12:00:00,중간부하,119,0,0.0,16.96,16.96,0.0,0.0,0.0
2026-10-04 12:15:00,중간부하,119,0,0.0,16.848,16.848,0.0,0.0,0.0
2026-10-04 12:30:00,중간부하,119,0,0.0,16.795,16.795,0.0,0.0,0.0
2026-10-04 12:45:00,중간부하,119,0,0.0,16.46,16.46,0.0,0.0,0.0
2026-10-04 13:00:00,중간부하,119,0,0.0,37.534,37.534,0.0,0.0,0.0
2026-10-04 13:15:00,중간부하,119,0,0.0,67.28,67.28,0.0,0.0,0.0
2026-10-04 13:30:00,중간부하,119,0,0.0,61.742,61.742,0.0,0.0,0.0
2026-10-04 13:45:00,중간부하,119,0,0.0,62.418,62.418,0.0,0.0,0.0
2026-10-04 14:00:00,중간부하,119,0,0.0,59.25,59.25,0.0,0.0,0.0
2026-10-04 14:15:00,중간부하,119,0,0.0,59.904,59.904,0.0,0.0,0.0
2026-10-04 14:30:00,중간부하,119,0,0.0,59.657,59.657,0.0,0.0,0.0
2026-10-04 14:45:00,중간부하,119,0,0.0,58.42,58.42,0.0,0.0,0.0
2026-10-04 15:00:00,중간부하,119,0,0.0,57.632,57.632,0.0,0.0,0.0
2026-10-04 15:15:00,중간부하,119,0,0.0,57.97,57.97,0.0,0.0,0.0
2026-10-04 15:30:00,중간부하,119,0,0.0,57.804,57.804,0.0,0.0,0.0
2026-10-04 15:45:00,중간부하,119,0,0.0,57.182,57.182,0.0,0.0,0.0
2026-10-04 16:00:00,중간부하,119,0,0.0,57.992,57.992,0.0,0.0,0.0
2026-10-04 16:15:00,중간부하,119,0,0.0,52.412,52.412,0.0,0.0,0.0
2026-10-04 16:30:00,중간부하,119,0,0.0,47.272,47.272,0.0,0.0,0.0
2026-10-04 16:45:00,중간부하,119,0,0.0,25.923,25.923,0.0,0.0,0.0
2026-10-04 17:00:00,최대부하,187,1,0.0,20.468,20.468,0.0,0.0,0.0
2026-10-04 17:15:00,최대부하,187,1,0.0,20.326,20.326,0.0,0.0,0.0
2026-10-04 17:30:00,최대부하,187,1,0.0,19.438,19.438,0.0,0.0,0.0
2026-10-04 17:45:00,최대부하,187,1,0.0,18.378,18.378,0.0,0.0,0.0
2026-10-04 18:00:00,최대부하,187,1,0.0,18.608,18.608,0.0,0.0,0.0
2026-10-04 18:15:00,최대부하,187,1,0.0,18.747,18.747,0.0,0.0,0.0
2026-10-04 18:30:00,최대부하,187,1,0.0,19.018,19.018,0.0,0.0,0.0
2026-10-04 18:45:00,최대부하,187,1,0.0,19.511,19.511,0.0,0.0,0.0
2026-10-04 19:00:00,최대부하,187,1,0.0,19.579,19.579,0.0,0.0,0.0
2026-10-04 19:15:00,최대부하,187,1,0.0,19.396,19.396,0.0,0.0,0.0
2026-10-04 19:30:00,최대부하,187,1,0.0,19.217,19.217,0.0,0.0,0.0
2026-10-04 19:45:00,최대부하,187,1,0.0,19.61,19.61,0.0,0.0,0.0
2026-10-04 20:00:00,중간부하,119,0,0.0,19.327,19.327,0.0,0.0,0.0
2026-10-04 20:15:00,중간부하,119,0,0.0,19.314,19.314,0.0,0.0,0.0
2026-10-04 20:30:00,중간부하,119,0,0.0,19.325,19.325,0.0,0.0,0.0
2026-10-04 20:45:00,중간부하,119,0,0.0,16.784,16.784,0.0,0.0,0.0
2026-10-04 21:00:00,중간부하,119,0,0.0,16.109,16.109,0.0,0.0,0.0
2026-10-04 21:15:00,중간부하,119,0,0.0,15.985,15.985,0.0,0.0,0.0
2026-10-04 21:30:00,중간부하,119,0,0.0,15.941,15.941,0.0,0.0,0.0
2026-10-04 21:45:00,중간부하,119,0,0.0,15.938,15.938,0.0,0.0,0.0
2026-10-04 22:00:00,경부하,76,0,0.0,15.539,15.539,0.0,0.0,0.0
2026-10-04 22:15:00,경부하,76,0,0.0,13.565,13.565,0.0,0.0,0.0
2026-10-04 22:30:00,경부하,76,0,0.0,12.806,12.806,0.0,0.0,0.0
2026-10-04 22:45:00,경부하,76,0,0.0,13.003,13.003,0.0,0.0,0.0
2026-10-04 23:00:00,경부하,76,0,0.0,12.68,12.68,0.0,0.0,0.0
2026-10-04 23:15:00,경부하,76,0,0.0,12.646,12.646,0.0,0.0,0.0
2026-10-04 23:30:00,경부하,76,0,0.0,12.673,12.673,0.0,0.0,0.0
2026-10-04 23:45:00,경부하,76,0,0.0,12.833,12.833,0.0,0.0,0.0
2026-10-05 00:00:00,경부하,90,0,0.0,12.85,12.85,0.0,0.0,0.0
2026-10-05 00:15:00,경부하,90,0,0.0,12.956,12.956,0.0,0.0,0.0
2026-10-05 00:30:00,경부하,90,0,0.0,13.035,13.035,0.0,0.0,0.0
2026-10-05 00:45:00,경부하,90,0,0.0,13.085,13.085,0.0,0.0,0.0
2026-10-05 01:00:00,경부하,90,0,0.0,12.997,12.997,0.0,0.0,0.0
2026-10-05 01:15:00,경부하,90,0,0.0,12.794,12.794,0.0,0.0,0.0
2026-10-05 01:30:00,경부하,90,0,0.0,13.008,13.008,0.0,0.0,0.0
2026-10-05 01:45:00,경부하,90,0,0.0,12.882,12.882,0.0,0.0,0.0
2026-10-05 02:00:00,경부하,90,0,0.0,12.63,12.63,0.0,0.0,0.0
2026-10-05 02:15:00,경부하,90,0,0.0,12.98,12.98,0.0,0.0,0.0
2026-10-05 02:30:00,경부하,90,0,0.0,13.34,13.34,0.0,0.0,0.0
2026-10-05 02:45:00,경부하,90,0,0.0,12.99,12.99,0.0,0.0,0.0
2026-10-05 03:00:00,경부하,90,0,0.0,12.848,12.848,0.0,0.0,0.0
2026-10-05 03:15:00,경부하,90,0,0.0,12.751,12.751,0.0,0.0,0.0
2026-10-05 03:30:00,경부하,90,0,0.0,12.724,12.724,0.0,0.0,0.0
2026-10-05 03:45:00,경부하,90,0,0.0,12.756,12.756,0.0,0.0,0.0
2026-10-05 04:00:00,경부하,90,0,0.0,12.845,12.845,0.0,0.0,0.0
2026-10-05 04:15:00,경부하,90,0,0.0,12.782,12.782,0.0,0.0,0.0
2026-10-05 04:30:00,경부하,90,0,0.0,12.925,12.925,0.0,0.0,0.0
2026-10-05 04:45:00,경부하,90,0,0.0,12.878,12.878,0.0,0.0,0.0
2026-10-05 05:00:00,경부하,90,0,0.0,12.779,12.779,0.0,0.0,0.0
2026-10-05 05:15:00,경부하,90,0,0.0,12.618,12.618,0.0,0.0,0.0
2026-10-05 05:30:00,경부하,90,0,0.0,12.798,12.798,0.0,0.0,0.0
2026-10-05 05:45:00,경부하,90,0,0.0,12.466,12.466,0.0,0.0,0.0
2026-10-05 06:00:00,경부하,90,0,0.0,12.367,12.367,0.0,0.0,0.0
2026-10-05 06:15:00,경부하,90,0,0.0,12.623,12.623,0.0,0.0,0.0
2026-10-05 06:30:00,경부하,90,0,0.0,12.895,12.895,0.0,0.0,0.0
2026-10-05 06:45:00,경부하,90,0,0.0,12.731,12.731,0.0,0.0,0.0
2026-10-05 07:00:00,경부하,90,0,0.0,13.008,13.008,0.0,0.0,0.0
2026-10-05 07:15:00,경부하,90,0,0.0,15.638,15.638,0.0,0.0,0.0
2026-10-05 07:30:00,경부하,90,0,0.0,17.853,17.853,0.0,0.0,0.0
2026-10-05 07:45:00,경부하,90,0,0.0,20.112,20.112,0.0,0.0,0.0
2026-10-05 08:00:00,중간부하,140,0,0.0,114.752,114.752,0.0,0.0,0.0
2026-10-05 08:15:00,중간부하,140,0,0.0,251.374,251.374,0.0,0.0,0.0
2026-10-05 08:30:00,중간부하,140,0,0.0,265.695,265.695,0.0,0.0,0.0
2026-10-05 08:45:00,중간부하,140,0,0.0,276.251,276.251,0.0,0.0,0.0
2026-10-05 09:00:00,중간부하,140,0,0.0,280.412,280.412,0.0,0.0,0.0
2026-10-05 09:15:00,중간부하,140,0,0.0,266.788,266.788,0.0,0.0,0.0
2026-10-05 09:30:00,중간부하,140,0,0.0,285.483,285.483,0.0,0.0,0.0
2026-10-05 09:45:00,중간부하,140,0,0.0,277.985,277.985,0.0,0.0,0.0
2026-10-05 10:00:00,최대부하,220,1,0.0,259.021,259.021,0.0,0.0,0.0
2026-10-05 10:15:00,최대부하,220,1,0.0,269.785,269.785,0.0,0.0,0.0
2026-10-05 10:30:00,최대부하,220,1,0.0,263.931,263.931,0.0,0.0,0.0
2026-10-05 10:45:00,최대부하,220,1,0.0,271.781,271.781,0.0,0.0,0.0
2026-10-05 11:00:00,최대부하,220,1,0.0,284.783,284.783,0.0,0.0,0.0
2026-10-05 11:15:00,최대부하,220,1,0.0,271.371,271.371,0.0,0.0,0.0
2026-10-05 11:30:00,최대부하,220,1,0.0,278.232,278.232,0.0,0.0,0.0
2026-10-05 11:45:00,최대부하,220,1,0.0,252.95,252.95,0.0,0.0,0.0
2026-10-05 12:00:00,중간부하,140,0,0.0,43.005,43.005,0.0,0.0,0.0
2026-10-05 12:15:00,중간부하,140,0,0.0,28.669,28.669,0.0,0.0,0.0
2026-10-05 12:30:00,중간부하,140,0,0.0,27.18,27.18,0.0,0.0,0.0
2026-10-05 12:45:00,중간부하,140,0,0.0,27.192,27.192,0.0,0.0,0.0
2026-10-05 13:00:00,중간부하,140,0,0.0,189.26,189.26,0.0,0.0,0.0
2026-10-05 13:15:00,중간부하,140,0,0.0,278.242,278.242,0.0,0.0,0.0
2026-10-05 13:30:00,중간부하,140,0,0.0,289.083,289.083,0.0,0.0,0.0
2026-10-05 13:45:00,중간부하,140,0,0.0,283.115,283.115,0.0,0.0,0.0
2026-10-05 14:00:00,중간부하,140,0,0.0,280.602,280.602,0.0,0.0,0.0
2026-10-05 14:15:00,중간부하,140,0,0.0,281.37,281.37,0.0,0.0,0.0
2026-10-05 14:30:00,중간부하,140,0,0.0,269.744,269.744,0.0,0.0,0.0
2026-10-05 14:45:00,중간부하,140,0,0.0,265.072,265.072,0.0,0.0,0.0
2026-10-05 15:00:00,중간부하,140,0,0.0,267.761,267.761,0.0,0.0,0.0
2026-10-05 15:15:00,중간부하,140,0,0.0,261.191,261.191,0.0,0.0,0.0
2026-10-05 15:30:00,중간부하,140,0,0.0,274.968,274.968,0.0,0.0,0.0
2026-10-05 15:45:00,중간부하,140,0,0.0,276.381,276.381,0.0,0.0,0.0
2026-10-05 16:00:00,중간부하,140,0,0.0,265.951,265.951,0.0,0.0,0.0
2026-10-05 16:15:00,중간부하,140,0,0.0,262.306,262.306,0.0,0.0,0.0
2026-10-05 16:30:00,중간부하,140,0,0.0,274.065,274.065,0.0,0.0,0.0
2026-10-05 16:45:00,중간부하,140,0,0.0,275.57,275.57,0.0,0.0,0.0
2026-10-05 17:00:00,최대부하,220,1,0.0,256.761,256.761,0.0,0.0,0.0
2026-10-05 17:15:00,최대부하,220,1,0.0,251.72,251.72,0.0,0.0,0.0
2026-10-05 17:30:00,최대부하,220,1,0.0,144.286,144.286,0.0,0.0,0.0
2026-10-05 17:45:00,최대부하,220,1,0.0,128.107,128.107,0.0,0.0,0.0
2026-10-05 18:00:00,최대부하,220,1,0.0,165.557,165.557,0.0,0.0,0.0
2026-10-05 18:15:00,최대부하,220,1,0.0,207.442,207.442,0.0,0.0,0.0
2026-10-05 18:30:00,최대부하,220,1,0.0,218.337,218.337,0.0,0.0,0.0
2026-10-05 18:45:00,최대부하,220,1,0.0,210.851,210.851,0.0,0.0,0.0
2026-10-05 19:00:00,최대부하,220,1,0.0,209.525,209.525,0.0,0.0,0.0
2026-10-05 19:15:00,최대부하,220,1,0.0,221.882,221.882,0.0,0.0,0.0
2026-10-05 19:30:00,최대부하,220,1,0.0,222.524,222.524,0.0,0.0,0.0
2026-10-05 19:45:00,최대부하,220,1,0.0,220.453,220.453,0.0,0.0,0.0
2026-10-05 20:00:00,중간부하,140,0,0.0,223.052,223.052,0.0,0.0,0.0
2026-10-05 20:15:00,중간부하,140,0,0.0,214.365,214.365,0.0,0.0,0.0
2026-10-05 20:30:00,중간부하,140,0,0.0,191.101,191.101,0.0,0.0,0.0
2026-10-05 20:45:00,중간부하,140,0,0.0,132.022,132.022,0.0,0.0,0.0
2026-10-05 21:00:00,중간부하,140,0,0.0,57.185,57.185,0.0,0.0,0.0
2026-10-05 21:15:00,중간부하,140,0,0.0,44.256,44.256,0.0,0.0,0.0
2026-10-05 21:30:00,중간부하,140,0,0.0,44.252,44.252,0.0,0.0,0.0
2026-10-05 21:45:00,중간부하,140,0,0.0,44.954,44.954,0.0,0.0,0.0
2026-10-05 22:00:00,경부하,90,0,0.0,48.264,48.264,0.0,0.0,0.0
2026-10-05 22:15:00,경부하,90,0,0.0,38.911,38.911,0.0,0.0,0.0
2026-10-05 22:30:00,경부하,90,0,0.0,36.838,36.838,0.0,0.0,0.0
2026-10-05 22:45:00,경부하,90,0,0.0,34.514,34.514,0.0,0.0,0.0
2026-10-05 23:00:00,경부하,90,0,0.0,34.921,34.921,0.0,0.0,0.0
2026-10-05 23:15:00,경부하,90,0,0.0,36.772,36.772,0.0,0.0,0.0
2026-10-05 23:30:00,경부하,90,0,0.0,34.484,34.484,0.0,0.0,0.0
2026-10-05 23:45:00,경부하,90,0,0.0,36.675,36.675,0.0,0.0,0.0
2026-10-06 00:00:00,경부하,90,0,0.0,36.114,36.114,0.0,0.0,0.0
2026-10-06 00:15:00,경부하,90,0,0.0,39.337,39.337,0.0,0.0,0.0
2026-10-06 00:30:00,경부하,90,0,0.0,37.004,37.004,0.0,0.0,0.0
2026-10-06 00:45:00,경부하,90,0,0.0,41.599,41.599,0.0,0.0,0.0
2026-10-06 01:00:00,경부하,90,0,0.0,35.127,35.127,0.0,0.0,0.0
2026-10-06 01:15:00,경부하,90,0,0.0,24.466,24.466,0.0,0.0,0.0
2026-10-06 01:30:00,경부하,90,0,0.0,17.961,17.961,0.0,0.0,0.0
2026-10-06 01:45:00,경부하,90,0,0.0,17.045,17.045,0.0,0.0,0.0
2026-10-06 02:00:00,경부하,90,0,0.0,17.12,17.12,0.0,0.0,0.0
2026-10-06 02:15:00,경부하,90,0,0.0,17.022,17.022,0.0,0.0,0.0
2026-10-06 02:30:00,경부하,90,0,0.0,16.892,16.892,0.0,0.0,0.0
2026-10-06 02:45:00,경부하,90,0,0.0,16.721,16.721,0.0,0.0,0.0
2026-10-06 03:00:00,경부하,90,0,0.0,16.683,16.683,0.0,0.0,0.0
2026-10-06 03:15:00,경부하,90,0,0.0,16.655,16.655,0.0,0.0,0.0
2026-10-06 03:30:00,경부하,90,0,0.0,16.456,16.456,0.0,0.0,0.0
2026-10-06 03:45:00,경부하,90,0,0.0,16.764,16.764,0.0,0.0,0.0
2026-10-06 04:00:00,경부하,90,0,0.0,16.588,16.588,0.0,0.0,0.0
2026-10-06 04:15:00,경부하,90,0,0.0,16.348,16.348,0.0,0.0,0.0
2026-10-06 04:30:00,경부하,90,0,0.0,16.541,16.541,0.0,0.0,0.0
2026-10-06 04:45:00,경부하,90,0,0.0,16.217,16.217,0.0,0.0,0.0
2026-10-06 05:00:00,경부하,90,0,0.0,16.445,16.445,0.0,0.0,0.0
2026-10-06 05:15:00,경부하,90,0,0.0,16.532,16.532,0.0,0.0,0.0
2026-10-06 05:30:00,경부하,90,0,0.0,16.422,16.422,0.0,0.0,0.0
2026-10-06 05:45:00,경부하,90,0,0.0,16.698,16.698,0.0,0.0,0.0
2026-10-06 06:00:00,경부하,90,0,0.0,16.323,16.323,0.0,0.0,0.0
2026-10-06 06:15:00,경부하,90,0,0.0,16.122,16.122,0.0,0.0,0.0
2026-10-06 06:30:00,경부하,90,0,0.0,16.009,16.009,0.0,0.0,0.0
2026-10-06 06:45:00,경부하,90,0,0.0,15.721,15.721,0.0,0.0,0.0
2026-10-06 07:00:00,경부하,90,0,0.0,16.168,16.168,0.0,0.0,0.0
2026-10-06 07:15:00,경부하,90,0,0.0,18.227,18.227,0.0,0.0,0.0
2026-10-06 07:30:00,경부하,90,0,0.0,21.363,21.363,0.0,0.0,0.0
2026-10-06 07:45:00,경부하,90,0,0.0,29.263,29.263,0.0,0.0,0.0
2026-10-06 08:00:00,중간부하,140,0,0.0,151.495,151.495,0.0,0.0,0.0
2026-10-06 08:15:00,중간부하,140,0,0.0,243.643,243.643,0.0,0.0,0.0
2026-10-06 08:30:00,중간부하,140,0,0.0,265.412,265.412,0.0,0.0,0.0
2026-10-06 08:45:00,중간부하,140,0,0.0,290.912,290.912,0.0,0.0,0.0
2026-10-06 09:00:00,중간부하,140,0,0.0,279.681,279.681,0.0,0.0,0.0
2026-10-06 09:15:00,중간부하,140,0,0.0,283.746,283.746,0.0,0.0,0.0
2026-10-06 09:30:00,중간부하,140,0,0.0,279.415,279.415,0.0,0.0,0.0
2026-10-06 09:45:00,중간부하,140,0,0.0,272.546,272.546,0.0,0.0,0.0
2026-10-06 10:00:00,최대부하,220,1,0.0,265.441,265.441,0.0,0.0,0.0
2026-10-06 10:15:00,최대부하,220,1,0.0,261.782,261.782,0.0,0.0,0.0
2026-10-06 10:30:00,최대부하,220,1,0.0,275.664,275.664,0.0,0.0,0.0
2026-10-06 10:45:00,최대부하,220,1,0.0,266.892,266.892,0.0,0.0,0.0
2026-10-06 11:00:00,최대부하,220,1,0.0,287.107,287.107,0.0,0.0,0.0
2026-10-06 11:15:00,최대부하,220,1,0.0,284.135,284.135,0.0,0.0,0.0
2026-10-06 11:30:00,최대부하,220,1,0.0,276.332,276.332,0.0,0.0,0.0
2026-10-06 11:45:00,최대부하,220,1,0.0,273.556,273.556,0.0,0.0,0.0
2026-10-06 12:00:00,중간부하,140,0,0.0,46.767,46.767,0.0,0.0,0.0
2026-10-06 12:15:00,중간부하,140,0,0.0,27.72,27.72,0.0,0.0,0.0
2026-10-06 12:30:00,중간부하,140,0,0.0,26.774,26.774,0.0,0.0,0.0
2026-10-06 12:45:00,중간부하,140,0,0.0,27.928,27.928,0.0,0.0,0.0
2026-10-06 13:00:00,중간부하,140,0,0.0,182.489,182.489,0.0,0.0,0.0
2026-10-06 13:15:00,중간부하,140,0,0.0,285.736,285.736,0.0,0.0,0.0
2026-10-06 13:30:00,중간부하,140,0,0.0,286.145,286.145,0.0,0.0,0.0
2026-10-06 13:45:00,중간부하,140,0,0.0,279.957,279.957,0.0,0.0,0.0
2026-10-06 14:00:00,중간부하,140,0,0.0,264.714,264.714,0.0,0.0,0.0
2026-10-06 14:15:00,중간부하,140,0,0.0,274.39,274.39,0.0,0.0,0.0
2026-10-06 14:30:00,중간부하,140,0,0.0,268.019,268.019,0.0,0.0,0.0
2026-10-06 14:45:00,중간부하,140,0,0.0,270.076,270.076,0.0,0.0,0.0
2026-10-06 15:00:00,중간부하,140,0,0.0,262.217,262.217,0.0,0.0,0.0
2026-10-06 15:15:00,중간부하,140,0,0.0,268.865,268.865,0.0,0.0,0.0
2026-10-06 15:30:00,중간부하,140,0,0.0,285.578,285.578,0.0,0.0,0.0
2026-10-06 15:45:00,중간부하,140,0,0.0,277.58,277.58,0.0,0.0,0.0
2026-10-06 16:00:00,중간부하,140,0,0.0,278.23,278.23,0.0,0.0,0.0
2026-10-06 16:15:00,중간부하,140,0,0.0,276.398,276.398,0.0,0.0,0.0
2026-10-06 16:30:00,중간부하,140,0,0.0,285.036,285.036,0.0,0.0,0.0
2026-10-06 16:45:00,중간부하,140,0,0.0,281.371,281.371,0.0,0.0,0.0
2026-10-06 17:00:00,최대부하,220,1,0.0,269.065,269.065,0.0,0.0,0.0
2026-10-06 17:15:00,최대부하,220,1,0.0,257.127,257.127,0.0,0.0,0.0
2026-10-06 17:30:00,최대부하,220,1,0.0,158.167,158.167,0.0,0.0,0.0
2026-10-06 17:45:00,최대부하,220,1,0.0,133.933,133.933,0.0,0.0,0.0
2026-10-06 18:00:00,최대부하,220,1,0.0,173.995,173.995,0.0,0.0,0.0
2026-10-06 18:15:00,최대부하,220,1,0.0,228.677,228.677,0.0,0.0,0.0
2026-10-06 18:30:00,최대부하,220,1,0.0,221.255,221.255,0.0,0.0,0.0
2026-10-06 18:45:00,최대부하,220,1,0.0,225.055,225.055,0.0,0.0,0.0
2026-10-06 19:00:00,최대부하,220,1,0.0,215.646,215.646,0.0,0.0,0.0
2026-10-06 19:15:00,최대부하,220,1,0.0,224.292,224.292,0.0,0.0,0.0
2026-10-06 19:30:00,최대부하,220,1,0.0,224.765,224.765,0.0,0.0,0.0
2026-10-06 19:45:00,최대부하,220,1,0.0,220.343,220.343,0.0,0.0,0.0
2026-10-06 20:00:00,중간부하,140,0,0.0,217.295,217.295,0.0,0.0,0.0
2026-10-06 20:15:00,중간부하,140,0,0.0,232.438,232.438,0.0,0.0,0.0
2026-10-06 20:30:00,중간부하,140,0,0.0,202.0,202.0,0.0,0.0,0.0
2026-10-06 20:45:00,중간부하,140,0,0.0,123.442,123.442,0.0,0.0,0.0
2026-10-06 21:00:00,중간부하,140,0,0.0,54.756,54.756,0.0,0.0,0.0
2026-10-06 21:15:00,중간부하,140,0,0.0,47.072,47.072,0.0,0.0,0.0
2026-10-06 21:30:00,중간부하,140,0,0.0,44.078,44.078,0.0,0.0,0.0
2026-10-06 21:45:00,중간부하,140,0,0.0,40.455,40.455,0.0,0.0,0.0
2026-10-06 22:00:00,경부하,90,0,0.0,40.695,40.695,0.0,0.0,0.0
2026-10-06 22:15:00,경부하,90,0,0.0,44.449,44.449,0.0,0.0,0.0
2026-10-06 22:30:00,경부하,90,0,0.0,41.861,41.861,0.0,0.0,0.0
2026-10-06 22:45:00,경부하,90,0,0.0,41.546,41.546,0.0,0.0,0.0
2026-10-06 23:00:00,경부하,90,0,0.0,42.38,42.38,0.0,0.0,0.0
2026-10-06 23:15:00,경부하,90,0,0.0,40.47,40.47,0.0,0.0,0.0
2026-10-06 23:30:00,경부하,90,0,0.0,38.335,38.335,0.0,0.0,0.0
2026-10-06 23:45:00,경부하,90,0,0.0,38.911,38.911,0.0,0.0,0.0
2026-10-07 00:00:00,경부하,90,0,0.0,37.418,37.418,0.0,0.0,0.0
2026-10-07 00:15:00,경부하,90,0,0.0,40.035,40.035,0.0,0.0,0.0
2026-10-07 00:30:00,경부하,90,0,0.0,40.663,40.663,0.0,0.0,0.0
2026-10-07 00:45:00,경부하,90,0,0.0,40.911,40.911,0.0,0.0,0.0
2026-10-07 01:00:00,경부하,90,0,0.0,33.475,33.475,0.0,0.0,0.0
2026-10-07 01:15:00,경부하,90,0,0.0,22.947,22.947,0.0,0.0,0.0
2026-10-07 01:30:00,경부하,90,0,0.0,19.222,19.222,0.0,0.0,0.0
2026-10-07 01:45:00,경부하,90,0,0.0,18.318,18.318,0.0,0.0,0.0
2026-10-07 02:00:00,경부하,90,0,0.0,18.12,18.12,0.0,0.0,0.0
2026-10-07 02:15:00,경부하,90,0,0.0,18.145,18.145,0.0,0.0,0.0
2026-10-07 02:30:00,경부하,90,0,0.0,18.082,18.082,0.0,0.0,0.0
2026-10-07 02:45:00,경부하,90,0,0.0,17.741,17.741,0.0,0.0,0.0
2026-10-07 03:00:00,경부하,90,0,0.0,18.025,18.025,0.0,0.0,0.0
2026-10-07 03:15:00,경부하,90,0,0.0,18.775,18.775,0.0,0.0,0.0
2026-10-07 03:30:00,경부하,90,0,0.0,18.358,18.358,0.0,0.0,0.0
2026-10-07 03:45:00,경부하,90,0,0.0,17.994,17.994,0.0,0.0,0.0
2026-10-07 04:00:00,경부하,90,0,0.0,18.013,18.013,0.0,0.0,0.0
2026-10-07 04:15:00,경부하,90,0,0.0,17.742,17.742,0.0,0.0,0.0
2026-10-07 04:30:00,경부하,90,0,0.0,17.35,17.35,0.0,0.0,0.0
2026-10-07 04:45:00,경부하,90,0,0.0,17.128,17.128,0.0,0.0,0.0
2026-10-07 05:00:00,경부하,90,0,0.0,17.232,17.232,0.0,0.0,0.0
2026-10-07 05:15:00,경부하,90,0,0.0,17.455,17.455,0.0,0.0,0.0
2026-10-07 05:30:00,경부하,90,0,0.0,17.556,17.556,0.0,0.0,0.0
2026-10-07 05:45:00,경부하,90,0,0.0,17.41,17.41,0.0,0.0,0.0
2026-10-07 06:00:00,경부하,90,0,0.0,17.809,17.809,0.0,0.0,0.0
2026-10-07 06:15:00,경부하,90,0,0.0,17.996,17.996,0.0,0.0,0.0
2026-10-07 06:30:00,경부하,90,0,0.0,17.65,17.65,0.0,0.0,0.0
2026-10-07 06:45:00,경부하,90,0,0.0,17.578,17.578,0.0,0.0,0.0
2026-10-07 07:00:00,경부하,90,0,0.0,17.262,17.262,0.0,0.0,0.0
2026-10-07 07:15:00,경부하,90,0,0.0,19.424,19.424,0.0,0.0,0.0
2026-10-07 07:30:00,경부하,90,0,0.0,24.39,24.39,0.0,0.0,0.0
2026-10-07 07:45:00,경부하,90,0,0.0,31.34,31.34,0.0,0.0,0.0
2026-10-07 08:00:00,중간부하,140,0,0.0,159.069,159.069,0.0,0.0,0.0
2026-10-07 08:15:00,중간부하,140,0,0.0,269.942,269.942,0.0,0.0,0.0
2026-10-07 08:30:00,중간부하,140,0,0.0,284.293,284.293,0.0,0.0,0.0
2026-10-07 08:45:00,중간부하,140,0,0.0,276.33,276.33,0.0,0.0,0.0
2026-10-07 09:00:00,중간부하,140,0,0.0,279.042,279.042,0.0,0.0,0.0
2026-10-07 09:15:00,중간부하,140,0,0.0,286.857,286.857,0.0,0.0,0.0
2026-10-07 09:30:00,중간부하,140,0,0.0,272.74,272.74,0.0,0.0,0.0
2026-10-07 09:45:00,중간부하,140,0,0.0,269.892,269.892,0.0,0.0,0.0
2026-10-07 10:00:00,최대부하,220,1,0.0,256.118,256.118,0.0,0.0,0.0
2026-10-07 10:15:00,최대부하,220,1,0.0,267.085,267.085,0.0,0.0,0.0
2026-10-07 10:30:00,최대부하,220,1,0.0,265.439,265.439,0.0,0.0,0.0
2026-10-07 10:45:00,최대부하,220,1,0.0,295.369,295.369,0.0,0.0,0.0
2026-10-07 11:00:00,최대부하,220,1,0.0,291.302,291.302,0.0,0.0,0.0
2026-10-07 11:15:00,최대부하,220,1,0.0,284.038,284.038,0.0,0.0,0.0
2026-10-07 11:30:00,최대부하,220,1,0.0,266.75,266.75,0.0,0.0,0.0
2026-10-07 11:45:00,최대부하,220,1,0.0,244.678,244.678,0.0,0.0,0.0
2026-10-07 12:00:00,중간부하,140,0,0.0,40.369,40.369,0.0,0.0,0.0
2026-10-07 12:15:00,중간부하,140,0,0.0,27.647,27.647,0.0,0.0,0.0
2026-10-07 12:30:00,중간부하,140,0,0.0,28.149,28.149,0.0,0.0,0.0
2026-10-07 12:45:00,중간부하,140,0,0.0,29.332,29.332,0.0,0.0,0.0
2026-10-07 13:00:00,중간부하,140,0,0.0,171.38,171.38,0.0,0.0,0.0
2026-10-07 13:15:00,중간부하,140,0,0.0,266.295,266.295,0.0,0.0,0.0
2026-10-07 13:30:00,중간부하,140,0,0.0,258.91,258.91,0.0,0.0,0.0
2026-10-07 13:45:00,중간부하,140,0,0.0,279.498,279.498,0.0,0.0,0.0
2026-10-07 14:00:00,중간부하,140,0,0.0,285.861,285.861,0.0,0.0,0.0
2026-10-07 14:15:00,중간부하,140,0,0.0,272.125,272.125,0.0,0.0,0.0
2026-10-07 14:30:00,중간부하,140,0,0.0,272.985,272.985,0.0,0.0,0.0
2026-10-07 14:45:00,중간부하,140,0,0.0,279.835,279.835,0.0,0.0,0.0
2026-10-07 15:00:00,중간부하,140,0,0.0,270.658,270.658,0.0,0.0,0.0
2026-10-07 15:15:00,중간부하,140,0,0.0,269.159,269.159,0.0,0.0,0.0
2026-10-07 15:30:00,중간부하,140,0,0.0,271.022,271.022,0.0,0.0,0.0
2026-10-07 15:45:00,중간부하,140,0,0.0,271.092,271.092,0.0,0.0,0.0
2026-10-07 16:00:00,중간부하,140,0,0.0,264.628,264.628,0.0,0.0,0.0
2026-10-07 16:15:00,중간부하,140,0,0.0,280.148,280.148,0.0,0.0,0.0
2026-10-07 16:30:00,중간부하,140,0,0.0,287.726,287.726,0.0,0.0,0.0
2026-10-07 16:45:00,중간부하,140,0,0.0,269.837,269.837,0.0,0.0,0.0
2026-10-07 17:00:00,최대부하,220,1,0.0,269.621,269.621,0.0,0.0,0.0
2026-10-07 17:15:00,최대부하,220,1,0.0,251.815,251.815,0.0,0.0,0.0
2026-10-07 17:30:00,최대부하,220,1,0.0,173.331,173.331,0.0,0.0,0.0
2026-10-07 17:45:00,최대부하,220,1,0.0,135.333,135.333,0.0,0.0,0.0
2026-10-07 18:00:00,최대부하,220,1,0.0,124.455,124.455,0.0,0.0,0.0
2026-10-07 18:15:00,최대부하,220,1,0.0,154.137,154.137,0.0,0.0,0.0
2026-10-07 18:30:00,최대부하,220,1,0.0,151.595,151.595,0.0,0.0,0.0
2026-10-07 18:45:00,최대부하,220,1,0.0,158.055,158.055,0.0,0.0,0.0
2026-10-07 19:00:00,최대부하,220,1,0.0,152.064,152.064,0.0,0.0,0.0
2026-10-07 19:15:00,최대부하,220,1,0.0,150.662,150.662,0.0,0.0,0.0
2026-10-07 19:30:00,최대부하,220,1,0.0,147.891,147.891,0.0,0.0,0.0
2026-10-07 19:45:00,최대부하,220,1,0.0,153.55,153.55,0.0,0.0,0.0
2026-10-07 20:00:00,중간부하,140,0,0.0,159.595,159.595,0.0,0.0,0.0
2026-10-07 20:15:00,중간부하,140,0,0.0,154.218,154.218,0.0,0.0,0.0
2026-10-07 20:30:00,중간부하,140,0,0.0,133.906,133.906,0.0,0.0,0.0
2026-10-07 20:45:00,중간부하,140,0,0.0,90.133,90.133,0.0,0.0,0.0
2026-10-07 21:00:00,중간부하,140,0,0.0,54.913,54.913,0.0,0.0,0.0
2026-10-07 21:15:00,중간부하,140,0,0.0,49.363,49.363,0.0,0.0,0.0
2026-10-07 21:30:00,중간부하,140,0,0.0,48.443,48.443,0.0,0.0,0.0
2026-10-07 21:45:00,중간부하,140,0,0.0,39.593,39.593,0.0,0.0,0.0
2026-10-07 22:00:00,경부하,90,0,0.0,34.38,34.38,0.0,0.0,0.0
2026-10-07 22:15:00,경부하,90,0,0.0,32.804,32.804,0.0,0.0,0.0
2026-10-07 22:30:00,경부하,90,0,0.0,31.518,31.518,0.0,0.0,0.0
2026-10-07 22:45:00,경부하,90,0,0.0,34.164,34.164,0.0,0.0,0.0
2026-10-07 23:00:00,경부하,90,0,0.0,33.887,33.887,0.0,0.0,0.0
2026-10-07 23:15:00,경부하,90,0,0.0,34.529,34.529,0.0,0.0,0.0
2026-10-07 23:30:00,경부하,90,0,0.0,33.838,33.838,0.0,0.0,0.0
2026-10-07 23:45:00,경부하,90,0,0.0,30.667,30.667,0.0,0.0,0.0
2026-10-08 00:00:00,경부하,90,0,0.0,33.367,33.367,0.0,0.0,0.0
2026-10-08 00:15:00,경부하,90,0,0.0,33.265,33.265,0.0,0.0,0.0
2026-10-08 00:30:00,경부하,90,0,0.0,31.42,31.42,0.0,0.0,0.0
2026-10-08 00:45:00,경부하,90,0,0.0,34.583,34.583,0.0,0.0,0.0
2026-10-08 01:00:00,경부하,90,0,0.0,30.894,30.894,0.0,0.0,0.0
2026-10-08 01:15:00,경부하,90,0,0.0,20.935,20.935,0.0,0.0,0.0
2026-10-08 01:30:00,경부하,90,0,0.0,18.714,18.714,0.0,0.0,0.0
2026-10-08 01:45:00,경부하,90,0,0.0,19.015,19.015,0.0,0.0,0.0
2026-10-08 02:00:00,경부하,90,0,0.0,19.253,19.253,0.0,0.0,0.0
2026-10-08 02:15:00,경부하,90,0,0.0,19.285,19.285,0.0,0.0,0.0
2026-10-08 02:30:00,경부하,90,0,0.0,18.778,18.778,0.0,0.0,0.0
2026-10-08 02:45:00,경부하,90,0,0.0,18.864,18.864,0.0,0.0,0.0
2026-10-08 03:00:00,경부하,90,0,0.0,19.052,19.052,0.0,0.0,0.0
2026-10-08 03:15:00,경부하,90,0,0.0,18.583,18.583,0.0,0.0,0.0
2026-10-08 03:30:00,경부하,90,0,0.0,18.577,18.577,0.0,0.0,0.0
2026-10-08 03:45:00,경부하,90,0,0.0,19.012,19.012,0.0,0.0,0.0
2026-10-08 04:00:00,경부하,90,0,0.0,19.283,19.283,0.0,0.0,0.0
2026-10-08 04:15:00,경부하,90,0,0.0,19.173,19.173,0.0,0.0,0.0
2026-10-08 04:30:00,경부하,90,0,0.0,18.645,18.645,0.0,0.0,0.0
2026-10-08 04:45:00,경부하,90,0,0.0,18.767,18.767,0.0,0.0,0.0
2026-10-08 05:00:00,경부하,90,0,0.0,18.808,18.808,0.0,0.0,0.0
2026-10-08 05:15:00,경부하,90,0,0.0,18.412,18.412,0.0,0.0,0.0
2026-10-08 05:30:00,경부하,90,0,0.0,18.757,18.757,0.0,0.0,0.0
2026-10-08 05:45:00,경부하,90,0,0.0,19.035,19.035,0.0,0.0,0.0
2026-10-08 06:00:00,경부하,90,0,0.0,18.143,18.143,0.0,0.0,0.0
2026-10-08 06:15:00,경부하,90,0,0.0,18.978,18.978,0.0,0.0,0.0
2026-10-08 06:30:00,경부하,90,0,0.0,18.828,18.828,0.0,0.0,0.0
2026-10-08 06:45:00,경부하,90,0,0.0,18.335,18.335,0.0,0.0,0.0
2026-10-08 07:00:00,경부하,90,0,0.0,18.24,18.24,0.0,0.0,0.0
2026-10-08 07:15:00,경부하,90,0,0.0,20.425,20.425,0.0,0.0,0.0
2026-10-08 07:30:00,경부하,90,0,0.0,23.757,23.757,0.0,0.0,0.0
2026-10-08 07:45:00,경부하,90,0,0.0,27.183,27.183,0.0,0.0,0.0
2026-10-08 08:00:00,중간부하,140,0,0.0,191.397,191.397,0.0,0.0,0.0
2026-10-08 08:15:00,중간부하,140,0,0.0,305.288,305.288,0.0,0.0,0.0
2026-10-08 08:30:00,중간부하,140,0,0.0,307.401,307.401,0.0,0.0,0.0
2026-10-08 08:45:00,중간부하,140,0,0.0,323.661,323.661,0.0,0.0,0.0
2026-10-08 09:00:00,중간부하,140,0,0.0,308.033,308.033,0.0,0.0,0.0
2026-10-08 09:15:00,중간부하,140,0,0.0,300.822,300.822,0.0,0.0,0.0
2026-10-08 09:30:00,중간부하,140,0,0.0,298.718,298.718,0.0,0.0,0.0
2026-10-08 09:45:00,중간부하,140,0,0.0,292.326,292.326,0.0,0.0,0.0
2026-10-08 10:00:00,최대부하,220,1,0.0,302.987,302.987,0.0,0.0,0.0
2026-10-08 10:15:00,최대부하,220,1,0.0,289.321,289.321,0.0,0.0,0.0
2026-10-08 10:30:00,최대부하,220,1,0.0,294.67,294.67,0.0,0.0,0.0
2026-10-08 10:45:00,최대부하,220,1,0.0,280.6,280.6,0.0,0.0,0.0
2026-10-08 11:00:00,최대부하,220,1,0.0,285.437,285.437,0.0,0.0,0.0
2026-10-08 11:15:00,최대부하,220,1,0.0,285.953,285.953,0.0,0.0,0.0
2026-10-08 11:30:00,최대부하,220,1,0.0,286.922,286.922,0.0,0.0,0.0
2026-10-08 11:45:00,최대부하,220,1,0.0,276.387,276.387,0.0,0.0,0.0
2026-10-08 12:00:00,중간부하,140,0,0.0,49.101,49.101,0.0,0.0,0.0
2026-10-08 12:15:00,중간부하,140,0,0.0,28.675,28.675,0.0,0.0,0.0
2026-10-08 12:30:00,중간부하,140,0,0.0,30.302,30.302,0.0,0.0,0.0
2026-10-08 12:45:00,중간부하,140,0,0.0,33.602,33.602,0.0,0.0,0.0
2026-10-08 13:00:00,중간부하,140,0,0.0,187.318,187.318,0.0,0.0,0.0
2026-10-08 13:15:00,중간부하,140,0,0.0,272.024,272.024,0.0,0.0,0.0
2026-10-08 13:30:00,중간부하,140,0,0.0,272.189,272.189,0.0,0.0,0.0
2026-10-08 13:45:00,중간부하,140,0,0.0,266.752,266.752,0.0,0.0,0.0
2026-10-08 14:00:00,중간부하,140,0,0.0,264.631,264.631,0.0,0.0,0.0
2026-10-08 14:15:00,중간부하,140,0,0.0,265.352,265.352,0.0,0.0,0.0
2026-10-08 14:30:00,중간부하,140,0,0.0,265.271,265.271,0.0,0.0,0.0
2026-10-08 14:45:00,중간부하,140,0,0.0,270.798,270.798,0.0,0.0,0.0
2026-10-08 15:00:00,중간부하,140,0,0.0,260.983,260.983,0.0,0.0,0.0
2026-10-08 15:15:00,중간부하,140,0,0.0,261.572,261.572,0.0,0.0,0.0
2026-10-08 15:30:00,중간부하,140,0,0.0,281.624,281.624,0.0,0.0,0.0
2026-10-08 15:45:00,중간부하,140,0,0.0,262.866,262.866,0.0,0.0,0.0
2026-10-08 16:00:00,중간부하,140,0,0.0,277.955,277.955,0.0,0.0,0.0
2026-10-08 16:15:00,중간부하,140,0,0.0,271.536,271.536,0.0,0.0,0.0
2026-10-08 16:30:00,중간부하,140,0,0.0,264.813,264.813,0.0,0.0,0.0
2026-10-08 16:45:00,중간부하,140,0,0.0,251.23,251.23,0.0,0.0,0.0
2026-10-08 17:00:00,최대부하,220,1,0.0,270.641,270.641,0.0,0.0,0.0
2026-10-08 17:15:00,최대부하,220,1,0.0,243.981,243.981,0.0,0.0,0.0
2026-10-08 17:30:00,최대부하,220,1,0.0,137.975,137.975,0.0,0.0,0.0
2026-10-08 17:45:00,최대부하,220,1,0.0,130.982,130.982,0.0,0.0,0.0
2026-10-08 18:00:00,최대부하,220,1,0.0,180.622,180.622,0.0,0.0,0.0
2026-10-08 18:15:00,최대부하,220,1,0.0,228.064,228.064,0.0,0.0,0.0
2026-10-08 18:30:00,최대부하,220,1,0.0,216.218,216.218,0.0,0.0,0.0
2026-10-08 18:45:00,최대부하,220,1,0.0,231.463,231.463,0.0,0.0,0.0
2026-10-08 19:00:00,최대부하,220,1,0.0,214.949,214.949,0.0,0.0,0.0
2026-10-08 19:15:00,최대부하,220,1,0.0,222.671,222.671,0.0,0.0,0.0
2026-10-08 19:30:00,최대부하,220,1,0.0,223.345,223.345,0.0,0.0,0.0
2026-10-08 19:45:00,최대부하,220,1,0.0,216.407,216.407,0.0,0.0,0.0
2026-10-08 20:00:00,중간부하,140,0,0.0,216.952,216.952,0.0,0.0,0.0
2026-10-08 20:15:00,중간부하,140,0,0.0,235.69,235.69,0.0,0.0,0.0
2026-10-08 20:30:00,중간부하,140,0,0.0,201.626,201.626,0.0,0.0,0.0
2026-10-08 20:45:00,중간부하,140,0,0.0,136.433,136.433,0.0,0.0,0.0
2026-10-08 21:00:00,중간부하,140,0,0.0,77.192,77.192,0.0,0.0,0.0
2026-10-08 21:15:00,중간부하,140,0,0.0,52.722,52.722,0.0,0.0,0.0
2026-10-08 21:30:00,중간부하,140,0,0.0,43.755,43.755,0.0,0.0,0.0
2026-10-08 21:45:00,중간부하,140,0,0.0,41.743,41.743,0.0,0.0,0.0
2026-10-08 22:00:00,경부하,90,0,0.0,39.685,39.685,0.0,0.0,0.0
2026-10-08 22:15:00,경부하,90,0,0.0,36.102,36.102,0.0,0.0,0.0
2026-10-08 22:30:00,경부하,90,0,0.0,39.482,39.482,0.0,0.0,0.0
2026-10-08 22:45:00,경부하,90,0,0.0,41.073,41.073,0.0,0.0,0.0
2026-10-08 23:00:00,경부하,90,0,0.0,35.87,35.87,0.0,0.0,0.0
2026-10-08 23:15:00,경부하,90,0,0.0,34.091,34.091,0.0,0.0,0.0
2026-10-08 23:30:00,경부하,90,0,0.0,36.598,36.598,0.0,0.0,0.0
2026-10-08 23:45:00,경부하,90,0,0.0,39.829,39.829,0.0,0.0,0.0
2026-10-09 00:00:00,경부하,90,0,0.0,30.361,30.361,0.0,0.0,0.0
2026-10-09 00:15:00,경부하,90,0,0.0,38.746,38.746,0.0,0.0,0.0
2026-10-09 00:30:00,경부하,90,0,0.0,35.905,35.905,0.0,0.0,0.0
2026-10-09 00:45:00,경부하,90,0,0.0,33.632,33.632,0.0,0.0,0.0
2026-10-09 01:00:00,경부하,90,0,0.0,24.041,24.041,0.0,0.0,0.0
2026-10-09 01:15:00,경부하,90,0,0.0,21.534,21.534,0.0,0.0,0.0
2026-10-09 01:30:00,경부하,90,0,0.0,20.223,20.223,0.0,0.0,0.0
2026-10-09 01:45:00,경부하,90,0,0.0,19.115,19.115,0.0,0.0,0.0
2026-10-09 02:00:00,경부하,90,0,0.0,22.425,22.425,0.0,0.0,0.0
2026-10-09 02:15:00,경부하,90,0,0.0,22.317,22.317,0.0,0.0,0.0
2026-10-09 02:30:00,경부하,90,0,0.0,20.325,20.325,0.0,0.0,0.0
2026-10-09 02:45:00,경부하,90,0,0.0,21.089,21.089,0.0,0.0,0.0
2026-10-09 03:00:00,경부하,90,0,0.0,20.312,20.312,0.0,0.0,0.0
2026-10-09 03:15:00,경부하,90,0,0.0,21.456,21.456,0.0,0.0,0.0
2026-10-09 03:30:00,경부하,90,0,0.0,19.235,19.235,0.0,0.0,0.0
2026-10-09 03:45:00,경부하,90,0,0.0,19.102,19.102,0.0,0.0,0.0
2026-10-09 04:00:00,경부하,90,0,0.0,19.117,19.117,0.0,0.0,0.0
2026-10-09 04:15:00,경부하,90,0,0.0,20.109,20.109,0.0,0.0,0.0
2026-10-09 04:30:00,경부하,90,0,0.0,18.887,18.887,0.0,0.0,0.0
2026-10-09 04:45:00,경부하,90,0,0.0,18.64,18.64,0.0,0.0,0.0
2026-10-09 05:00:00,경부하,90,0,0.0,18.962,18.962,0.0,0.0,0.0
2026-10-09 05:15:00,경부하,90,0,0.0,20.562,20.562,0.0,0.0,0.0
2026-10-09 05:30:00,경부하,90,0,0.0,21.922,21.922,0.0,0.0,0.0
2026-10-09 05:45:00,경부하,90,0,0.0,21.122,21.122,0.0,0.0,0.0
2026-10-09 06:00:00,경부하,90,0,0.0,21.338,21.338,0.0,0.0,0.0
2026-10-09 06:15:00,경부하,90,0,0.0,21.855,21.855,0.0,0.0,0.0
2026-10-09 06:30:00,경부하,90,0,0.0,20.911,20.911,0.0,0.0,0.0
2026-10-09 06:45:00,경부하,90,0,0.0,22.001,22.001,0.0,0.0,0.0
2026-10-09 07:00:00,경부하,90,0,0.0,21.557,21.557,0.0,0.0,0.0
2026-10-09 07:15:00,경부하,90,0,0.0,21.214,21.214,0.0,0.0,0.0
2026-10-09 07:30:00,경부하,90,0,0.0,26.972,26.972,0.0,0.0,0.0
2026-10-09 07:45:00,경부하,90,0,0.0,26.195,26.195,0.0,0.0,0.0
2026-10-09 08:00:00,중간부하,140,0,0.0,156.597,156.597,0.0,0.0,0.0
2026-10-09 08:15:00,중간부하,140,0,0.0,260.635,260.635,0.0,0.0,0.0
2026-10-09 08:30:00,중간부하,140,0,0.0,279.825,279.825,0.0,0.0,0.0
2026-10-09 08:45:00,중간부하,140,0,0.0,290.583,290.583,0.0,0.0,0.0
2026-10-09 09:00:00,중간부하,140,0,0.0,293.703,293.703,0.0,0.0,0.0
2026-10-09 09:15:00,중간부하,140,0,0.0,276.915,276.915,0.0,0.0,0.0
2026-10-09 09:30:00,중간부하,140,0,0.0,264.379,264.379,0.0,0.0,0.0
2026-10-09 09:45:00,중간부하,140,0,0.0,263.182,263.182,0.0,0.0,0.0
2026-10-09 10:00:00,최대부하,220,1,0.0,254.578,254.578,0.0,0.0,0.0
2026-10-09 10:15:00,최대부하,220,1,0.0,258.041,258.041,0.0,0.0,0.0
2026-10-09 10:30:00,최대부하,220,1,0.0,251.716,251.716,0.0,0.0,0.0
2026-10-09 10:45:00,최대부하,220,1,0.0,256.311,256.311,0.0,0.0,0.0
2026-10-09 11:00:00,최대부하,220,1,0.0,262.412,262.412,0.0,0.0,0.0
2026-10-09 11:15:00,최대부하,220,1,0.0,269.604,269.604,0.0,0.0,0.0
2026-10-09 11:30:00,최대부하,220,1,0.0,260.805,260.805,0.0,0.0,0.0
2026-10-09 11:45:00,최대부하,220,1,0.0,255.243,255.243,0.0,0.0,0.0
2026-10-09 12:00:00,중간부하,140,0,0.0,46.342,46.342,0.0,0.0,0.0
2026-10-09 12:15:00,중간부하,140,0,0.0,24.532,24.532,0.0,0.0,0.0
2026-10-09 12:30:00,중간부하,140,0,0.0,23.851,23.851,0.0,0.0,0.0
2026-10-09 12:45:00,중간부하,140,0,0.0,23.976,23.976,0.0,0.0,0.0
2026-10-09 13:00:00,중간부하,140,0,0.0,174.841,174.841,0.0,0.0,0.0
2026-10-09 13:15:00,중간부하,140,0,0.0,260.305,260.305,0.0,0.0,0.0
2026-10-09 13:30:00,중간부하,140,0,0.0,270.731,270.731,0.0,0.0,0.0
2026-10-09 13:45:00,중간부하,140,0,0.0,258.359,258.359,0.0,0.0,0.0
2026-10-09 14:00:00,중간부하,140,0,0.0,266.001,266.001,0.0,0.0,0.0
2026-10-09 14:15:00,중간부하,140,0,0.0,269.82,269.82,0.0,0.0,0.0
2026-10-09 14:30:00,중간부하,140,0,0.0,270.388,270.388,0.0,0.0,0.0
2026-10-09 14:45:00,중간부하,140,0,0.0,266.162,266.162,0.0,0.0,0.0
2026-10-09 15:00:00,중간부하,140,0,0.0,248.149,248.149,0.0,0.0,0.0
2026-10-09 15:15:00,중간부하,140,0,0.0,267.525,267.525,0.0,0.0,0.0
2026-10-09 15:30:00,중간부하,140,0,0.0,261.2,261.2,0.0,0.0,0.0
2026-10-09 15:45:00,중간부하,140,0,0.0,255.565,255.565,0.0,0.0,0.0
2026-10-09 16:00:00,중간부하,140,0,0.0,276.294,276.294,0.0,0.0,0.0
2026-10-09 16:15:00,중간부하,140,0,0.0,255.948,255.948,0.0,0.0,0.0
2026-10-09 16:30:00,중간부하,140,0,0.0,278.278,278.278,0.0,0.0,0.0
2026-10-09 16:45:00,중간부하,140,0,0.0,251.913,251.913,0.0,0.0,0.0
2026-10-09 17:00:00,최대부하,220,1,0.0,243.877,243.877,0.0,0.0,0.0
2026-10-09 17:15:00,최대부하,220,1,0.0,235.685,235.685,0.0,0.0,0.0
2026-10-09 17:30:00,최대부하,220,1,0.0,142.014,142.014,0.0,0.0,0.0
2026-10-09 17:45:00,최대부하,220,1,0.0,132.378,132.378,0.0,0.0,0.0
2026-10-09 18:00:00,최대부하,220,1,0.0,158.27,158.27,0.0,0.0,0.0
2026-10-09 18:15:00,최대부하,220,1,0.0,203.446,203.446,0.0,0.0,0.0
2026-10-09 18:30:00,최대부하,220,1,0.0,200.544,200.544,0.0,0.0,0.0
2026-10-09 18:45:00,최대부하,220,1,0.0,204.748,204.748,0.0,0.0,0.0
2026-10-09 19:00:00,최대부하,220,1,0.0,202.898,202.898,0.0,0.0,0.0
2026-10-09 19:15:00,최대부하,220,1,0.0,204.345,204.345,0.0,0.0,0.0
2026-10-09 19:30:00,최대부하,220,1,0.0,213.591,213.591,0.0,0.0,0.0
2026-10-09 19:45:00,최대부하,220,1,0.0,210.014,210.014,0.0,0.0,0.0
2026-10-09 20:00:00,중간부하,140,0,0.0,210.725,210.725,0.0,0.0,0.0
2026-10-09 20:15:00,중간부하,140,0,0.0,197.949,197.949,0.0,0.0,0.0
2026-10-09 20:30:00,중간부하,140,0,0.0,189.179,189.179,0.0,0.0,0.0
2026-10-09 20:45:00,중간부하,140,0,0.0,114.285,114.285,0.0,0.0,0.0
2026-10-09 21:00:00,중간부하,140,0,0.0,60.127,60.127,0.0,0.0,0.0
2026-10-09 21:15:00,중간부하,140,0,0.0,52.508,52.508,0.0,0.0,0.0
2026-10-09 21:30:00,중간부하,140,0,0.0,46.501,46.501,0.0,0.0,0.0
2026-10-09 21:45:00,중간부하,140,0,0.0,50.834,50.834,0.0,0.0,0.0
2026-10-09 22:00:00,경부하,90,0,0.0,45.177,45.177,0.0,0.0,0.0
2026-10-09 22:15:00,경부하,90,0,0.0,38.754,38.754,0.0,0.0,0.0
2026-10-09 22:30:00,경부하,90,0,0.0,47.296,47.296,0.0,0.0,0.0
2026-10-09 22:45:00,경부하,90,0,0.0,37.343,37.343,0.0,0.0,0.0
2026-10-09 23:00:00,경부하,90,0,0.0,38.762,38.762,0.0,0.0,0.0
2026-10-09 23:15:00,경부하,90,0,0.0,46.49,46.49,0.0,0.0,0.0
2026-10-09 23:30:00,경부하,90,0,0.0,40.772,40.772,0.0,0.0,0.0
2026-10-09 23:45:00,경부하,90,0,0.0,42.482,42.482,0.0,0.0,0.0
2026-10-10 00:00:00,경부하,76,0,0.0,43.126,43.126,0.0,0.0,0.0
2026-10-10 00:15:00,경부하,76,0,0.0,40.765,40.765,0.0,0.0,0.0
2026-10-10 00:30:00,경부하,76,0,0.0,38.779,38.779,0.0,0.0,0.0
2026-10-10 00:45:00,경부하,76,0,0.0,34.83,34.83,0.0,0.0,0.0
2026-10-10 01:00:00,경부하,76,0,0.0,35.279,35.279,0.0,0.0,0.0
2026-10-10 01:15:00,경부하,76,0,0.0,25.721,25.721,0.0,0.0,0.0
2026-10-10 01:30:00,경부하,76,0,0.0,23.928,23.928,0.0,0.0,0.0
2026-10-10 01:45:00,경부하,76,0,0.0,21.462,21.462,0.0,0.0,0.0
2026-10-10 02:00:00,경부하,76,0,0.0,18.222,18.222,0.0,0.0,0.0
2026-10-10 02:15:00,경부하,76,0,0.0,20.736,20.736,0.0,0.0,0.0
2026-10-10 02:30:00,경부하,76,0,0.0,20.572,20.572,0.0,0.0,0.0
2026-10-10 02:45:00,경부하,76,0,0.0,18.598,18.598,0.0,0.0,0.0
2026-10-10 03:00:00,경부하,76,0,0.0,19.308,19.308,0.0,0.0,0.0
2026-10-10 03:15:00,경부하,76,0,0.0,20.568,20.568,0.0,0.0,0.0
2026-10-10 03:30:00,경부하,76,0,0.0,18.908,18.908,0.0,0.0,0.0
2026-10-10 03:45:00,경부하,76,0,0.0,19.745,19.745,0.0,0.0,0.0
2026-10-10 04:00:00,경부하,76,0,0.0,20.234,20.234,0.0,0.0,0.0
2026-10-10 04:15:00,경부하,76,0,0.0,18.193,18.193,0.0,0.0,0.0
2026-10-10 04:30:00,경부하,76,0,0.0,20.502,20.502,0.0,0.0,0.0
2026-10-10 04:45:00,경부하,76,0,0.0,19.883,19.883,0.0,0.0,0.0
2026-10-10 05:00:00,경부하,76,0,0.0,18.612,18.612,0.0,0.0,0.0
2026-10-10 05:15:00,경부하,76,0,0.0,20.46,20.46,0.0,0.0,0.0
2026-10-10 05:30:00,경부하,76,0,0.0,18.132,18.132,0.0,0.0,0.0
2026-10-10 05:45:00,경부하,76,0,0.0,17.727,17.727,0.0,0.0,0.0
2026-10-10 06:00:00,경부하,76,0,0.0,20.401,20.401,0.0,0.0,0.0
2026-10-10 06:15:00,경부하,76,0,0.0,18.839,18.839,0.0,0.0,0.0
2026-10-10 06:30:00,경부하,76,0,0.0,18.765,18.765,0.0,0.0,0.0
2026-10-10 06:45:00,경부하,76,0,0.0,20.345,20.345,0.0,0.0,0.0
2026-10-10 07:00:00,경부하,76,0,0.0,17.589,17.589,0.0,0.0,0.0
2026-10-10 07:15:00,경부하,76,0,0.0,16.712,16.712,0.0,0.0,0.0
2026-10-10 07:30:00,경부하,76,0,0.0,17.474,17.474,0.0,0.0,0.0
2026-10-10 07:45:00,경부하,76,0,0.0,20.316,20.316,0.0,0.0,0.0
2026-10-10 08:00:00,중간부하,119,0,0.0,89.882,89.882,0.0,0.0,0.0
2026-10-10 08:15:00,중간부하,119,0,0.0,148.489,148.489,0.0,0.0,0.0
2026-10-10 08:30:00,중간부하,119,0,0.0,139.175,139.175,0.0,0.0,0.0
2026-10-10 08:45:00,중간부하,119,0,0.0,143.964,143.964,0.0,0.0,0.0
2026-10-10 09:00:00,중간부하,119,0,0.0,151.455,151.455,0.0,0.0,0.0
2026-10-10 09:15:00,중간부하,119,0,0.0,146.051,146.051,0.0,0.0,0.0
2026-10-10 09:30:00,중간부하,119,0,0.0,142.095,142.095,0.0,0.0,0.0
2026-10-10 09:45:00,중간부하,119,0,0.0,145.035,145.035,0.0,0.0,0.0
2026-10-10 10:00:00,최대부하,187,1,0.0,145.905,145.905,0.0,0.0,0.0
2026-10-10 10:15:00,최대부하,187,1,0.0,148.066,148.066,0.0,0.0,0.0
2026-10-10 10:30:00,최대부하,187,1,0.0,147.628,147.628,0.0,0.0,0.0
2026-10-10 10:45:00,최대부하,187,1,0.0,155.062,155.062,0.0,0.0,0.0
2026-10-10 11:00:00,최대부하,187,1,0.0,142.73,142.73,0.0,0.0,0.0
2026-10-10 11:15:00,최대부하,187,1,0.0,146.409,146.409,0.0,0.0,0.0
2026-10-10 11:30:00,최대부하,187,1,0.0,145.442,145.442,0.0,0.0,0.0
2026-10-10 11:45:00,최대부하,187,1,0.0,106.313,106.313,0.0,0.0,0.0
2026-10-10 12:00:00,중간부하,119,0,0.0,25.505,25.505,0.0,0.0,0.0
2026-10-10 12:15:00,중간부하,119,0,0.0,20.312,20.312,0.0,0.0,0.0
2026-10-10 12:30:00,중간부하,119,0,0.0,20.444,20.444,0.0,0.0,0.0
2026-10-10 12:45:00,중간부하,119,0,0.0,20.73,20.73,0.0,0.0,0.0
2026-10-10 13:00:00,중간부하,119,0,0.0,74.014,74.014,0.0,0.0,0.0
2026-10-10 13:15:00,중간부하,119,0,0.0,151.325,151.325,0.0,0.0,0.0
2026-10-10 13:30:00,중간부하,119,0,0.0,151.055,151.055,0.0,0.0,0.0
2026-10-10 13:45:00,중간부하,119,0,0.0,154.525,154.525,0.0,0.0,0.0
2026-10-10 14:00:00,중간부하,119,0,0.0,145.119,145.119,0.0,0.0,0.0
2026-10-10 14:15:00,중간부하,119,0,0.0,154.367,154.367,0.0,0.0,0.0
2026-10-10 14:30:00,중간부하,119,0,0.0,151.035,151.035,0.0,0.0,0.0
2026-10-10 14:45:00,중간부하,119,0,0.0,158.344,158.344,0.0,0.0,0.0
2026-10-10 15:00:00,중간부하,119,0,0.0,153.372,153.372,0.0,0.0,0.0
2026-10-10 15:15:00,중간부하,119,0,0.0,156.283,156.283,0.0,0.0,0.0
2026-10-10 15:30:00,중간부하,119,0,0.0,163.725,163.725,0.0,0.0,0.0
2026-10-10 15:45:00,중간부하,119,0,0.0,146.872,146.872,0.0,0.0,0.0
2026-10-10 16:00:00,중간부하,119,0,0.0,153.275,153.275,0.0,0.0,0.0
2026-10-10 16:15:00,중간부하,119,0,0.0,148.156,148.156,0.0,0.0,0.0
2026-10-10 16:30:00,중간부하,119,0,0.0,140.021,140.021,0.0,0.0,0.0
2026-10-10 16:45:00,중간부하,119,0,0.0,75.312,75.312,0.0,0.0,0.0
2026-10-10 17:00:00,최대부하,187,1,0.0,38.946,38.946,0.0,0.0,0.0
2026-10-10 17:15:00,최대부하,187,1,0.0,35.028,35.028,0.0,0.0,0.0
2026-10-10 17:30:00,최대부하,187,1,0.0,33.513,33.513,0.0,0.0,0.0
2026-10-10 17:45:00,최대부하,187,1,0.0,34.641,34.641,0.0,0.0,0.0
2026-10-10 18:00:00,최대부하,187,1,0.0,31.698,31.698,0.0,0.0,0.0
2026-10-10 18:15:00,최대부하,187,1,0.0,31.564,31.564,0.0,0.0,0.0
2026-10-10 18:30:00,최대부하,187,1,0.0,28.671,28.671,0.0,0.0,0.0
2026-10-10 18:45:00,최대부하,187,1,0.0,31.088,31.088,0.0,0.0,0.0
2026-10-10 19:00:00,최대부하,187,1,0.0,28.996,28.996,0.0,0.0,0.0
2026-10-10 19:15:00,최대부하,187,1,0.0,26.009,26.009,0.0,0.0,0.0
2026-10-10 19:30:00,최대부하,187,1,0.0,29.461,29.461,0.0,0.0,0.0
2026-10-10 19:45:00,최대부하,187,1,0.0,29.867,29.867,0.0,0.0,0.0
2026-10-10 20:00:00,중간부하,119,0,0.0,29.556,29.556,0.0,0.0,0.0
2026-10-10 20:15:00,중간부하,119,0,0.0,28.473,28.473,0.0,0.0,0.0
2026-10-10 20:30:00,중간부하,119,0,0.0,26.323,26.323,0.0,0.0,0.0
2026-10-10 20:45:00,중간부하,119,0,0.0,25.864,25.864,0.0,0.0,0.0
2026-10-10 21:00:00,중간부하,119,0,0.0,26.016,26.016,0.0,0.0,0.0
2026-10-10 21:15:00,중간부하,119,0,0.0,25.37,25.37,0.0,0.0,0.0
2026-10-10 21:30:00,중간부하,119,0,0.0,26.457,26.457,0.0,0.0,0.0
2026-10-10 21:45:00,중간부하,119,0,0.0,23.398,23.398,0.0,0.0,0.0
2026-10-10 22:00:00,경부하,76,0,0.0,25.642,25.642,0.0,0.0,0.0
2026-10-10 22:15:00,경부하,76,0,0.0,24.288,24.288,0.0,0.0,0.0
2026-10-10 22:30:00,경부하,76,0,0.0,24.244,24.244,0.0,0.0,0.0
2026-10-10 22:45:00,경부하,76,0,0.0,23.669,23.669,0.0,0.0,0.0
2026-10-10 23:00:00,경부하,76,0,0.0,23.612,23.612,0.0,0.0,0.0
2026-10-10 23:15:00,경부하,76,0,0.0,23.451,23.451,0.0,0.0,0.0
2026-10-10 23:30:00,경부하,76,0,0.0,22.961,22.961,0.0,0.0,0.0
2026-10-10 23:45:00,경부하,76,0,0.0,21.873,21.873,0.0,0.0,0.0
2026-10-11 00:00:00,경부하,76,0,0.0,22.248,22.248,0.0,0.0,0.0
2026-10-11 00:15:00,경부하,76,0,0.0,21.832,21.832,0.0,0.0,0.0
2026-10-11 00:30:00,경부하,76,0,0.0,19.921,19.921,0.0,0.0,0.0
2026-10-11 00:45:00,경부하,76,0,0.0,20.232,20.232,0.0,0.0,0.0
2026-10-11 01:00:00,경부하,76,0,0.0,17.288,17.288,0.0,0.0,0.0
2026-10-11 01:15:00,경부하,76,0,0.0,15.905,15.905,0.0,0.0,0.0
2026-10-11 01:30:00,경부하,76,0,0.0,15.657,15.657,0.0,0.0,0.0
2026-10-11 01:45:00,경부하,76,0,0.0,15.828,15.828,0.0,0.0,0.0
2026-10-11 02:00:00,경부하,76,0,0.0,15.318,15.318,0.0,0.0,0.0
2026-10-11 02:15:00,경부하,76,0,0.0,15.278,15.278,0.0,0.0,0.0
2026-10-11 02:30:00,경부하,76,0,0.0,15.838,15.838,0.0,0.0,0.0
2026-10-11 02:45:00,경부하,76,0,0.0,15.985,15.985,0.0,0.0,0.0
2026-10-11 03:00:00,경부하,76,0,0.0,15.722,15.722,0.0,0.0,0.0
2026-10-11 03:15:00,경부하,76,0,0.0,15.743,15.743,0.0,0.0,0.0
2026-10-11 03:30:00,경부하,76,0,0.0,15.731,15.731,0.0,0.0,0.0
2026-10-11 03:45:00,경부하,76,0,0.0,15.575,15.575,0.0,0.0,0.0
2026-10-11 04:00:00,경부하,76,0,0.0,15.706,15.706,0.0,0.0,0.0
2026-10-11 04:15:00,경부하,76,0,0.0,15.354,15.354,0.0,0.0,0.0
2026-10-11 04:30:00,경부하,76,0,0.0,15.713,15.713,0.0,0.0,0.0
2026-10-11 04:45:00,경부하,76,0,0.0,15.895,15.895,0.0,0.0,0.0
2026-10-11 05:00:00,경부하,76,0,0.0,15.068,15.068,0.0,0.0,0.0
2026-10-11 05:15:00,경부하,76,0,0.0,14.018,14.018,0.0,0.0,0.0
2026-10-11 05:30:00,경부하,76,0,0.0,12.866,12.866,0.0,0.0,0.0
2026-10-11 05:45:00,경부하,76,0,0.0,12.792,12.792,0.0,0.0,0.0
2026-10-11 06:00:00,경부하,76,0,0.0,12.713,12.713,0.0,0.0,0.0
2026-10-11 06:15:00,경부하,76,0,0.0,12.64,12.64,0.0,0.0,0.0
2026-10-11 06:30:00,경부하,76,0,0.0,12.932,12.932,0.0,0.0,0.0
2026-10-11 06:45:00,경부하,76,0,0.0,12.771,12.771,0.0,0.0,0.0
2026-10-11 07:00:00,경부하,76,0,0.0,12.516,12.516,0.0,0.0,0.0
2026-10-11 07:15:00,경부하,76,0,0.0,12.54,12.54,0.0,0.0,0.0
2026-10-11 07:30:00,경부하,76,0,0.0,12.668,12.668,0.0,0.0,0.0
2026-10-11 07:45:00,경부하,76,0,0.0,14.532,14.532,0.0,0.0,0.0
2026-10-11 08:00:00,중간부하,119,0,0.0,42.572,42.572,0.0,0.0,0.0
2026-10-11 08:15:00,중간부하,119,0,0.0,65.489,65.489,0.0,0.0,0.0
2026-10-11 08:30:00,중간부하,119,0,0.0,60.635,60.635,0.0,0.0,0.0
2026-10-11 08:45:00,중간부하,119,0,0.0,65.008,65.008,0.0,0.0,0.0
2026-10-11 09:00:00,중간부하,119,0,0.0,60.27,60.27,0.0,0.0,0.0
2026-10-11 09:15:00,중간부하,119,0,0.0,63.161,63.161,0.0,0.0,0.0
2026-10-11 09:30:00,중간부하,119,0,0.0,68.01,68.01,0.0,0.0,0.0
2026-10-11 09:45:00,중간부하,119,0,0.0,62.445,62.445,0.0,0.0,0.0
2026-10-11 10:00:00,최대부하,187,1,0.0,64.752,64.752,0.0,0.0,0.0
2026-10-11 10:15:00,최대부하,187,1,0.0,64.89,64.89,0.0,0.0,0.0
2026-10-11 10:30:00,최대부하,187,1,0.0,64.339,64.339,0.0,0.0,0.0
2026-10-11 10:45:00,최대부하,187,1,0.0,62.242,62.242,0.0,0.0,0.0
2026-10-11 11:00:00,최대부하,187,1,0.0,66.597,66.597,0.0,0.0,0.0
2026-10-11 11:15:00,최대부하,187,1,0.0,62.407,62.407,0.0,0.0,0.0
2026-10-11 11:30:00,최대부하,187,1,0.0,64.188,64.188,0.0,0.0,0.0
2026-10-11 11:45:00,최대부하,187,1,0.0,41.472,41.472,0.0,0.0,0.0
2026-10-11 12:00:00,중간부하,119,0,0.0,16.96,16.96,0.0,0.0,0.0
2026-10-11 12:15:00,중간부하,119,0,0.0,16.848,16.848,0.0,0.0,0.0
2026-10-11 12:30:00,중간부하,119,0,0.0,16.795,16.795,0.0,0.0,0.0
2026-10-11 12:45:00,중간부하,119,0,0.0,16.46,16.46,0.0,0.0,0.0
2026-10-11 13:00:00,중간부하,119,0,0.0,37.534,37.534,0.0,0.0,0.0
2026-10-11 13:15:00,중간부하,119,0,0.0,67.28,67.28,0.0,0.0,0.0
2026-10-11 13:30:00,중간부하,119,0,0.0,61.742,61.742,0.0,0.0,0.0
2026-10-11 13:45:00,중간부하,119,0,0.0,62.418,62.418,0.0,0.0,0.0
2026-10-11 14:00:00,중간부하,119,0,0.0,59.25,59.25,0.0,0.0,0.0
2026-10-11 14:15:00,중간부하,119,0,0.0,59.904,59.904,0.0,0.0,0.0
2026-10-11 14:30:00,중간부하,119,0,0.0,59.657,59.657,0.0,0.0,0.0
2026-10-11 14:45:00,중간부하,119,0,0.0,58.42,58.42,0.0,0.0,0.0
2026-10-11 15:00:00,중간부하,119,0,0.0,57.632,57.632,0.0,0.0,0.0
2026-10-11 15:15:00,중간부하,119,0,0.0,57.97,57.97,0.0,0.0,0.0
2026-10-11 15:30:00,중간부하,119,0,0.0,57.804,57.804,0.0,0.0,0.0
2026-10-11 15:45:00,중간부하,119,0,0.0,57.182,57.182,0.0,0.0,0.0
2026-10-11 16:00:00,중간부하,119,0,0.0,57.992,57.992,0.0,0.0,0.0
2026-10-11 16:15:00,중간부하,119,0,0.0,52.412,52.412,0.0,0.0,0.0
2026-10-11 16:30:00,중간부하,119,0,0.0,47.272,47.272,0.0,0.0,0.0
2026-10-11 16:45:00,중간부하,119,0,0.0,25.923,25.923,0.0,0.0,0.0
2026-10-11 17:00:00,최대부하,187,1,0.0,20.468,20.468,0.0,0.0,0.0
2026-10-11 17:15:00,최대부하,187,1,0.0,20.326,20.326,0.0,0.0,0.0
2026-10-11 17:30:00,최대부하,187,1,0.0,19.438,19.438,0.0,0.0,0.0
2026-10-11 17:45:00,최대부하,187,1,0.0,18.378,18.378,0.0,0.0,0.0
2026-10-11 18:00:00,최대부하,187,1,0.0,18.608,18.608,0.0,0.0,0.0
2026-10-11 18:15:00,최대부하,187,1,0.0,18.747,18.747,0.0,0.0,0.0
2026-10-11 18:30:00,최대부하,187,1,0.0,19.018,19.018,0.0,0.0,0.0
2026-10-11 18:45:00,최대부하,187,1,0.0,19.511,19.511,0.0,0.0,0.0
2026-10-11 19:00:00,최대부하,187,1,0.0,19.579,19.579,0.0,0.0,0.0
2026-10-11 19:15:00,최대부하,187,1,0.0,19.396,19.396,0.0,0.0,0.0
2026-10-11 19:30:00,최대부하,187,1,0.0,19.217,19.217,0.0,0.0,0.0
2026-10-11 19:45:00,최대부하,187,1,0.0,19.61,19.61,0.0,0.0,0.0
2026-10-11 20:00:00,중간부하,119,0,0.0,19.327,19.327,0.0,0.0,0.0
2026-10-11 20:15:00,중간부하,119,0,0.0,19.314,19.314,0.0,0.0,0.0
2026-10-11 20:30:00,중간부하,119,0,0.0,19.325,19.325,0.0,0.0,0.0
2026-10-11 20:45:00,중간부하,119,0,0.0,16.784,16.784,0.0,0.0,0.0
2026-10-11 21:00:00,중간부하,119,0,0.0,16.109,16.109,0.0,0.0,0.0
2026-10-11 21:15:00,중간부하,119,0,0.0,15.985,15.985,0.0,0.0,0.0
2026-10-11 21:30:00,중간부하,119,0,0.0,15.941,15.941,0.0,0.0,0.0
2026-10-11 21:45:00,중간부하,119,0,0.0,15.938,15.938,0.0,0.0,0.0
2026-10-11 22:00:00,경부하,76,0,0.0,15.539,15.539,0.0,0.0,0.0
2026-10-11 22:15:00,경부하,76,0,0.0,13.565,13.565,0.0,0.0,0.0
2026-10-11 22:30:00,경부하,76,0,0.0,12.806,12.806,0.0,0.0,0.0
2026-10-11 22:45:00,경부하,76,0,0.0,13.003,13.003,0.0,0.0,0.0
2026-10-11 23:00:00,경부하,76,0,0.0,12.68,12.68,0.0,0.0,0.0
2026-10-11 23:15:00,경부하,76,0,0.0,12.646,12.646,0.0,0.0,0.0
2026-10-11 23:30:00,경부하,76,0,0.0,12.673,12.673,0.0,0.0,0.0
2026-10-11 23:45:00,경부하,76,0,0.0,12.833,12.833,0.0,0.0,0.0
2026-10-12 00:00:00,경부하,90,0,0.0,12.85,12.85,0.0,0.0,0.0
2026-10-12 00:15:00,경부하,90,0,0.0,12.956,12.956,0.0,0.0,0.0
2026-10-12 00:30:00,경부하,90,0,0.0,13.035,13.035,0.0,0.0,0.0
2026-10-12 00:45:00,경부하,90,0,0.0,13.085,13.085,0.0,0.0,0.0
2026-10-12 01:00:00,경부하,90,0,0.0,12.997,12.997,0.0,0.0,0.0
2026-10-12 01:15:00,경부하,90,0,0.0,12.794,12.794,0.0,0.0,0.0
2026-10-12 01:30:00,경부하,90,0,0.0,13.008,13.008,0.0,0.0,0.0
2026-10-12 01:45:00,경부하,90,0,0.0,12.882,12.882,0.0,0.0,0.0
2026-10-12 02:00:00,경부하,90,0,0.0,12.63,12.63,0.0,0.0,0.0
2026-10-12 02:15:00,경부하,90,0,0.0,12.98,12.98,0.0,0.0,0.0
2026-10-12 02:30:00,경부하,90,0,0.0,13.34,13.34,0.0,0.0,0.0
2026-10-12 02:45:00,경부하,90,0,0.0,12.99,12.99,0.0,0.0,0.0
2026-10-12 03:00:00,경부하,90,0,0.0,12.848,12.848,0.0,0.0,0.0
2026-10-12 03:15:00,경부하,90,0,0.0,12.751,12.751,0.0,0.0,0.0
2026-10-12 03:30:00,경부하,90,0,0.0,12.724,12.724,0.0,0.0,0.0
2026-10-12 03:45:00,경부하,90,0,0.0,12.756,12.756,0.0,0.0,0.0
2026-10-12 04:00:00,경부하,90,0,0.0,12.845,12.845,0.0,0.0,0.0
2026-10-12 04:15:00,경부하,90,0,0.0,12.782,12.782,0.0,0.0,0.0
2026-10-12 04:30:00,경부하,90,0,0.0,12.925,12.925,0.0,0.0,0.0
2026-10-12 04:45:00,경부하,90,0,0.0,12.878,12.878,0.0,0.0,0.0
2026-10-12 05:00:00,경부하,90,0,0.0,12.779,12.779,0.0,0.0,0.0
2026-10-12 05:15:00,경부하,90,0,0.0,12.618,12.618,0.0,0.0,0.0
2026-10-12 05:30:00,경부하,90,0,0.0,12.798,12.798,0.0,0.0,0.0
2026-10-12 05:45:00,경부하,90,0,0.0,12.466,12.466,0.0,0.0,0.0
2026-10-12 06:00:00,경부하,90,0,0.0,12.367,12.367,0.0,0.0,0.0
2026-10-12 06:15:00,경부하,90,0,0.0,12.623,12.623,0.0,0.0,0.0
2026-10-12 06:30:00,경부하,90,0,0.0,12.895,12.895,0.0,0.0,0.0
2026-10-12 06:45:00,경부하,90,0,0.0,12.731,12.731,0.0,0.0,0.0
2026-10-12 07:00:00,경부하,90,0,0.0,13.008,13.008,0.0,0.0,0.0
2026-10-12 07:15:00,경부하,90,0,0.0,15.638,15.638,0.0,0.0,0.0
2026-10-12 07:30:00,경부하,90,0,0.0,17.853,17.853,0.0,0.0,0.0
2026-10-12 07:45:00,경부하,90,0,0.0,20.112,20.112,0.0,0.0,0.0
2026-10-12 08:00:00,중간부하,140,0,0.0,114.752,114.752,0.0,0.0,0.0
2026-10-12 08:15:00,중간부하,140,0,0.0,251.374,251.374,0.0,0.0,0.0
2026-10-12 08:30:00,중간부하,140,0,0.0,265.695,265.695,0.0,0.0,0.0
2026-10-12 08:45:00,중간부하,140,0,0.0,276.251,276.251,0.0,0.0,0.0
2026-10-12 09:00:00,중간부하,140,0,0.0,280.412,280.412,0.0,0.0,0.0
2026-10-12 09:15:00,중간부하,140,0,0.0,266.788,266.788,0.0,0.0,0.0
2026-10-12 09:30:00,중간부하,140,0,0.0,285.483,285.483,0.0,0.0,0.0
2026-10-12 09:45:00,중간부하,140,0,0.0,277.985,277.985,0.0,0.0,0.0
2026-10-12 10:00:00,최대부하,220,1,0.0,259.021,259.021,0.0,0.0,0.0
2026-10-12 10:15:00,최대부하,220,1,0.0,269.785,269.785,0.0,0.0,0.0
2026-10-12 10:30:00,최대부하,220,1,0.0,263.931,263.931,0.0,0.0,0.0
2026-10-12 10:45:00,최대부하,220,1,0.0,271.781,271.781,0.0,0.0,0.0
2026-10-12 11:00:00,최대부하,220,1,0.0,284.783,284.783,0.0,0.0,0.0
2026-10-12 11:15:00,최대부하,220,1,0.0,271.371,271.371,0.0,0.0,0.0
2026-10-12 11:30:00,최대부하,220,1,0.0,278.232,278.232,0.0,0.0,0.0
2026-10-12 11:45:00,최대부하,220,1,0.0,252.95,252.95,0.0,0.0,0.0
2026-10-12 12:00:00,중간부하,140,0,0.0,43.005,43.005,0.0,0.0,0.0
2026-10-12 12:15:00,중간부하,140,0,0.0,28.669,28.669,0.0,0.0,0.0
2026-10-12 12:30:00,중간부하,140,0,0.0,27.18,27.18,0.0,0.0,0.0
2026-10-12 12:45:00,중간부하,140,0,0.0,27.192,27.192,0.0,0.0,0.0
2026-10-12 13:00:00,중간부하,140,0,0.0,189.26,189.26,0.0,0.0,0.0
2026-10-12 13:15:00,중간부하,140,0,0.0,278.242,278.242,0.0,0.0,0.0
2026-10-12 13:30:00,중간부하,140,0,0.0,289.083,289.083,0.0,0.0,0.0
2026-10-12 13:45:00,중간부하,140,0,0.0,283.115,283.115,0.0,0.0,0.0
2026-10-12 14:00:00,중간부하,140,0,0.0,280.602,280.602,0.0,0.0,0.0
2026-10-12 14:15:00,중간부하,140,0,0.0,281.37,281.37,0.0,0.0,0.0
2026-10-12 14:30:00,중간부하,140,0,0.0,269.744,269.744,0.0,0.0,0.0
2026-10-12 14:45:00,중간부하,140,0,0.0,265.072,265.072,0.0,0.0,0.0
2026-10-12 15:00:00,중간부하,140,0,0.0,267.761,267.761,0.0,0.0,0.0
2026-10-12 15:15:00,중간부하,140,0,0.0,261.191,261.191,0.0,0.0,0.0
2026-10-12 15:30:00,중간부하,140,0,0.0,274.968,274.968,0.0,0.0,0.0
2026-10-12 15:45:00,중간부하,140,0,0.0,276.381,276.381,0.0,0.0,0.0
2026-10-12 16:00:00,중간부하,140,0,0.0,265.951,265.951,0.0,0.0,0.0
2026-10-12 16:15:00,중간부하,140,0,0.0,262.306,262.306,0.0,0.0,0.0
2026-10-12 16:30:00,중간부하,140,0,0.0,274.065,274.065,0.0,0.0,0.0
2026-10-12 16:45:00,중간부하,140,0,0.0,275.57,275.57,0.0,0.0,0.0
2026-10-12 17:00:00,최대부하,220,1,0.0,256.761,256.761,0.0,0.0,0.0
2026-10-12 17:15:00,최대부하,220,1,0.0,251.72,251.72,0.0,0.0,0.0
2026-10-12 17:30:00,최대부하,220,1,0.0,144.286,144.286,0.0,0.0,0.0
2026-10-12 17:45:00,최대부하,220,1,0.0,128.107,128.107,0.0,0.0,0.0
2026-10-12 18:00:00,최대부하,220,1,0.0,165.557,165.557,0.0,0.0,0.0
2026-10-12 18:15:00,최대부하,220,1,0.0,207.442,207.442,0.0,0.0,0.0
2026-10-12 18:30:00,최대부하,220,1,0.0,218.337,218.337,0.0,0.0,0.0
2026-10-12 18:45:00,최대부하,220,1,0.0,210.851,210.851,0.0,0.0,0.0
2026-10-12 19:00:00,최대부하,220,1,0.0,209.525,209.525,0.0,0.0,0.0
2026-10-12 19:15:00,최대부하,220,1,0.0,221.882,221.882,0.0,0.0,0.0
2026-10-12 19:30:00,최대부하,220,1,0.0,222.524,222.524,0.0,0.0,0.0
2026-10-12 19:45:00,최대부하,220,1,0.0,220.453,220.453,0.0,0.0,0.0
2026-10-12 20:00:00,중간부하,140,0,0.0,223.052,223.052,0.0,0.0,0.0
2026-10-12 20:15:00,중간부하,140,0,0.0,214.365,214.365,0.0,0.0,0.0
2026-10-12 20:30:00,중간부하,140,0,0.0,191.101,191.101,0.0,0.0,0.0
2026-10-12 20:45:00,중간부하,140,0,0.0,132.022,132.022,0.0,0.0,0.0
2026-10-12 21:00:00,중간부하,140,0,0.0,57.185,57.185,0.0,0.0,0.0
2026-10-12 21:15:00,중간부하,140,0,0.0,44.256,44.256,0.0,0.0,0.0
2026-10-12 21:30:00,중간부하,140,0,0.0,44.252,44.252,0.0,0.0,0.0
2026-10-12 21:45:00,중간부하,140,0,0.0,44.954,44.954,0.0,0.0,0.0
2026-10-12 22:00:00,경부하,90,0,0.0,48.264,48.264,0.0,0.0,0.0
2026-10-12 22:15:00,경부하,90,0,0.0,38.911,38.911,0.0,0.0,0.0
2026-10-12 22:30:00,경부하,90,0,0.0,36.838,36.838,0.0,0.0,0.0
2026-10-12 22:45:00,경부하,90,0,0.0,34.514,34.514,0.0,0.0,0.0
2026-10-12 23:00:00,경부하,90,0,0.0,34.921,34.921,0.0,0.0,0.0
2026-10-12 23:15:00,경부하,90,0,0.0,36.772,36.772,0.0,0.0,0.0
2026-10-12 23:30:00,경부하,90,0,0.0,34.484,34.484,0.0,0.0,0.0
2026-10-12 23:45:00,경부하,90,0,0.0,36.675,36.675,0.0,0.0,0.0
2026-10-13 00:00:00,경부하,90,0,0.0,36.114,36.114,0.0,0.0,0.0
2026-10-13 00:15:00,경부하,90,0,0.0,39.337,39.337,0.0,0.0,0.0
2026-10-13 00:30:00,경부하,90,0,0.0,37.004,37.004,0.0,0.0,0.0
2026-10-13 00:45:00,경부하,90,0,0.0,41.599,41.599,0.0,0.0,0.0
2026-10-13 01:00:00,경부하,90,0,0.0,35.127,35.127,0.0,0.0,0.0
2026-10-13 01:15:00,경부하,90,0,0.0,24.466,24.466,0.0,0.0,0.0
2026-10-13 01:30:00,경부하,90,0,0.0,17.961,17.961,0.0,0.0,0.0
2026-10-13 01:45:00,경부하,90,0,0.0,17.045,17.045,0.0,0.0,0.0
2026-10-13 02:00:00,경부하,90,0,0.0,17.12,17.12,0.0,0.0,0.0
2026-10-13 02:15:00,경부하,90,0,0.0,17.022,17.022,0.0,0.0,0.0
2026-10-13 02:30:00,경부하,90,0,0.0,16.892,16.892,0.0,0.0,0.0
2026-10-13 02:45:00,경부하,90,0,0.0,16.721,16.721,0.0,0.0,0.0
2026-10-13 03:00:00,경부하,90,0,0.0,16.683,16.683,0.0,0.0,0.0
2026-10-13 03:15:00,경부하,90,0,0.0,16.655,16.655,0.0,0.0,0.0
2026-10-13 03:30:00,경부하,90,0,0.0,16.456,16.456,0.0,0.0,0.0
2026-10-13 03:45:00,경부하,90,0,0.0,16.764,16.764,0.0,0.0,0.0
2026-10-13 04:00:00,경부하,90,0,0.0,16.588,16.588,0.0,0.0,0.0
2026-10-13 04:15:00,경부하,90,0,0.0,16.348,16.348,0.0,0.0,0.0
2026-10-13 04:30:00,경부하,90,0,0.0,16.541,16.541,0.0,0.0,0.0
2026-10-13 04:45:00,경부하,90,0,0.0,16.217,16.217,0.0,0.0,0.0
2026-10-13 05:00:00,경부하,90,0,0.0,16.445,16.445,0.0,0.0,0.0
2026-10-13 05:15:00,경부하,90,0,0.0,16.532,16.532,0.0,0.0,0.0
2026-10-13 05:30:00,경부하,90,0,0.0,16.422,16.422,0.0,0.0,0.0
2026-10-13 05:45:00,경부하,90,0,0.0,16.698,16.698,0.0,0.0,0.0
2026-10-13 06:00:00,경부하,90,0,0.0,16.323,16.323,0.0,0.0,0.0
2026-10-13 06:15:00,경부하,90,0,0.0,16.122,16.122,0.0,0.0,0.0
2026-10-13 06:30:00,경부하,90,0,0.0,16.009,16.009,0.0,0.0,0.0
2026-10-13 06:45:00,경부하,90,0,0.0,15.721,15.721,0.0,0.0,0.0
2026-10-13 07:00:00,경부하,90,0,0.0,16.168,16.168,0.0,0.0,0.0
2026-10-13 07:15:00,경부하,90,0,0.0,18.227,18.227,0.0,0.0,0.0
2026-10-13 07:30:00,경부하,90,0,0.0,21.363,21.363,0.0,0.0,0.0
2026-10-13 07:45:00,경부하,90,0,0.0,29.263,29.263,0.0,0.0,0.0
2026-10-13 08:00:00,중간부하,140,0,0.0,151.495,151.495,0.0,0.0,0.0
2026-10-13 08:15:00,중간부하,140,0,0.0,243.643,243.643,0.0,0.0,0.0
2026-10-13 08:30:00,중간부하,140,0,0.0,265.412,265.412,0.0,0.0,0.0
2026-10-13 08:45:00,중간부하,140,0,0.0,290.912,290.912,0.0,0.0,0.0
2026-10-13 09:00:00,중간부하,140,0,0.0,279.681,279.681,0.0,0.0,0.0
2026-10-13 09:15:00,중간부하,140,0,0.0,283.746,283.746,0.0,0.0,0.0
2026-10-13 09:30:00,중간부하,140,0,0.0,279.415,279.415,0.0,0.0,0.0
2026-10-13 09:45:00,중간부하,140,0,0.0,272.546,272.546,0.0,0.0,0.0
2026-10-13 10:00:00,최대부하,220,1,0.0,265.441,265.441,0.0,0.0,0.0
2026-10-13 10:15:00,최대부하,220,1,0.0,261.782,261.782,0.0,0.0,0.0
2026-10-13 10:30:00,최대부하,220,1,0.0,275.664,275.664,0.0,0.0,0.0
2026-10-13 10:45:00,최대부하,220,1,0.0,266.892,266.892,0.0,0.0,0.0
2026-10-13 11:00:00,최대부하,220,1,0.0,287.107,287.107,0.0,0.0,0.0
2026-10-13 11:15:00,최대부하,220,1,0.0,284.135,284.135,0.0,0.0,0.0
2026-10-13 11:30:00,최대부하,220,1,0.0,276.332,276.332,0.0,0.0,0.0
2026-10-13 11:45:00,최대부하,220,1,0.0,273.556,273.556,0.0,0.0,0.0
2026-10-13 12:00:00,중간부하,140,0,0.0,46.767,46.767,0.0,0.0,0.0
2026-10-13 12:15:00,중간부하,140,0,0.0,27.72,27.72,0.0,0.0,0.0
2026-10-13 12:30:00,중간부하,140,0,0.0,26.774,26.774,0.0,0.0,0.0
2026-10-13 12:45:00,중간부하,140,0,0.0,27.928,27.928,0.0,0.0,0.0
2026-10-13 13:00:00,중간부하,140,0,0.0,182.489,182.489,0.0,0.0,0.0
2026-10-13 13:15:00,중간부하,140,0,0.0,285.736,285.736,0.0,0.0,0.0
2026-10-13 13:30:00,중간부하,140,0,0.0,286.145,286.145,0.0,0.0,0.0
2026-10-13 13:45:00,중간부하,140,0,0.0,279.957,279.957,0.0,0.0,0.0
2026-10-13 14:00:00,중간부하,140,0,0.0,264.714,264.714,0.0,0.0,0.0
2026-10-13 14:15:00,중간부하,140,0,0.0,274.39,274.39,0.0,0.0,0.0
2026-10-13 14:30:00,중간부하,140,0,0.0,268.019,268.019,0.0,0.0,0.0
2026-10-13 14:45:00,중간부하,140,0,0.0,270.076,270.076,0.0,0.0,0.0
2026-10-13 15:00:00,중간부하,140,0,0.0,262.217,262.217,0.0,0.0,0.0
2026-10-13 15:15:00,중간부하,140,0,0.0,268.865,268.865,0.0,0.0,0.0
2026-10-13 15:30:00,중간부하,140,0,0.0,285.578,285.578,0.0,0.0,0.0
2026-10-13 15:45:00,중간부하,140,0,0.0,277.58,277.58,0.0,0.0,0.0
2026-10-13 16:00:00,중간부하,140,0,0.0,278.23,278.23,0.0,0.0,0.0
2026-10-13 16:15:00,중간부하,140,0,0.0,276.398,276.398,0.0,0.0,0.0
2026-10-13 16:30:00,중간부하,140,0,0.0,285.036,285.036,0.0,0.0,0.0
2026-10-13 16:45:00,중간부하,140,0,0.0,281.371,281.371,0.0,0.0,0.0
2026-10-13 17:00:00,최대부하,220,1,0.0,269.065,269.065,0.0,0.0,0.0
2026-10-13 17:15:00,최대부하,220,1,0.0,257.127,257.127,0.0,0.0,0.0
2026-10-13 17:30:00,최대부하,220,1,0.0,158.167,158.167,0.0,0.0,0.0
2026-10-13 17:45:00,최대부하,220,1,0.0,133.933,133.933,0.0,0.0,0.0
2026-10-13 18:00:00,최대부하,220,1,0.0,173.995,173.995,0.0,0.0,0.0
2026-10-13 18:15:00,최대부하,220,1,0.0,228.677,228.677,0.0,0.0,0.0
2026-10-13 18:30:00,최대부하,220,1,0.0,221.255,221.255,0.0,0.0,0.0
2026-10-13 18:45:00,최대부하,220,1,0.0,225.055,225.055,0.0,0.0,0.0
2026-10-13 19:00:00,최대부하,220,1,0.0,215.646,215.646,0.0,0.0,0.0
2026-10-13 19:15:00,최대부하,220,1,0.0,224.292,224.292,0.0,0.0,0.0
2026-10-13 19:30:00,최대부하,220,1,0.0,224.765,224.765,0.0,0.0,0.0
2026-10-13 19:45:00,최대부하,220,1,0.0,220.343,220.343,0.0,0.0,0.0
2026-10-13 20:00:00,중간부하,140,0,0.0,217.295,217.295,0.0,0.0,0.0
2026-10-13 20:15:00,중간부하,140,0,0.0,232.438,232.438,0.0,0.0,0.0
2026-10-13 20:30:00,중간부하,140,0,0.0,202.0,202.0,0.0,0.0,0.0
2026-10-13 20:45:00,중간부하,140,0,0.0,123.442,123.442,0.0,0.0,0.0
2026-10-13 21:00:00,중간부하,140,0,0.0,54.756,54.756,0.0,0.0,0.0
2026-10-13 21:15:00,중간부하,140,0,0.0,47.072,47.072,0.0,0.0,0.0
2026-10-13 21:30:00,중간부하,140,0,0.0,44.078,44.078,0.0,0.0,0.0
2026-10-13 21:45:00,중간부하,140,0,0.0,40.455,40.455,0.0,0.0,0.0
2026-10-13 22:00:00,경부하,90,0,0.0,40.695,40.695,0.0,0.0,0.0
2026-10-13 22:15:00,경부하,90,0,0.0,44.449,44.449,0.0,0.0,0.0
2026-10-13 22:30:00,경부하,90,0,0.0,41.861,41.861,0.0,0.0,0.0
2026-10-13 22:45:00,경부하,90,0,0.0,41.546,41.546,0.0,0.0,0.0
2026-10-13 23:00:00,경부하,90,0,0.0,42.38,42.38,0.0,0.0,0.0
2026-10-13 23:15:00,경부하,90,0,0.0,40.47,40.47,0.0,0.0,0.0
2026-10-13 23:30:00,경부하,90,0,0.0,38.335,38.335,0.0,0.0,0.0
2026-10-13 23:45:00,경부하,90,0,0.0,38.911,38.911,0.0,0.0,0.0
2026-10-14 00:00:00,경부하,90,0,0.0,37.418,37.418,0.0,0.0,0.0
2026-10-14 00:15:00,경부하,90,0,0.0,40.035,40.035,0.0,0.0,0.0
2026-10-14 00:30:00,경부하,90,0,0.0,40.663,40.663,0.0,0.0,0.0
2026-10-14 00:45:00,경부하,90,0,0.0,40.911,40.911,0.0,0.0,0.0
2026-10-14 01:00:00,경부하,90,0,0.0,33.475,33.475,0.0,0.0,0.0
2026-10-14 01:15:00,경부하,90,0,0.0,22.947,22.947,0.0,0.0,0.0
2026-10-14 01:30:00,경부하,90,0,0.0,19.222,19.222,0.0,0.0,0.0
2026-10-14 01:45:00,경부하,90,0,0.0,18.318,18.318,0.0,0.0,0.0
2026-10-14 02:00:00,경부하,90,0,0.0,18.12,18.12,0.0,0.0,0.0
2026-10-14 02:15:00,경부하,90,0,0.0,18.145,18.145,0.0,0.0,0.0
2026-10-14 02:30:00,경부하,90,0,0.0,18.082,18.082,0.0,0.0,0.0
2026-10-14 02:45:00,경부하,90,0,0.0,17.741,17.741,0.0,0.0,0.0
2026-10-14 03:00:00,경부하,90,0,0.0,18.025,18.025,0.0,0.0,0.0
2026-10-14 03:15:00,경부하,90,0,0.0,18.775,18.775,0.0,0.0,0.0
2026-10-14 03:30:00,경부하,90,0,0.0,18.358,18.358,0.0,0.0,0.0
2026-10-14 03:45:00,경부하,90,0,0.0,17.994,17.994,0.0,0.0,0.0
2026-10-14 04:00:00,경부하,90,0,0.0,18.013,18.013,0.0,0.0,0.0
2026-10-14 04:15:00,경부하,90,0,0.0,17.742,17.742,0.0,0.0,0.0
2026-10-14 04:30:00,경부하,90,0,0.0,17.35,17.35,0.0,0.0,0.0
2026-10-14 04:45:00,경부하,90,0,0.0,17.128,17.128,0.0,0.0,0.0
2026-10-14 05:00:00,경부하,90,0,0.0,17.232,17.232,0.0,0.0,0.0
2026-10-14 05:15:00,경부하,90,0,0.0,17.455,17.455,0.0,0.0,0.0
2026-10-14 05:30:00,경부하,90,0,0.0,17.556,17.556,0.0,0.0,0.0
2026-10-14 05:45:00,경부하,90,0,0.0,17.41,17.41,0.0,0.0,0.0
2026-10-14 06:00:00,경부하,90,0,0.0,17.809,17.809,0.0,0.0,0.0
2026-10-14 06:15:00,경부하,90,0,0.0,17.996,17.996,0.0,0.0,0.0
2026-10-14 06:30:00,경부하,90,0,0.0,17.65,17.65,0.0,0.0,0.0
2026-10-14 06:45:00,경부하,90,0,0.0,17.578,17.578,0.0,0.0,0.0
2026-10-14 07:00:00,경부하,90,0,0.0,17.262,17.262,0.0,0.0,0.0
2026-10-14 07:15:00,경부하,90,0,0.0,19.424,19.424,0.0,0.0,0.0
2026-10-14 07:30:00,경부하,90,0,0.0,24.39,24.39,0.0,0.0,0.0
2026-10-14 07:45:00,경부하,90,0,0.0,31.34,31.34,0.0,0.0,0.0
2026-10-14 08:00:00,중간부하,140,0,0.0,159.069,159.069,0.0,0.0,0.0
2026-10-14 08:15:00,중간부하,140,0,0.0,269.942,269.942,0.0,0.0,0.0
2026-10-14 08:30:00,중간부하,140,0,0.0,284.293,284.293,0.0,0.0,0.0
2026-10-14 08:45:00,중간부하,140,0,0.0,276.33,276.33,0.0,0.0,0.0
2026-10-14 09:00:00,중간부하,140,0,0.0,279.042,279.042,0.0,0.0,0.0
2026-10-14 09:15:00,중간부하,140,0,0.0,286.857,286.857,0.0,0.0,0.0
2026-10-14 09:30:00,중간부하,140,0,0.0,272.74,272.74,0.0,0.0,0.0
2026-10-14 09:45:00,중간부하,140,0,0.0,269.892,269.892,0.0,0.0,0.0
2026-10-14 10:00:00,최대부하,220,1,0.0,256.118,256.118,0.0,0.0,0.0
2026-10-14 10:15:00,최대부하,220,1,0.0,267.085,267.085,0.0,0.0,0.0
2026-10-14 10:30:00,최대부하,220,1,0.0,265.439,265.439,0.0,0.0,0.0
2026-10-14 10:45:00,최대부하,220,1,0.0,295.369,295.369,0.0,0.0,0.0
2026-10-14 11:00:00,최대부하,220,1,0.0,291.302,291.302,0.0,0.0,0.0
2026-10-14 11:15:00,최대부하,220,1,0.0,284.038,284.038,0.0,0.0,0.0
2026-10-14 11:30:00,최대부하,220,1,0.0,266.75,266.75,0.0,0.0,0.0
2026-10-14 11:45:00,최대부하,220,1,0.0,244.678,244.678,0.0,0.0,0.0
2026-10-14 12:00:00,중간부하,140,0,0.0,40.369,40.369,0.0,0.0,0.0
2026-10-14 12:15:00,중간부하,140,0,0.0,27.647,27.647,0.0,0.0,0.0
2026-10-14 12:30:00,중간부하,140,0,0.0,28.149,28.149,0.0,0.0,0.0
2026-10-14 12:45:00,중간부하,140,0,0.0,29.332,29.332,0.0,0.0,0.0
2026-10-14 13:00:00,중간부하,140,0,0.0,171.38,171.38,0.0,0.0,0.0
2026-10-14 13:15:00,중간부하,140,0,0.0,266.295,266.295,0.0,0.0,0.0
2026-10-14 13:30:00,중간부하,140,0,0.0,258.91,258.91,0.0,0.0,0.0
2026-10-14 13:45:00,중간부하,140,0,0.0,279.498,279.498,0.0,0.0,0.0
2026-10-14 14:00:00,중간부하,140,0,0.0,285.861,285.861,0.0,0.0,0.0
2026-10-14 14:15:00,중간부하,140,0,0.0,272.125,272.125,0.0,0.0,0.0
2026-10-14 14:30:00,중간부하,140,0,0.0,272.985,272.985,0.0,0.0,0.0
2026-10-14 14:45:00,중간부하,140,0,0.0,279.835,279.835,0.0,0.0,0.0
2026-10-14 15:00:00,중간부하,140,0,0.0,270.658,270.658,0.0,0.0,0.0
2026-10-14 15:15:00,중간부하,140,0,0.0,269.159,269.159,0.0,0.0,0.0
2026-10-14 15:30:00,중간부하,140,0,0.0,271.022,271.022,0.0,0.0,0.0
2026-10-14 15:45:00,중간부하,140,0,0.0,271.092,271.092,0.0,0.0,0.0
2026-10-14 16:00:00,중간부하,140,0,0.0,264.628,264.628,0.0,0.0,0.0
2026-10-14 16:15:00,중간부하,140,0,0.0,280.148,280.148,0.0,0.0,0.0
2026-10-14 16:30:00,중간부하,140,0,0.0,287.726,287.726,0.0,0.0,0.0
2026-10-14 16:45:00,중간부하,140,0,0.0,269.837,269.837,0.0,0.0,0.0
2026-10-14 17:00:00,최대부하,220,1,0.0,269.621,269.621,0.0,0.0,0.0
2026-10-14 17:15:00,최대부하,220,1,0.0,251.815,251.815,0.0,0.0,0.0
2026-10-14 17:30:00,최대부하,220,1,0.0,173.331,173.331,0.0,0.0,0.0
2026-10-14 17:45:00,최대부하,220,1,0.0,135.333,135.333,0.0,0.0,0.0
2026-10-14 18:00:00,최대부하,220,1,0.0,124.455,124.455,0.0,0.0,0.0
2026-10-14 18:15:00,최대부하,220,1,0.0,154.137,154.137,0.0,0.0,0.0
2026-10-14 18:30:00,최대부하,220,1,0.0,151.595,151.595,0.0,0.0,0.0
2026-10-14 18:45:00,최대부하,220,1,0.0,158.055,158.055,0.0,0.0,0.0
2026-10-14 19:00:00,최대부하,220,1,0.0,152.064,152.064,0.0,0.0,0.0
2026-10-14 19:15:00,최대부하,220,1,0.0,150.662,150.662,0.0,0.0,0.0
2026-10-14 19:30:00,최대부하,220,1,0.0,147.891,147.891,0.0,0.0,0.0
2026-10-14 19:45:00,최대부하,220,1,0.0,153.55,153.55,0.0,0.0,0.0
2026-10-14 20:00:00,중간부하,140,0,0.0,159.595,159.595,0.0,0.0,0.0
2026-10-14 20:15:00,중간부하,140,0,0.0,154.218,154.218,0.0,0.0,0.0
2026-10-14 20:30:00,중간부하,140,0,0.0,133.906,133.906,0.0,0.0,0.0
2026-10-14 20:45:00,중간부하,140,0,0.0,90.133,90.133,0.0,0.0,0.0
2026-10-14 21:00:00,중간부하,140,0,0.0,54.913,54.913,0.0,0.0,0.0
2026-10-14 21:15:00,중간부하,140,0,0.0,49.363,49.363,0.0,0.0,0.0
2026-10-14 21:30:00,중간부하,140,0,0.0,48.443,48.443,0.0,0.0,0.0
2026-10-14 21:45:00,중간부하,140,0,0.0,39.593,39.593,0.0,0.0,0.0
2026-10-14 22:00:00,경부하,90,0,0.0,34.38,34.38,0.0,0.0,0.0
2026-10-14 22:15:00,경부하,90,0,0.0,32.804,32.804,0.0,0.0,0.0
2026-10-14 22:30:00,경부하,90,0,0.0,31.518,31.518,0.0,0.0,0.0
2026-10-14 22:45:00,경부하,90,0,0.0,34.164,34.164,0.0,0.0,0.0
2026-10-14 23:00:00,경부하,90,0,0.0,33.887,33.887,0.0,0.0,0.0
2026-10-14 23:15:00,경부하,90,0,0.0,34.529,34.529,0.0,0.0,0.0
2026-10-14 23:30:00,경부하,90,0,0.0,33.838,33.838,0.0,0.0,0.0
2026-10-14 23:45:00,경부하,90,0,0.0,30.667,30.667,0.0,0.0,0.0
2026-10-15 00:00:00,경부하,90,0,0.0,33.367,33.367,0.0,0.0,0.0
2026-10-15 00:15:00,경부하,90,0,0.0,33.265,33.265,0.0,0.0,0.0
2026-10-15 00:30:00,경부하,90,0,0.0,31.42,31.42,0.0,0.0,0.0
2026-10-15 00:45:00,경부하,90,0,0.0,34.583,34.583,0.0,0.0,0.0
2026-10-15 01:00:00,경부하,90,0,0.0,30.894,30.894,0.0,0.0,0.0
2026-10-15 01:15:00,경부하,90,0,0.0,20.935,20.935,0.0,0.0,0.0
2026-10-15 01:30:00,경부하,90,0,0.0,18.714,18.714,0.0,0.0,0.0
2026-10-15 01:45:00,경부하,90,0,0.0,19.015,19.015,0.0,0.0,0.0
2026-10-15 02:00:00,경부하,90,0,0.0,19.253,19.253,0.0,0.0,0.0
2026-10-15 02:15:00,경부하,90,0,0.0,19.285,19.285,0.0,0.0,0.0
2026-10-15 02:30:00,경부하,90,0,0.0,18.778,18.778,0.0,0.0,0.0
2026-10-15 02:45:00,경부하,90,0,0.0,18.864,18.864,0.0,0.0,0.0
2026-10-15 03:00:00,경부하,90,0,0.0,19.052,19.052,0.0,0.0,0.0
2026-10-15 03:15:00,경부하,90,0,0.0,18.583,18.583,0.0,0.0,0.0
2026-10-15 03:30:00,경부하,90,0,0.0,18.577,18.577,0.0,0.0,0.0
2026-10-15 03:45:00,경부하,90,0,0.0,19.012,19.012,0.0,0.0,0.0
2026-10-15 04:00:00,경부하,90,0,0.0,19.283,19.283,0.0,0.0,0.0
2026-10-15 04:15:00,경부하,90,0,0.0,19.173,19.173,0.0,0.0,0.0
2026-10-15 04:30:00,경부하,90,0,0.0,18.645,18.645,0.0,0.0,0.0
2026-10-15 04:45:00,경부하,90,0,0.0,18.767,18.767,0.0,0.0,0.0
2026-10-15 05:00:00,경부하,90,0,0.0,18.808,18.808,0.0,0.0,0.0
2026-10-15 05:15:00,경부하,90,0,0.0,18.412,18.412,0.0,0.0,0.0
2026-10-15 05:30:00,경부하,90,0,0.0,18.757,18.757,0.0,0.0,0.0
2026-10-15 05:45:00,경부하,90,0,0.0,19.035,19.035,0.0,0.0,0.0
2026-10-15 06:00:00,경부하,90,0,0.0,18.143,18.143,0.0,0.0,0.0
2026-10-15 06:15:00,경부하,90,0,0.0,18.978,18.978,0.0,0.0,0.0
2026-10-15 06:30:00,경부하,90,0,0.0,18.828,18.828,0.0,0.0,0.0
2026-10-15 06:45:00,경부하,90,0,0.0,18.335,18.335,0.0,0.0,0.0
2026-10-15 07:00:00,경부하,90,0,0.0,18.24,18.24,0.0,0.0,0.0
2026-10-15 07:15:00,경부하,90,0,0.0,20.425,20.425,0.0,0.0,0.0
2026-10-15 07:30:00,경부하,90,0,0.0,23.757,23.757,0.0,0.0,0.0
2026-10-15 07:45:00,경부하,90,0,0.0,27.183,27.183,0.0,0.0,0.0
2026-10-15 08:00:00,중간부하,140,0,0.0,191.397,191.397,0.0,0.0,0.0
2026-10-15 08:15:00,중간부하,140,0,0.0,305.288,305.288,0.0,0.0,0.0
2026-10-15 08:30:00,중간부하,140,0,0.0,307.401,307.401,0.0,0.0,0.0
2026-10-15 08:45:00,중간부하,140,0,0.0,323.661,323.661,0.0,0.0,0.0
2026-10-15 09:00:00,중간부하,140,0,0.0,308.033,308.033,0.0,0.0,0.0
2026-10-15 09:15:00,중간부하,140,0,0.0,300.822,300.822,0.0,0.0,0.0
2026-10-15 09:30:00,중간부하,140,0,0.0,298.718,298.718,0.0,0.0,0.0
2026-10-15 09:45:00,중간부하,140,0,0.0,292.326,292.326,0.0,0.0,0.0
2026-10-15 10:00:00,최대부하,220,1,0.0,302.987,302.987,0.0,0.0,0.0
2026-10-15 10:15:00,최대부하,220,1,0.0,289.321,289.321,0.0,0.0,0.0
2026-10-15 10:30:00,최대부하,220,1,0.0,294.67,294.67,0.0,0.0,0.0
2026-10-15 10:45:00,최대부하,220,1,0.0,280.6,280.6,0.0,0.0,0.0
2026-10-15 11:00:00,최대부하,220,1,0.0,285.437,285.437,0.0,0.0,0.0
2026-10-15 11:15:00,최대부하,220,1,0.0,285.953,285.953,0.0,0.0,0.0
2026-10-15 11:30:00,최대부하,220,1,0.0,286.922,286.922,0.0,0.0,0.0
2026-10-15 11:45:00,최대부하,220,1,0.0,276.387,276.387,0.0,0.0,0.0
2026-10-15 12:00:00,중간부하,140,0,0.0,49.101,49.101,0.0,0.0,0.0
2026-10-15 12:15:00,중간부하,140,0,0.0,28.675,28.675,0.0,0.0,0.0
2026-10-15 12:30:00,중간부하,140,0,0.0,30.302,30.302,0.0,0.0,0.0
2026-10-15 12:45:00,중간부하,140,0,0.0,33.602,33.602,0.0,0.0,0.0
2026-10-15 13:00:00,중간부하,140,0,0.0,187.318,187.318,0.0,0.0,0.0
2026-10-15 13:15:00,중간부하,140,0,0.0,272.024,272.024,0.0,0.0,0.0
2026-10-15 13:30:00,중간부하,140,0,0.0,272.189,272.189,0.0,0.0,0.0
2026-10-15 13:45:00,중간부하,140,0,0.0,266.752,266.752,0.0,0.0,0.0
2026-10-15 14:00:00,중간부하,140,0,0.0,264.631,264.631,0.0,0.0,0.0
2026-10-15 14:15:00,중간부하,140,0,0.0,265.352,265.352,0.0,0.0,0.0
2026-10-15 14:30:00,중간부하,140,0,0.0,265.271,265.271,0.0,0.0,0.0
2026-10-15 14:45:00,중간부하,140,0,0.0,270.798,270.798,0.0,0.0,0.0
2026-10-15 15:00:00,중간부하,140,0,0.0,260.983,260.983,0.0,0.0,0.0
2026-10-15 15:15:00,중간부하,140,0,0.0,261.572,261.572,0.0,0.0,0.0
2026-10-15 15:30:00,중간부하,140,0,0.0,281.624,281.624,0.0,0.0,0.0
2026-10-15 15:45:00,중간부하,140,0,0.0,262.866,262.866,0.0,0.0,0.0
2026-10-15 16:00:00,중간부하,140,0,0.0,277.955,277.955,0.0,0.0,0.0
2026-10-15 16:15:00,중간부하,140,0,0.0,271.536,271.536,0.0,0.0,0.0
2026-10-15 16:30:00,중간부하,140,0,0.0,264.813,264.813,0.0,0.0,0.0
2026-10-15 16:45:00,중간부하,140,0,0.0,251.23,251.23,0.0,0.0,0.0
2026-10-15 17:00:00,최대부하,220,1,0.0,270.641,270.641,0.0,0.0,0.0
2026-10-15 17:15:00,최대부하,220,1,0.0,243.981,243.981,0.0,0.0,0.0
2026-10-15 17:30:00,최대부하,220,1,0.0,137.975,137.975,0.0,0.0,0.0
2026-10-15 17:45:00,최대부하,220,1,0.0,130.982,130.982,0.0,0.0,0.0
2026-10-15 18:00:00,최대부하,220,1,0.0,180.622,180.622,0.0,0.0,0.0
2026-10-15 18:15:00,최대부하,220,1,0.0,228.064,228.064,0.0,0.0,0.0
2026-10-15 18:30:00,최대부하,220,1,0.0,216.218,216.218,0.0,0.0,0.0
2026-10-15 18:45:00,최대부하,220,1,0.0,231.463,231.463,0.0,0.0,0.0
2026-10-15 19:00:00,최대부하,220,1,0.0,214.949,214.949,0.0,0.0,0.0
2026-10-15 19:15:00,최대부하,220,1,0.0,222.671,222.671,0.0,0.0,0.0
2026-10-15 19:30:00,최대부하,220,1,0.0,223.345,223.345,0.0,0.0,0.0
2026-10-15 19:45:00,최대부하,220,1,0.0,216.407,216.407,0.0,0.0,0.0
2026-10-15 20:00:00,중간부하,140,0,0.0,216.952,216.952,0.0,0.0,0.0
2026-10-15 20:15:00,중간부하,140,0,0.0,235.69,235.69,0.0,0.0,0.0
2026-10-15 20:30:00,중간부하,140,0,0.0,201.626,201.626,0.0,0.0,0.0
2026-10-15 20:45:00,중간부하,140,0,0.0,136.433,136.433,0.0,0.0,0.0
2026-10-15 21:00:00,중간부하,140,0,0.0,77.192,77.192,0.0,0.0,0.0
2026-10-15 21:15:00,중간부하,140,0,0.0,52.722,52.722,0.0,0.0,0.0
2026-10-15 21:30:00,중간부하,140,0,0.0,43.755,43.755,0.0,0.0,0.0
2026-10-15 21:45:00,중간부하,140,0,0.0,41.743,41.743,0.0,0.0,0.0
2026-10-15 22:00:00,경부하,90,0,0.0,39.685,39.685,0.0,0.0,0.0
2026-10-15 22:15:00,경부하,90,0,0.0,36.102,36.102,0.0,0.0,0.0
2026-10-15 22:30:00,경부하,90,0,0.0,39.482,39.482,0.0,0.0,0.0
2026-10-15 22:45:00,경부하,90,0,0.0,41.073,41.073,0.0,0.0,0.0
2026-10-15 23:00:00,경부하,90,0,0.0,35.87,35.87,0.0,0.0,0.0
2026-10-15 23:15:00,경부하,90,0,0.0,34.091,34.091,0.0,0.0,0.0
2026-10-15 23:30:00,경부하,90,0,0.0,36.598,36.598,0.0,0.0,0.0
2026-10-15 23:45:00,경부하,90,0,0.0,39.829,39.829,0.0,0.0,0.0
2026-10-16 00:00:00,경부하,90,0,0.0,30.361,30.361,0.0,0.0,0.0
2026-10-16 00:15:00,경부하,90,0,0.0,38.746,38.746,0.0,0.0,0.0
2026-10-16 00:30:00,경부하,90,0,0.0,35.905,35.905,0.0,0.0,0.0
2026-10-16 00:45:00,경부하,90,0,0.0,33.632,33.632,0.0,0.0,0.0
2026-10-16 01:00:00,경부하,90,0,0.0,24.041,24.041,0.0,0.0,0.0
2026-10-16 01:15:00,경부하,90,0,0.0,21.534,21.534,0.0,0.0,0.0
2026-10-16 01:30:00,경부하,90,0,0.0,20.223,20.223,0.0,0.0,0.0
2026-10-16 01:45:00,경부하,90,0,0.0,19.115,19.115,0.0,0.0,0.0
2026-10-16 02:00:00,경부하,90,0,0.0,22.425,22.425,0.0,0.0,0.0
2026-10-16 02:15:00,경부하,90,0,0.0,22.317,22.317,0.0,0.0,0.0
2026-10-16 02:30:00,경부하,90,0,0.0,20.325,20.325,0.0,0.0,0.0
2026-10-16 02:45:00,경부하,90,0,0.0,21.089,21.089,0.0,0.0,0.0
2026-10-16 03:00:00,경부하,90,0,0.0,20.312,20.312,0.0,0.0,0.0
2026-10-16 03:15:00,경부하,90,0,0.0,21.456,21.456,0.0,0.0,0.0
2026-10-16 03:30:00,경부하,90,0,0.0,19.235,19.235,0.0,0.0,0.0
2026-10-16 03:45:00,경부하,90,0,0.0,19.102,19.102,0.0,0.0,0.0
2026-10-16 04:00:00,경부하,90,0,0.0,19.117,19.117,0.0,0.0,0.0
2026-10-16 04:15:00,경부하,90,0,0.0,20.109,20.109,0.0,0.0,0.0
2026-10-16 04:30:00,경부하,90,0,0.0,18.887,18.887,0.0,0.0,0.0
2026-10-16 04:45:00,경부하,90,0,0.0,18.64,18.64,0.0,0.0,0.0
2026-10-16 05:00:00,경부하,90,0,0.0,18.962,18.962,0.0,0.0,0.0
2026-10-16 05:15:00,경부하,90,0,0.0,20.562,20.562,0.0,0.0,0.0
2026-10-16 05:30:00,경부하,90,0,0.0,21.922,21.922,0.0,0.0,0.0
2026-10-16 05:45:00,경부하,90,0,0.0,21.122,21.122,0.0,0.0,0.0
2026-10-16 06:00:00,경부하,90,0,0.0,21.338,21.338,0.0,0.0,0.0
2026-10-16 06:15:00,경부하,90,0,0.0,21.855,21.855,0.0,0.0,0.0
2026-10-16 06:30:00,경부하,90,0,0.0,20.911,20.911,0.0,0.0,0.0
2026-10-16 06:45:00,경부하,90,0,0.0,22.001,22.001,0.0,0.0,0.0
2026-10-16 07:00:00,경부하,90,0,0.0,21.557,21.557,0.0,0.0,0.0
2026-10-16 07:15:00,경부하,90,0,0.0,21.214,21.214,0.0,0.0,0.0
2026-10-16 07:30:00,경부하,90,0,0.0,26.972,26.972,0.0,0.0,0.0
2026-10-16 07:45:00,경부하,90,0,0.0,26.195,26.195,0.0,0.0,0.0
2026-10-16 08:00:00,중간부하,140,0,0.0,156.597,156.597,0.0,0.0,0.0
2026-10-16 08:15:00,중간부하,140,0,0.0,260.635,260.635,0.0,0.0,0.0
2026-10-16 08:30:00,중간부하,140,0,0.0,279.825,279.825,0.0,0.0,0.0
2026-10-16 08:45:00,중간부하,140,0,0.0,290.583,290.583,0.0,0.0,0.0
2026-10-16 09:00:00,중간부하,140,0,0.0,293.703,293.703,0.0,0.0,0.0
2026-10-16 09:15:00,중간부하,140,0,0.0,276.915,276.915,0.0,0.0,0.0
2026-10-16 09:30:00,중간부하,140,0,0.0,264.379,264.379,0.0,0.0,0.0
2026-10-16 09:45:00,중간부하,140,0,0.0,263.182,263.182,0.0,0.0,0.0
2026-10-16 10:00:00,최대부하,220,1,0.0,254.578,254.578,0.0,0.0,0.0
2026-10-16 10:15:00,최대부하,220,1,0.0,258.041,258.041,0.0,0.0,0.0
2026-10-16 10:30:00,최대부하,220,1,0.0,251.716,251.716,0.0,0.0,0.0
2026-10-16 10:45:00,최대부하,220,1,0.0,256.311,256.311,0.0,0.0,0.0
2026-10-16 11:00:00,최대부하,220,1,0.0,262.412,262.412,0.0,0.0,0.0
2026-10-16 11:15:00,최대부하,220,1,0.0,269.604,269.604,0.0,0.0,0.0
2026-10-16 11:30:00,최대부하,220,1,0.0,260.805,260.805,0.0,0.0,0.0
2026-10-16 11:45:00,최대부하,220,1,0.0,255.243,255.243,0.0,0.0,0.0
2026-10-16 12:00:00,중간부하,140,0,0.0,46.342,46.342,0.0,0.0,0.0
2026-10-16 12:15:00,중간부하,140,0,0.0,24.532,24.532,0.0,0.0,0.0
2026-10-16 12:30:00,중간부하,140,0,0.0,23.851,23.851,0.0,0.0,0.0
2026-10-16 12:45:00,중간부하,140,0,0.0,23.976,23.976,0.0,0.0,0.0
2026-10-16 13:00:00,중간부하,140,0,0.0,174.841,174.841,0.0,0.0,0.0
2026-10-16 13:15:00,중간부하,140,0,0.0,260.305,260.305,0.0,0.0,0.0
2026-10-16 13:30:00,중간부하,140,0,0.0,270.731,270.731,0.0,0.0,0.0
2026-10-16 13:45:00,중간부하,140,0,0.0,258.359,258.359,0.0,0.0,0.0
2026-10-16 14:00:00,중간부하,140,0,0.0,266.001,266.001,0.0,0.0,0.0
2026-10-16 14:15:00,중간부하,140,0,0.0,269.82,269.82,0.0,0.0,0.0
2026-10-16 14:30:00,중간부하,140,0,0.0,270.388,270.388,0.0,0.0,0.0
2026-10-16 14:45:00,중간부하,140,0,0.0,266.162,266.162,0.0,0.0,0.0
2026-10-16 15:00:00,중간부하,140,0,0.0,248.149,248.149,0.0,0.0,0.0
2026-10-16 15:15:00,중간부하,140,0,0.0,267.525,267.525,0.0,0.0,0.0
2026-10-16 15:30:00,중간부하,140,0,0.0,261.2,261.2,0.0,0.0,0.0
2026-10-16 15:45:00,중간부하,140,0,0.0,255.565,255.565,0.0,0.0,0.0
2026-10-16 16:00:00,중간부하,140,0,0.0,276.294,276.294,0.0,0.0,0.0
2026-10-16 16:15:00,중간부하,140,0,0.0,255.948,255.948,0.0,0.0,0.0
2026-10-16 16:30:00,중간부하,140,0,0.0,278.278,278.278,0.0,0.0,0.0
2026-10-16 16:45:00,중간부하,140,0,0.0,251.913,251.913,0.0,0.0,0.0
2026-10-16 17:00:00,최대부하,220,1,0.0,243.877,243.877,0.0,0.0,0.0
2026-10-16 17:15:00,최대부하,220,1,0.0,235.685,235.685,0.0,0.0,0.0
2026-10-16 17:30:00,최대부하,220,1,0.0,142.014,142.014,0.0,0.0,0.0
2026-10-16 17:45:00,최대부하,220,1,0.0,132.378,132.378,0.0,0.0,0.0
2026-10-16 18:00:00,최대부하,220,1,0.0,158.27,158.27,0.0,0.0,0.0
2026-10-16 18:15:00,최대부하,220,1,0.0,203.446,203.446,0.0,0.0,0.0
2026-10-16 18:30:00,최대부하,220,1,0.0,200.544,200.544,0.0,0.0,0.0
2026-10-16 18:45:00,최대부하,220,1,0.0,204.748,204.748,0.0,0.0,0.0
2026-10-16 19:00:00,최대부하,220,1,0.0,202.898,202.898,0.0,0.0,0.0
2026-10-16 19:15:00,최대부하,220,1,0.0,204.345,204.345,0.0,0.0,0.0
2026-10-16 19:30:00,최대부하,220,1,0.0,213.591,213.591,0.0,0.0,0.0
2026-10-16 19:45:00,최대부하,220,1,0.0,210.014,210.014,0.0,0.0,0.0
2026-10-16 20:00:00,중간부하,140,0,0.0,210.725,210.725,0.0,0.0,0.0
2026-10-16 20:15:00,중간부하,140,0,0.0,197.949,197.949,0.0,0.0,0.0
2026-10-16 20:30:00,중간부하,140,0,0.0,189.179,189.179,0.0,0.0,0.0
2026-10-16 20:45:00,중간부하,140,0,0.0,114.285,114.285,0.0,0.0,0.0
2026-10-16 21:00:00,중간부하,140,0,0.0,60.127,60.127,0.0,0.0,0.0
2026-10-16 21:15:00,중간부하,140,0,0.0,52.508,52.508,0.0,0.0,0.0
2026-10-16 21:30:00,중간부하,140,0,0.0,46.501,46.501,0.0,0.0,0.0
2026-10-16 21:45:00,중간부하,140,0,0.0,50.834,50.834,0.0,0.0,0.0
2026-10-16 22:00:00,경부하,90,0,0.0,45.177,45.177,0.0,0.0,0.0
2026-10-16 22:15:00,경부하,90,0,0.0,38.754,38.754,0.0,0.0,0.0
2026-10-16 22:30:00,경부하,90,0,0.0,47.296,47.296,0.0,0.0,0.0
2026-10-16 22:45:00,경부하,90,0,0.0,37.343,37.343,0.0,0.0,0.0
2026-10-16 23:00:00,경부하,90,0,0.0,38.762,38.762,0.0,0.0,0.0
2026-10-16 23:15:00,경부하,90,0,0.0,46.49,46.49,0.0,0.0,0.0
2026-10-16 23:30:00,경부하,90,0,0.0,40.772,40.772,0.0,0.0,0.0
2026-10-16 23:45:00,경부하,90,0,0.0,42.482,42.482,0.0,0.0,0.0
2026-10-17 00:00:00,경부하,76,0,0.0,43.126,43.126,0.0,0.0,0.0
2026-10-17 00:15:00,경부하,76,0,0.0,40.765,40.765,0.0,0.0,0.0
2026-10-17 00:30:00,경부하,76,0,0.0,38.779,38.779,0.0,0.0,0.0
2026-10-17 00:45:00,경부하,76,0,0.0,34.83,34.83,0.0,0.0,0.0
2026-10-17 01:00:00,경부하,76,0,0.0,35.279,35.279,0.0,0.0,0.0
2026-10-17 01:15:00,경부하,76,0,0.0,25.721,25.721,0.0,0.0,0.0
2026-10-17 01:30:00,경부하,76,0,0.0,23.928,23.928,0.0,0.0,0.0
2026-10-17 01:45:00,경부하,76,0,0.0,21.462,21.462,0.0,0.0,0.0
2026-10-17 02:00:00,경부하,76,0,0.0,18.222,18.222,0.0,0.0,0.0
2026-10-17 02:15:00,경부하,76,0,0.0,20.736,20.736,0.0,0.0,0.0
2026-10-17 02:30:00,경부하,76,0,0.0,20.572,20.572,0.0,0.0,0.0
2026-10-17 02:45:00,경부하,76,0,0.0,18.598,18.598,0.0,0.0,0.0
2026-10-17 03:00:00,경부하,76,0,0.0,19.308,19.308,0.0,0.0,0.0
2026-10-17 03:15:00,경부하,76,0,0.0,20.568,20.568,0.0,0.0,0.0
2026-10-17 03:30:00,경부하,76,0,0.0,18.908,18.908,0.0,0.0,0.0
2026-10-17 03:45:00,경부하,76,0,0.0,19.745,19.745,0.0,0.0,0.0
2026-10-17 04:00:00,경부하,76,0,0.0,20.234,20.234,0.0,0.0,0.0
2026-10-17 04:15:00,경부하,76,0,0.0,18.193,18.193,0.0,0.0,0.0
2026-10-17 04:30:00,경부하,76,0,0.0,20.502,20.502,0.0,0.0,0.0
2026-10-17 04:45:00,경부하,76,0,0.0,19.883,19.883,0.0,0.0,0.0
2026-10-17 05:00:00,경부하,76,0,0.0,18.612,18.612,0.0,0.0,0.0
2026-10-17 05:15:00,경부하,76,0,0.0,20.46,20.46,0.0,0.0,0.0
2026-10-17 05:30:00,경부하,76,0,0.0,18.132,18.132,0.0,0.0,0.0
2026-10-17 05:45:00,경부하,76,0,0.0,17.727,17.727,0.0,0.0,0.0
2026-10-17 06:00:00,경부하,76,0,0.0,20.401,20.401,0.0,0.0,0.0
2026-10-17 06:15:00,경부하,76,0,0.0,18.839,18.839,0.0,0.0,0.0
2026-10-17 06:30:00,경부하,76,0,0.0,18.765,18.765,0.0,0.0,0.0
2026-10-17 06:45:00,경부하,76,0,0.0,20.345,20.345,0.0,0.0,0.0
2026-10-17 07:00:00,경부하,76,0,0.0,17.589,17.589,0.0,0.0,0.0
2026-10-17 07:15:00,경부하,76,0,0.0,16.712,16.712,0.0,0.0,0.0
2026-10-17 07:30:00,경부하,76,0,0.0,17.474,17.474,0.0,0.0,0.0
2026-10-17 07:45:00,경부하,76,0,0.0,20.316,20.316,0.0,0.0,0.0
2026-10-17 08:00:00,중간부하,119,0,0.0,89.882,89.882,0.0,0.0,0.0
2026-10-17 08:15:00,중간부하,119,0,0.0,148.489,148.489,0.0,0.0,0.0
2026-10-17 08:30:00,중간부하,119,0,0.0,139.175,139.175,0.0,0.0,0.0
2026-10-17 08:45:00,중간부하,119,0,0.0,143.964,143.964,0.0,0.0,0.0
2026-10-17 09:00:00,중간부하,119,0,0.0,151.455,151.455,0.0,0.0,0.0
2026-10-17 09:15:00,중간부하,119,0,0.0,146.051,146.051,0.0,0.0,0.0
2026-10-17 09:30:00,중간부하,119,0,0.0,142.095,142.095,0.0,0.0,0.0
2026-10-17 09:45:00,중간부하,119,0,0.0,145.035,145.035,0.0,0.0,0.0
2026-10-17 10:00:00,최대부하,187,1,0.0,145.905,145.905,0.0,0.0,0.0
2026-10-17 10:15:00,최대부하,187,1,0.0,148.066,148.066,0.0,0.0,0.0
2026-10-17 10:30:00,최대부하,187,1,0.0,147.628,147.628,0.0,0.0,0.0
2026-10-17 10:45:00,최대부하,187,1,0.0,155.062,155.062,0.0,0.0,0.0
2026-10-17 11:00:00,최대부하,187,1,0.0,142.73,142.73,0.0,0.0,0.0
2026-10-17 11:15:00,최대부하,187,1,0.0,146.409,146.409,0.0,0.0,0.0
2026-10-17 11:30:00,최대부하,187,1,0.0,145.442,145.442,0.0,0.0,0.0
2026-10-17 11:45:00,최대부하,187,1,0.0,106.313,106.313,0.0,0.0,0.0
2026-10-17 12:00:00,중간부하,119,0,0.0,25.505,25.505,0.0,0.0,0.0
2026-10-17 12:15:00,중간부하,119,0,0.0,20.312,20.312,0.0,0.0,0.0
2026-10-17 12:30:00,중간부하,119,0,0.0,20.444,20.444,0.0,0.0,0.0
2026-10-17 12:45:00,중간부하,119,0,0.0,20.73,20.73,0.0,0.0,0.0
2026-10-17 13:00:00,중간부하,119,0,0.0,74.014,74.014,0.0,0.0,0.0
2026-10-17 13:15:00,중간부하,119,0,0.0,151.325,151.325,0.0,0.0,0.0
2026-10-17 13:30:00,중간부하,119,0,0.0,151.055,151.055,0.0,0.0,0.0
2026-10-17 13:45:00,중간부하,119,0,0.0,154.525,154.525,0.0,0.0,0.0
2026-10-17 14:00:00,중간부하,119,0,0.0,145.119,145.119,0.0,0.0,0.0
2026-10-17 14:15:00,중간부하,119,0,0.0,154.367,154.367,0.0,0.0,0.0
2026-10-17 14:30:00,중간부하,119,0,0.0,151.035,151.035,0.0,0.0,0.0
2026-10-17 14:45:00,중간부하,119,0,0.0,158.344,158.344,0.0,0.0,0.0
2026-10-17 15:00:00,중간부하,119,0,0.0,153.372,153.372,0.0,0.0,0.0
2026-10-17 15:15:00,중간부하,119,0,0.0,156.283,156.283,0.0,0.0,0.0
2026-10-17 15:30:00,중간부하,119,0,0.0,163.725,163.725,0.0,0.0,0.0
2026-10-17 15:45:00,중간부하,119,0,0.0,146.872,146.872,0.0,0.0,0.0
2026-10-17 16:00:00,중간부하,119,0,0.0,153.275,153.275,0.0,0.0,0.0
2026-10-17 16:15:00,중간부하,119,0,0.0,148.156,148.156,0.0,0.0,0.0
2026-10-17 16:30:00,중간부하,119,0,0.0,140.021,140.021,0.0,0.0,0.0
2026-10-17 16:45:00,중간부하,119,0,0.0,75.312,75.312,0.0,0.0,0.0
2026-10-17 17:00:00,최대부하,187,1,0.0,38.946,38.946,0.0,0.0,0.0
2026-10-17 17:15:00,최대부하,187,1,0.0,35.028,35.028,0.0,0.0,0.0
2026-10-17 17:30:00,최대부하,187,1,0.0,33.513,33.513,0.0,0.0,0.0
2026-10-17 17:45:00,최대부하,187,1,0.0,34.641,34.641,0.0,0.0,0.0
2026-10-17 18:00:00,최대부하,187,1,0.0,31.698,31.698,0.0,0.0,0.0
2026-10-17 18:15:00,최대부하,187,1,0.0,31.564,31.564,0.0,0.0,0.0
2026-10-17 18:30:00,최대부하,187,1,0.0,28.671,28.671,0.0,0.0,0.0
2026-10-17 18:45:00,최대부하,187,1,0.0,31.088,31.088,0.0,0.0,0.0
2026-10-17 19:00:00,최대부하,187,1,0.0,28.996,28.996,0.0,0.0,0.0
2026-10-17 19:15:00,최대부하,187,1,0.0,26.009,26.009,0.0,0.0,0.0
2026-10-17 19:30:00,최대부하,187,1,0.0,29.461,29.461,0.0,0.0,0.0
2026-10-17 19:45:00,최대부하,187,1,0.0,29.867,29.867,0.0,0.0,0.0
2026-10-17 20:00:00,중간부하,119,0,0.0,29.556,29.556,0.0,0.0,0.0
2026-10-17 20:15:00,중간부하,119,0,0.0,28.473,28.473,0.0,0.0,0.0
2026-10-17 20:30:00,중간부하,119,0,0.0,26.323,26.323,0.0,0.0,0.0
2026-10-17 20:45:00,중간부하,119,0,0.0,25.864,25.864,0.0,0.0,0.0
2026-10-17 21:00:00,중간부하,119,0,0.0,26.016,26.016,0.0,0.0,0.0
2026-10-17 21:15:00,중간부하,119,0,0.0,25.37,25.37,0.0,0.0,0.0
2026-10-17 21:30:00,중간부하,119,0,0.0,26.457,26.457,0.0,0.0,0.0
2026-10-17 21:45:00,중간부하,119,0,0.0,23.398,23.398,0.0,0.0,0.0
2026-10-17 22:00:00,경부하,76,0,0.0,25.642,25.642,0.0,0.0,0.0
2026-10-17 22:15:00,경부하,76,0,0.0,24.288,24.288,0.0,0.0,0.0
2026-10-17 22:30:00,경부하,76,0,0.0,24.244,24.244,0.0,0.0,0.0
2026-10-17 22:45:00,경부하,76,0,0.0,23.669,23.669,0.0,0.0,0.0
2026-10-17 23:00:00,경부하,76,0,0.0,23.612,23.612,0.0,0.0,0.0
2026-10-17 23:15:00,경부하,76,0,0.0,23.451,23.451,0.0,0.0,0.0
2026-10-17 23:30:00,경부하,76,0,0.0,22.961,22.961,0.0,0.0,0.0
2026-10-17 23:45:00,경부하,76,0,0.0,21.873,21.873,0.0,0.0,0.0
2026-10-18 00:00:00,경부하,76,0,0.0,22.248,22.248,0.0,0.0,0.0
2026-10-18 00:15:00,경부하,76,0,0.0,21.832,21.832,0.0,0.0,0.0
2026-10-18 00:30:00,경부하,76,0,0.0,19.921,19.921,0.0,0.0,0.0
2026-10-18 00:45:00,경부하,76,0,0.0,20.232,20.232,0.0,0.0,0.0
2026-10-18 01:00:00,경부하,76,0,0.0,17.288,17.288,0.0,0.0,0.0
2026-10-18 01:15:00,경부하,76,0,0.0,15.905,15.905,0.0,0.0,0.0
2026-10-18 01:30:00,경부하,76,0,0.0,15.657,15.657,0.0,0.0,0.0
2026-10-18 01:45:00,경부하,76,0,0.0,15.828,15.828,0.0,0.0,0.0
2026-10-18 02:00:00,경부하,76,0,0.0,15.318,15.318,0.0,0.0,0.0
2026-10-18 02:15:00,경부하,76,0,0.0,15.278,15.278,0.0,0.0,0.0
2026-10-18 02:30:00,경부하,76,0,0.0,15.838,15.838,0.0,0.0,0.0
2026-10-18 02:45:00,경부하,76,0,0.0,15.985,15.985,0.0,0.0,0.0
2026-10-18 03:00:00,경부하,76,0,0.0,15.722,15.722,0.0,0.0,0.0
2026-10-18 03:15:00,경부하,76,0,0.0,15.743,15.743,0.0,0.0,0.0
2026-10-18 03:30:00,경부하,76,0,0.0,15.731,15.731,0.0,0.0,0.0
2026-10-18 03:45:00,경부하,76,0,0.0,15.575,15.575,0.0,0.0,0.0
2026-10-18 04:00:00,경부하,76,0,0.0,15.706,15.706,0.0,0.0,0.0
2026-10-18 04:15:00,경부하,76,0,0.0,15.354,15.354,0.0,0.0,0.0
2026-10-18 04:30:00,경부하,76,0,0.0,15.713,15.713,0.0,0.0,0.0
2026-10-18 04:45:00,경부하,76,0,0.0,15.895,15.895,0.0,0.0,0.0
2026-10-18 05:00:00,경부하,76,0,0.0,15.068,15.068,0.0,0.0,0.0
2026-10-18 05:15:00,경부하,76,0,0.0,14.018,14.018,0.0,0.0,0.0
2026-10-18 05:30:00,경부하,76,0,0.0,12.866,12.866,0.0,0.0,0.0
2026-10-18 05:45:00,경부하,76,0,0.0,12.792,12.792,0.0,0.0,0.0
2026-10-18 06:00:00,경부하,76,0,0.0,12.713,12.713,0.0,0.0,0.0
2026-10-18 06:15:00,경부하,76,0,0.0,12.64,12.64,0.0,0.0,0.0
2026-10-18 06:30:00,경부하,76,0,0.0,12.932,12.932,0.0,0.0,0.0
2026-10-18 06:45:00,경부하,76,0,0.0,12.771,12.771,0.0,0.0,0.0
2026-10-18 07:00:00,경부하,76,0,0.0,12.516,12.516,0.0,0.0,0.0
2026-10-18 07:15:00,경부하,76,0,0.0,12.54,12.54,0.0,0.0,0.0
2026-10-18 07:30:00,경부하,76,0,0.0,12.668,12.668,0.0,0.0,0.0
2026-10-18 07:45:00,경부하,76,0,0.0,14.532,14.532,0.0,0.0,0.0
2026-10-18 08:00:00,중간부하,119,0,0.0,42.572,42.572,0.0,0.0,0.0
2026-10-18 08:15:00,중간부하,119,0,0.0,65.489,65.489,0.0,0.0,0.0
2026-10-18 08:30:00,중간부하,119,0,0.0,60.635,60.635,0.0,0.0,0.0
2026-10-18 08:45:00,중간부하,119,0,0.0,65.008,65.008,0.0,0.0,0.0
2026-10-18 09:00:00,중간부하,119,0,0.0,60.27,60.27,0.0,0.0,0.0
2026-10-18 09:15:00,중간부하,119,0,0.0,63.161,63.161,0.0,0.0,0.0
2026-10-18 09:30:00,중간부하,119,0,0.0,68.01,68.01,0.0,0.0,0.0
2026-10-18 09:45:00,중간부하,119,0,0.0,62.445,62.445,0.0,0.0,0.0
2026-10-18 10:00:00,최대부하,187,1,0.0,64.752,64.752,0.0,0.0,0.0
2026-10-18 10:15:00,최대부하,187,1,0.0,64.89,64.89,0.0,0.0,0.0
2026-10-18 10:30:00,최대부하,187,1,0.0,64.339,64.339,0.0,0.0,0.0
2026-10-18 10:45:00,최대부하,187,1,0.0,62.242,62.242,0.0,0.0,0.0
2026-10-18 11:00:00,최대부하,187,1,0.0,66.597,66.597,0.0,0.0,0.0
2026-10-18 11:15:00,최대부하,187,1,0.0,62.407,62.407,0.0,0.0,0.0
2026-10-18 11:30:00,최대부하,187,1,0.0,64.188,64.188,0.0,0.0,0.0
2026-10-18 11:45:00,최대부하,187,1,0.0,41.472,41.472,0.0,0.0,0.0
2026-10-18 12:00:00,중간부하,119,0,0.0,16.96,16.96,0.0,0.0,0.0
2026-10-18 12:15:00,중간부하,119,0,0.0,16.848,16.848,0.0,0.0,0.0
2026-10-18 12:30:00,중간부하,119,0,0.0,16.795,16.795,0.0,0.0,0.0
2026-10-18 12:45:00,중간부하,119,0,0.0,16.46,16.46,0.0,0.0,0.0
2026-10-18 13:00:00,중간부하,119,0,0.0,37.534,37.534,0.0,0.0,0.0
2026-10-18 13:15:00,중간부하,119,0,0.0,67.28,67.28,0.0,0.0,0.0
2026-10-18 13:30:00,중간부하,119,0,0.0,61.742,61.742,0.0,0.0,0.0
2026-10-18 13:45:00,중간부하,119,0,0.0,62.418,62.418,0.0,0.0,0.0
2026-10-18 14:00:00,중간부하,119,0,0.0,59.25,59.25,0.0,0.0,0.0
2026-10-18 14:15:00,중간부하,119,0,0.0,59.904,59.904,0.0,0.0,0.0
2026-10-18 14:30:00,중간부하,119,0,0.0,59.657,59.657,0.0,0.0,0.0
2026-10-18 14:45:00,중간부하,119,0,0.0,58.42,58.42,0.0,0.0,0.0
2026-10-18 15:00:00,중간부하,119,0,0.0,57.632,57.632,0.0,0.0,0.0
2026-10-18 15:15:00,중간부하,119,0,0.0,57.97,57.97,0.0,0.0,0.0
2026-10-18 15:30:00,중간부하,119,0,0.0,57.804,57.804,0.0,0.0,0.0
2026-10-18 15:45:00,중간부하,119,0,0.0,57.182,57.182,0.0,0.0,0.0
2026-10-18 16:00:00,중간부하,119,0,0.0,57.992,57.992,0.0,0.0,0.0
2026-10-18 16:15:00,중간부하,119,0,0.0,52.412,52.412,0.0,0.0,0.0
2026-10-18 16:30:00,중간부하,119,0,0.0,47.272,47.272,0.0,0.0,0.0
2026-10-18 16:45:00,중간부하,119,0,0.0,25.923,25.923,0.0,0.0,0.0
2026-10-18 17:00:00,최대부하,187,1,0.0,20.468,20.468,0.0,0.0,0.0
2026-10-18 17:15:00,최대부하,187,1,0.0,20.326,20.326,0.0,0.0,0.0
2026-10-18 17:30:00,최대부하,187,1,0.0,19.438,19.438,0.0,0.0,0.0
2026-10-18 17:45:00,최대부하,187,1,0.0,18.378,18.378,0.0,0.0,0.0
2026-10-18 18:00:00,최대부하,187,1,0.0,18.608,18.608,0.0,0.0,0.0
2026-10-18 18:15:00,최대부하,187,1,0.0,18.747,18.747,0.0,0.0,0.0
2026-10-18 18:30:00,최대부하,187,1,0.0,19.018,19.018,0.0,0.0,0.0
2026-10-18 18:45:00,최대부하,187,1,0.0,19.511,19.511,0.0,0.0,0.0
2026-10-18 19:00:00,최대부하,187,1,0.0,19.579,19.579,0.0,0.0,0.0
2026-10-18 19:15:00,최대부하,187,1,0.0,19.396,19.396,0.0,0.0,0.0
2026-10-18 19:30:00,최대부하,187,1,0.0,19.217,19.217,0.0,0.0,0.0
2026-10-18 19:45:00,최대부하,187,1,0.0,19.61,19.61,0.0,0.0,0.0
2026-10-18 20:00:00,중간부하,119,0,0.0,19.327,19.327,0.0,0.0,0.0
2026-10-18 20:15:00,중간부하,119,0,0.0,19.314,19.314,0.0,0.0,0.0
2026-10-18 20:30:00,중간부하,119,0,0.0,19.325,19.325,0.0,0.0,0.0
2026-10-18 20:45:00,중간부하,119,0,0.0,16.784,16.784,0.0,0.0,0.0
2026-10-18 21:00:00,중간부하,119,0,0.0,16.109,16.109,0.0,0.0,0.0
2026-10-18 21:15:00,중간부하,119,0,0.0,15.985,15.985,0.0,0.0,0.0
2026-10-18 21:30:00,중간부하,119,0,0.0,15.941,15.941,0.0,0.0,0.0
2026-10-18 21:45:00,중간부하,119,0,0.0,15.938,15.938,0.0,0.0,0.0
2026-10-18 22:00:00,경부하,76,0,0.0,15.539,15.539,0.0,0.0,0.0
2026-10-18 22:15:00,경부하,76,0,0.0,13.565,13.565,0.0,0.0,0.0
2026-10-18 22:30:00,경부하,76,0,0.0,12.806,12.806,0.0,0.0,0.0
2026-10-18 22:45:00,경부하,76,0,0.0,13.003,13.003,0.0,0.0,0.0
2026-10-18 23:00:00,경부하,76,0,0.0,12.68,12.68,0.0,0.0,0.0
2026-10-18 23:15:00,경부하,76,0,0.0,12.646,12.646,0.0,0.0,0.0
2026-10-18 23:30:00,경부하,76,0,0.0,12.673,12.673,0.0,0.0,0.0
2026-10-18 23:45:00,경부하,76,0,0.0,12.833,12.833,0.0,0.0,0.0
2026-10-19 00:00:00,경부하,90,0,0.0,12.85,12.85,0.0,0.0,0.0
2026-10-19 00:15:00,경부하,90,0,0.0,12.956,12.956,0.0,0.0,0.0
2026-10-19 00:30:00,경부하,90,0,0.0,13.035,13.035,0.0,0.0,0.0
2026-10-19 00:45:00,경부하,90,0,0.0,13.085,13.085,0.0,0.0,0.0
2026-10-19 01:00:00,경부하,90,0,0.0,12.997,12.997,0.0,0.0,0.0
2026-10-19 01:15:00,경부하,90,0,0.0,12.794,12.794,0.0,0.0,0.0
2026-10-19 01:30:00,경부하,90,0,0.0,13.008,13.008,0.0,0.0,0.0
2026-10-19 01:45:00,경부하,90,0,0.0,12.882,12.882,0.0,0.0,0.0
2026-10-19 02:00:00,경부하,90,0,0.0,12.63,12.63,0.0,0.0,0.0
2026-10-19 02:15:00,경부하,90,0,0.0,12.98,12.98,0.0,0.0,0.0
2026-10-19 02:30:00,경부하,90,0,0.0,13.34,13.34,0.0,0.0,0.0
2026-10-19 02:45:00,경부하,90,0,0.0,12.99,12.99,0.0,0.0,0.0
2026-10-19 03:00:00,경부하,90,0,0.0,12.848,12.848,0.0,0.0,0.0
2026-10-19 03:15:00,경부하,90,0,0.0,12.751,12.751,0.0,0.0,0.0
2026-10-19 03:30:00,경부하,90,0,0.0,12.724,12.724,0.0,0.0,0.0
2026-10-19 03:45:00,경부하,90,0,0.0,12.756,12.756,0.0,0.0,0.0
2026-10-19 04:00:00,경부하,90,0,0.0,12.845,12.845,0.0,0.0,0.0
2026-10-19 04:15:00,경부하,90,0,0.0,12.782,12.782,0.0,0.0,0.0
2026-10-19 04:30:00,경부하,90,0,0.0,12.925,12.925,0.0,0.0,0.0
2026-10-19 04:45:00,경부하,90,0,0.0,12.878,12.878,0.0,0.0,0.0
2026-10-19 05:00:00,경부하,90,0,0.0,12.779,12.779,0.0,0.0,0.0
2026-10-19 05:15:00,경부하,90,0,0.0,12.618,12.618,0.0,0.0,0.0
2026-10-19 05:30:00,경부하,90,0,0.0,12.798,12.798,0.0,0.0,0.0
2026-10-19 05:45:00,경부하,90,0,0.0,12.466,12.466,0.0,0.0,0.0
2026-10-19 06:00:00,경부하,90,0,0.0,12.367,12.367,0.0,0.0,0.0
2026-10-19 06:15:00,경부하,90,0,0.0,12.623,12.623,0.0,0.0,0.0
2026-10-19 06:30:00,경부하,90,0,0.0,12.895,12.895,0.0,0.0,0.0
2026-10-19 06:45:00,경부하,90,0,0.0,12.731,12.731,0.0,0.0,0.0
2026-10-19 07:00:00,경부하,90,0,0.0,13.008,13.008,0.0,0.0,0.0
2026-10-19 07:15:00,경부하,90,0,0.0,15.638,15.638,0.0,0.0,0.0
2026-10-19 07:30:00,경부하,90,0,0.0,17.853,17.853,0.0,0.0,0.0
2026-10-19 07:45:00,경부하,90,0,0.0,20.112,20.112,0.0,0.0,0.0
2026-10-19 08:00:00,중간부하,140,0,0.0,114.752,114.752,0.0,0.0,0.0
2026-10-19 08:15:00,중간부하,140,0,0.0,251.374,251.374,0.0,0.0,0.0
2026-10-19 08:30:00,중간부하,140,0,0.0,265.695,265.695,0.0,0.0,0.0
2026-10-19 08:45:00,중간부하,140,0,0.0,276.251,276.251,0.0,0.0,0.0
2026-10-19 09:00:00,중간부하,140,0,0.0,280.412,280.412,0.0,0.0,0.0
2026-10-19 09:15:00,중간부하,140,0,0.0,266.788,266.788,0.0,0.0,0.0
2026-10-19 09:30:00,중간부하,140,0,0.0,285.483,285.483,0.0,0.0,0.0
2026-10-19 09:45:00,중간부하,140,0,0.0,277.985,277.985,0.0,0.0,0.0
2026-10-19 10:00:00,최대부하,220,1,0.0,259.021,259.021,0.0,0.0,0.0
2026-10-19 10:15:00,최대부하,220,1,0.0,269.785,269.785,0.0,0.0,0.0
2026-10-19 10:30:00,최대부하,220,1,0.0,263.931,263.931,0.0,0.0,0.0
2026-10-19 10:45:00,최대부하,220,1,0.0,271.781,271.781,0.0,0.0,0.0
2026-10-19 11:00:00,최대부하,220,1,0.0,284.783,284.783,0.0,0.0,0.0
2026-10-19 11:15:00,최대부하,220,1,0.0,271.371,271.371,0.0,0.0,0.0
2026-10-19 11:30:00,최대부하,220,1,0.0,278.232,278.232,0.0,0.0,0.0
2026-10-19 11:45:00,최대부하,220,1,0.0,252.95,252.95,0.0,0.0,0.0
2026-10-19 12:00:00,중간부하,140,0,0.0,43.005,43.005,0.0,0.0,0.0
2026-10-19 12:15:00,중간부하,140,0,0.0,28.669,28.669,0.0,0.0,0.0
2026-10-19 12:30:00,중간부하,140,0,0.0,27.18,27.18,0.0,0.0,0.0
2026-10-19 12:45:00,중간부하,140,0,0.0,27.192,27.192,0.0,0.0,0.0
2026-10-19 13:00:00,중간부하,140,0,0.0,189.26,189.26,0.0,0.0,0.0
2026-10-19 13:15:00,중간부하,140,0,0.0,278.242,278.242,0.0,0.0,0.0
2026-10-19 13:30:00,중간부하,140,0,0.0,289.083,289.083,0.0,0.0,0.0
2026-10-19 13:45:00,중간부하,140,0,0.0,283.115,283.115,0.0,0.0,0.0
2026-10-19 14:00:00,중간부하,140,0,0.0,280.602,280.602,0.0,0.0,0.0
2026-10-19 14:15:00,중간부하,140,0,0.0,281.37,281.37,0.0,0.0,0.0
2026-10-19 14:30:00,중간부하,140,0,0.0,269.744,269.744,0.0,0.0,0.0
2026-10-19 14:45:00,중간부하,140,0,0.0,265.072,265.072,0.0,0.0,0.0
2026-10-19 15:00:00,중간부하,140,0,0.0,267.761,267.761,0.0,0.0,0.0
2026-10-19 15:15:00,중간부하,140,0,0.0,261.191,261.191,0.0,0.0,0.0
2026-10-19 15:30:00,중간부하,140,0,0.0,274.968,274.968,0.0,0.0,0.0
2026-10-19 15:45:00,중간부하,140,0,0.0,276.381,276.381,0.0,0.0,0.0
2026-10-19 16:00:00,중간부하,140,0,0.0,265.951,265.951,0.0,0.0,0.0
2026-10-19 16:15:00,중간부하,140,0,0.0,262.306,262.306,0.0,0.0,0.0
2026-10-19 16:30:00,중간부하,140,0,0.0,274.065,274.065,0.0,0.0,0.0
2026-10-19 16:45:00,중간부하,140,0,0.0,275.57,275.57,0.0,0.0,0.0
2026-10-19 17:00:00,최대부하,220,1,0.0,256.761,256.761,0.0,0.0,0.0
2026-10-19 17:15:00,최대부하,220,1,0.0,251.72,251.72,0.0,0.0,0.0
2026-10-19 17:30:00,최대부하,220,1,0.0,144.286,144.286,0.0,0.0,0.0
2026-10-19 17:45:00,최대부하,220,1,0.0,128.107,128.107,0.0,0.0,0.0
2026-10-19 18:00:00,최대부하,220,1,0.0,165.557,165.557,0.0,0.0,0.0
2026-10-19 18:15:00,최대부하,220,1,0.0,207.442,207.442,0.0,0.0,0.0
2026-10-19 18:30:00,최대부하,220,1,0.0,218.337,218.337,0.0,0.0,0.0
2026-10-19 18:45:00,최대부하,220,1,0.0,210.851,210.851,0.0,0.0,0.0
2026-10-19 19:00:00,최대부하,220,1,0.0,209.525,209.525,0.0,0.0,0.0
2026-10-19 19:15:00,최대부하,220,1,0.0,221.882,221.882,0.0,0.0,0.0
2026-10-19 19:30:00,최대부하,220,1,0.0,222.524,222.524,0.0,0.0,0.0
2026-10-19 19:45:00,최대부하,220,1,0.0,220.453,220.453,0.0,0.0,0.0
2026-10-19 20:00:00,중간부하,140,0,0.0,223.052,223.052,0.0,0.0,0.0
2026-10-19 20:15:00,중간부하,140,0,0.0,214.365,214.365,0.0,0.0,0.0
2026-10-19 20:30:00,중간부하,140,0,0.0,191.101,191.101,0.0,0.0,0.0
2026-10-19 20:45:00,중간부하,140,0,0.0,132.022,132.022,0.0,0.0,0.0
2026-10-19 21:00:00,중간부하,140,0,0.0,57.185,57.185,0.0,0.0,0.0
2026-10-19 21:15:00,중간부하,140,0,0.0,44.256,44.256,0.0,0.0,0.0
2026-10-19 21:30:00,중간부하,140,0,0.0,44.252,44.252,0.0,0.0,0.0
2026-10-19 21:45:00,중간부하,140,0,0.0,44.954,44.954,0.0,0.0,0.0
2026-10-19 22:00:00,경부하,90,0,0.0,48.264,48.264,0.0,0.0,0.0
2026-10-19 22:15:00,경부하,90,0,0.0,38.911,38.911,0.0,0.0,0.0
2026-10-19 22:30:00,경부하,90,0,0.0,36.838,36.838,0.0,0.0,0.0
2026-10-19 22:45:00,경부하,90,0,0.0,34.514,34.514,0.0,0.0,0.0
2026-10-19 23:00:00,경부하,90,0,0.0,34.921,34.921,0.0,0.0,0.0
2026-10-19 23:15:00,경부하,90,0,0.0,36.772,36.772,0.0,0.0,0.0
2026-10-19 23:30:00,경부하,90,0,0.0,34.484,34.484,0.0,0.0,0.0
2026-10-19 23:45:00,경부하,90,0,0.0,36.675,36.675,0.0,0.0,0.0
2026-10-20 00:00:00,경부하,90,0,0.0,36.114,36.114,0.0,0.0,0.0
2026-10-20 00:15:00,경부하,90,0,0.0,39.337,39.337,0.0,0.0,0.0
2026-10-20 00:30:00,경부하,90,0,0.0,37.004,37.004,0.0,0.0,0.0
2026-10-20 00:45:00,경부하,90,0,0.0,41.599,41.599,0.0,0.0,0.0
2026-10-20 01:00:00,경부하,90,0,0.0,35.127,35.127,0.0,0.0,0.0
2026-10-20 01:15:00,경부하,90,0,0.0,24.466,24.466,0.0,0.0,0.0
2026-10-20 01:30:00,경부하,90,0,0.0,17.961,17.961,0.0,0.0,0.0
2026-10-20 01:45:00,경부하,90,0,0.0,17.045,17.045,0.0,0.0,0.0
2026-10-20 02:00:00,경부하,90,0,0.0,17.12,17.12,0.0,0.0,0.0
2026-10-20 02:15:00,경부하,90,0,0.0,17.022,17.022,0.0,0.0,0.0
2026-10-20 02:30:00,경부하,90,0,0.0,16.892,16.892,0.0,0.0,0.0
2026-10-20 02:45:00,경부하,90,0,0.0,16.721,16.721,0.0,0.0,0.0
2026-10-20 03:00:00,경부하,90,0,0.0,16.683,16.683,0.0,0.0,0.0
2026-10-20 03:15:00,경부하,90,0,0.0,16.655,16.655,0.0,0.0,0.0
2026-10-20 03:30:00,경부하,90,0,0.0,16.456,16.456,0.0,0.0,0.0
2026-10-20 03:45:00,경부하,90,0,0.0,16.764,16.764,0.0,0.0,0.0
2026-10-20 04:00:00,경부하,90,0,0.0,16.588,16.588,0.0,0.0,0.0
2026-10-20 04:15:00,경부하,90,0,0.0,16.348,16.348,0.0,0.0,0.0
2026-10-20 04:30:00,경부하,90,0,0.0,16.541,16.541,0.0,0.0,0.0
2026-10-20 04:45:00,경부하,90,0,0.0,16.217,16.217,0.0,0.0,0.0
2026-10-20 05:00:00,경부하,90,0,0.0,16.445,16.445,0.0,0.0,0.0
2026-10-20 05:15:00,경부하,90,0,0.0,16.532,16.532,0.0,0.0,0.0
2026-10-20 05:30:00,경부하,90,0,0.0,16.422,16.422,0.0,0.0,0.0
2026-10-20 05:45:00,경부하,90,0,0.0,16.698,16.698,0.0,0.0,0.0
2026-10-20 06:00:00,경부하,90,0,0.0,16.323,16.323,0.0,0.0,0.0
2026-10-20 06:15:00,경부하,90,0,0.0,16.122,16.122,0.0,0.0,0.0
2026-10-20 06:30:00,경부하,90,0,0.0,16.009,16.009,0.0,0.0,0.0
2026-10-20 06:45:00,경부하,90,0,0.0,15.721,15.721,0.0,0.0,0.0
2026-10-20 07:00:00,경부하,90,0,0.0,16.168,16.168,0.0,0.0,0.0
2026-10-20 07:15:00,경부하,90,0,0.0,18.227,18.227,0.0,0.0,0.0
2026-10-20 07:30:00,경부하,90,0,0.0,21.363,21.363,0.0,0.0,0.0
2026-10-20 07:45:00,경부하,90,0,0.0,29.263,29.263,0.0,0.0,0.0
2026-10-20 08:00:00,중간부하,140,0,0.0,151.495,151.495,0.0,0.0,0.0
2026-10-20 08:15:00,중간부하,140,0,0.0,243.643,243.643,0.0,0.0,0.0
2026-10-20 08:30:00,중간부하,140,0,0.0,265.412,265.412,0.0,0.0,0.0
2026-10-20 08:45:00,중간부하,140,0,0.0,290.912,290.912,0.0,0.0,0.0
2026-10-20 09:00:00,중간부하,140,0,0.0,279.681,279.681,0.0,0.0,0.0
2026-10-20 09:15:00,중간부하,140,0,0.0,283.746,283.746,0.0,0.0,0.0
2026-10-20 09:30:00,중간부하,140,0,0.0,279.415,279.415,0.0,0.0,0.0
2026-10-20 09:45:00,중간부하,140,0,0.0,272.546,272.546,0.0,0.0,0.0
2026-10-20 10:00:00,최대부하,220,1,0.0,265.441,265.441,0.0,0.0,0.0
2026-10-20 10:15:00,최대부하,220,1,0.0,261.782,261.782,0.0,0.0,0.0
2026-10-20 10:30:00,최대부하,220,1,0.0,275.664,275.664,0.0,0.0,0.0
2026-10-20 10:45:00,최대부하,220,1,0.0,266.892,266.892,0.0,0.0,0.0
2026-10-20 11:00:00,최대부하,220,1,0.0,287.107,287.107,0.0,0.0,0.0
2026-10-20 11:15:00,최대부하,220,1,0.0,284.135,284.135,0.0,0.0,0.0
2026-10-20 11:30:00,최대부하,220,1,0.0,276.332,276.332,0.0,0.0,0.0
2026-10-20 11:45:00,최대부하,220,1,0.0,273.556,273.556,0.0,0.0,0.0
2026-10-20 12:00:00,중간부하,140,0,0.0,46.767,46.767,0.0,0.0,0.0
2026-10-20 12:15:00,중간부하,140,0,0.0,27.72,27.72,0.0,0.0,0.0
2026-10-20 12:30:00,중간부하,140,0,0.0,26.774,26.774,0.0,0.0,0.0
2026-10-20 12:45:00,중간부하,140,0,0.0,27.928,27.928,0.0,0.0,0.0
2026-10-20 13:00:00,중간부하,140,0,0.0,182.489,182.489,0.0,0.0,0.0
2026-10-20 13:15:00,중간부하,140,0,0.0,285.736,285.736,0.0,0.0,0.0
2026-10-20 13:30:00,중간부하,140,0,0.0,286.145,286.145,0.0,0.0,0.0
2026-10-20 13:45:00,중간부하,140,0,0.0,279.957,279.957,0.0,0.0,0.0
2026-10-20 14:00:00,중간부하,140,0,0.0,264.714,264.714,0.0,0.0,0.0
2026-10-20 14:15:00,중간부하,140,0,0.0,274.39,274.39,0.0,0.0,0.0
2026-10-20 14:30:00,중간부하,140,0,0.0,268.019,268.019,0.0,0.0,0.0
2026-10-20 14:45:00,중간부하,140,0,0.0,270.076,270.076,0.0,0.0,0.0
2026-10-20 15:00:00,중간부하,140,0,0.0,262.217,262.217,0.0,0.0,0.0
2026-10-20 15:15:00,중간부하,140,0,0.0,268.865,268.865,0.0,0.0,0.0
2026-10-20 15:30:00,중간부하,140,0,0.0,285.578,285.578,0.0,0.0,0.0
2026-10-20 15:45:00,중간부하,140,0,0.0,277.58,277.58,0.0,0.0,0.0
2026-10-20 16:00:00,중간부하,140,0,0.0,278.23,278.23,0.0,0.0,0.0
2026-10-20 16:15:00,중간부하,140,0,0.0,276.398,276.398,0.0,0.0,0.0
2026-10-20 16:30:00,중간부하,140,0,0.0,285.036,285.036,0.0,0.0,0.0
2026-10-20 16:45:00,중간부하,140,0,0.0,281.371,281.371,0.0,0.0,0.0
2026-10-20 17:00:00,최대부하,220,1,0.0,269.065,269.065,0.0,0.0,0.0
2026-10-20 17:15:00,최대부하,220,1,0.0,257.127,257.127,0.0,0.0,0.0
2026-10-20 17:30:00,최대부하,220,1,0.0,158.167,158.167,0.0,0.0,0.0
2026-10-20 17:45:00,최대부하,220,1,0.0,133.933,133.933,0.0,0.0,0.0
2026-10-20 18:00:00,최대부하,220,1,0.0,173.995,173.995,0.0,0.0,0.0
2026-10-20 18:15:00,최대부하,220,1,0.0,228.677,228.677,0.0,0.0,0.0
2026-10-20 18:30:00,최대부하,220,1,0.0,221.255,221.255,0.0,0.0,0.0
2026-10-20 18:45:00,최대부하,220,1,0.0,225.055,225.055,0.0,0.0,0.0
2026-10-20 19:00:00,최대부하,220,1,0.0,215.646,215.646,0.0,0.0,0.0
2026-10-20 19:15:00,최대부하,220,1,0.0,224.292,224.292,0.0,0.0,0.0
2026-10-20 19:30:00,최대부하,220,1,0.0,224.765,224.765,0.0,0.0,0.0
2026-10-20 19:45:00,최대부하,220,1,0.0,220.343,220.343,0.0,0.0,0.0
2026-10-20 20:00:00,중간부하,140,0,0.0,217.295,217.295,0.0,0.0,0.0
2026-10-20 20:15:00,중간부하,140,0,0.0,232.438,232.438,0.0,0.0,0.0
2026-10-20 20:30:00,중간부하,140,0,0.0,202.0,202.0,0.0,0.0,0.0
2026-10-20 20:45:00,중간부하,140,0,0.0,123.442,123.442,0.0,0.0,0.0
2026-10-20 21:00:00,중간부하,140,0,0.0,54.756,54.756,0.0,0.0,0.0
2026-10-20 21:15:00,중간부하,140,0,0.0,47.072,47.072,0.0,0.0,0.0
2026-10-20 21:30:00,중간부하,140,0,0.0,44.078,44.078,0.0,0.0,0.0
2026-10-20 21:45:00,중간부하,140,0,0.0,40.455,40.455,0.0,0.0,0.0
2026-10-20 22:00:00,경부하,90,0,0.0,40.695,40.695,0.0,0.0,0.0
2026-10-20 22:15:00,경부하,90,0,0.0,44.449,44.449,0.0,0.0,0.0
2026-10-20 22:30:00,경부하,90,0,0.0,41.861,41.861,0.0,0.0,0.0
2026-10-20 22:45:00,경부하,90,0,0.0,41.546,41.546,0.0,0.0,0.0
2026-10-20 23:00:00,경부하,90,0,0.0,42.38,42.38,0.0,0.0,0.0
2026-10-20 23:15:00,경부하,90,0,0.0,40.47,40.47,0.0,0.0,0.0
2026-10-20 23:30:00,경부하,90,0,0.0,38.335,38.335,0.0,0.0,0.0
2026-10-20 23:45:00,경부하,90,0,0.0,38.911,38.911,0.0,0.0,0.0
2026-10-21 00:00:00,경부하,90,0,0.0,37.418,37.418,0.0,0.0,0.0
2026-10-21 00:15:00,경부하,90,0,0.0,40.035,40.035,0.0,0.0,0.0
2026-10-21 00:30:00,경부하,90,0,0.0,40.663,40.663,0.0,0.0,0.0
2026-10-21 00:45:00,경부하,90,0,0.0,40.911,40.911,0.0,0.0,0.0
2026-10-21 01:00:00,경부하,90,0,0.0,33.475,33.475,0.0,0.0,0.0
2026-10-21 01:15:00,경부하,90,0,0.0,22.947,22.947,0.0,0.0,0.0
2026-10-21 01:30:00,경부하,90,0,0.0,19.222,19.222,0.0,0.0,0.0
2026-10-21 01:45:00,경부하,90,0,0.0,18.318,18.318,0.0,0.0,0.0
2026-10-21 02:00:00,경부하,90,0,0.0,18.12,18.12,0.0,0.0,0.0
2026-10-21 02:15:00,경부하,90,0,0.0,18.145,18.145,0.0,0.0,0.0
2026-10-21 02:30:00,경부하,90,0,0.0,18.082,18.082,0.0,0.0,0.0
2026-10-21 02:45:00,경부하,90,0,0.0,17.741,17.741,0.0,0.0,0.0
2026-10-21 03:00:00,경부하,90,0,0.0,18.025,18.025,0.0,0.0,0.0
2026-10-21 03:15:00,경부하,90,0,0.0,18.775,18.775,0.0,0.0,0.0
2026-10-21 03:30:00,경부하,90,0,0.0,18.358,18.358,0.0,0.0,0.0
2026-10-21 03:45:00,경부하,90,0,0.0,17.994,17.994,0.0,0.0,0.0
2026-10-21 04:00:00,경부하,90,0,0.0,18.013,18.013,0.0,0.0,0.0
2026-10-21 04:15:00,경부하,90,0,0.0,17.742,17.742,0.0,0.0,0.0
2026-10-21 04:30:00,경부하,90,0,0.0,17.35,17.35,0.0,0.0,0.0
2026-10-21 04:45:00,경부하,90,0,0.0,17.128,17.128,0.0,0.0,0.0
2026-10-21 05:00:00,경부하,90,0,0.0,17.232,17.232,0.0,0.0,0.0
2026-10-21 05:15:00,경부하,90,0,0.0,17.455,17.455,0.0,0.0,0.0
2026-10-21 05:30:00,경부하,90,0,0.0,17.556,17.556,0.0,0.0,0.0
2026-10-21 05:45:00,경부하,90,0,0.0,17.41,17.41,0.0,0.0,0.0
2026-10-21 06:00:00,경부하,90,0,0.0,17.809,17.809,0.0,0.0,0.0
2026-10-21 06:15:00,경부하,90,0,0.0,17.996,17.996,0.0,0.0,0.0
2026-10-21 06:30:00,경부하,90,0,0.0,17.65,17.65,0.0,0.0,0.0
2026-10-21 06:45:00,경부하,90,0,0.0,17.578,17.578,0.0,0.0,0.0
2026-10-21 07:00:00,경부하,90,0,0.0,17.262,17.262,0.0,0.0,0.0
2026-10-21 07:15:00,경부하,90,0,0.0,19.424,19.424,0.0,0.0,0.0
2026-10-21 07:30:00,경부하,90,0,0.0,24.39,24.39,0.0,0.0,0.0
2026-10-21 07:45:00,경부하,90,0,0.0,31.34,31.34,0.0,0.0,0.0
2026-10-21 08:00:00,중간부하,140,0,0.0,159.069,159.069,0.0,0.0,0.0
2026-10-21 08:15:00,중간부하,140,0,0.0,269.942,269.942,0.0,0.0,0.0
2026-10-21 08:30:00,중간부하,140,0,0.0,284.293,284.293,0.0,0.0,0.0
2026-10-21 08:45:00,중간부하,140,0,0.0,276.33,276.33,0.0,0.0,0.0
2026-10-21 09:00:00,중간부하,140,0,0.0,279.042,279.042,0.0,0.0,0.0
2026-10-21 09:15:00,중간부하,140,0,0.0,286.857,286.857,0.0,0.0,0.0
2026-10-21 09:30:00,중간부하,140,0,0.0,272.74,272.74,0.0,0.0,0.0
2026-10-21 09:45:00,중간부하,140,0,0.0,269.892,269.892,0.0,0.0,0.0
2026-10-21 10:00:00,최대부하,220,1,0.0,256.118,256.118,0.0,0.0,0.0
2026-10-21 10:15:00,최대부하,220,1,0.0,267.085,267.085,0.0,0.0,0.0
2026-10-21 10:30:00,최대부하,220,1,0.0,265.439,265.439,0.0,0.0,0.0
2026-10-21 10:45:00,최대부하,220,1,0.0,295.369,295.369,0.0,0.0,0.0
2026-10-21 11:00:00,최대부하,220,1,0.0,291.302,291.302,0.0,0.0,0.0
2026-10-21 11:15:00,최대부하,220,1,0.0,284.038,284.038,0.0,0.0,0.0
2026-10-21 11:30:00,최대부하,220,1,0.0,266.75,266.75,0.0,0.0,0.0
2026-10-21 11:45:00,최대부하,220,1,0.0,244.678,244.678,0.0,0.0,0.0
2026-10-21 12:00:00,중간부하,140,0,0.0,40.369,40.369,0.0,0.0,0.0
2026-10-21 12:15:00,중간부하,140,0,0.0,27.647,27.647,0.0,0.0,0.0
2026-10-21 12:30:00,중간부하,140,0,0.0,28.149,28.149,0.0,0.0,0.0
2026-10-21 12:45:00,중간부하,140,0,0.0,29.332,29.332,0.0,0.0,0.0
2026-10-21 13:00:00,중간부하,140,0,0.0,171.38,171.38,0.0,0.0,0.0
2026-10-21 13:15:00,중간부하,140,0,0.0,266.295,266.295,0.0,0.0,0.0
2026-10-21 13:30:00,중간부하,140,0,0.0,258.91,258.91,0.0,0.0,0.0
2026-10-21 13:45:00,중간부하,140,0,0.0,279.498,279.498,0.0,0.0,0.0
2026-10-21 14:00:00,중간부하,140,0,0.0,285.861,285.861,0.0,0.0,0.0
2026-10-21 14:15:00,중간부하,140,0,0.0,272.125,272.125,0.0,0.0,0.0
2026-10-21 14:30:00,중간부하,140,0,0.0,272.985,272.985,0.0,0.0,0.0
2026-10-21 14:45:00,중간부하,140,0,0.0,279.835,279.835,0.0,0.0,0.0
2026-10-21 15:00:00,중간부하,140,0,0.0,270.658,270.658,0.0,0.0,0.0
2026-10-21 15:15:00,중간부하,140,0,0.0,269.159,269.159,0.0,0.0,0.0
2026-10-21 15:30:00,중간부하,140,0,0.0,271.022,271.022,0.0,0.0,0.0
2026-10-21 15:45:00,중간부하,140,0,0.0,271.092,271.092,0.0,0.0,0.0
2026-10-21 16:00:00,중간부하,140,0,0.0,264.628,264.628,0.0,0.0,0.0
2026-10-21 16:15:00,중간부하,140,0,0.0,280.148,280.148,0.0,0.0,0.0
2026-10-21 16:30:00,중간부하,140,0,0.0,287.726,287.726,0.0,0.0,0.0
2026-10-21 16:45:00,중간부하,140,0,0.0,269.837,269.837,0.0,0.0,0.0
2026-10-21 17:00:00,최대부하,220,1,0.0,269.621,269.621,0.0,0.0,0.0
2026-10-21 17:15:00,최대부하,220,1,0.0,251.815,251.815,0.0,0.0,0.0
2026-10-21 17:30:00,최대부하,220,1,0.0,173.331,173.331,0.0,0.0,0.0
2026-10-21 17:45:00,최대부하,220,1,0.0,135.333,135.333,0.0,0.0,0.0
2026-10-21 18:00:00,최대부하,220,1,0.0,124.455,124.455,0.0,0.0,0.0
2026-10-21 18:15:00,최대부하,220,1,0.0,154.137,154.137,0.0,0.0,0.0
2026-10-21 18:30:00,최대부하,220,1,0.0,151.595,151.595,0.0,0.0,0.0
2026-10-21 18:45:00,최대부하,220,1,0.0,158.055,158.055,0.0,0.0,0.0
2026-10-21 19:00:00,최대부하,220,1,0.0,152.064,152.064,0.0,0.0,0.0
2026-10-21 19:15:00,최대부하,220,1,0.0,150.662,150.662,0.0,0.0,0.0
2026-10-21 19:30:00,최대부하,220,1,0.0,147.891,147.891,0.0,0.0,0.0
2026-10-21 19:45:00,최대부하,220,1,0.0,153.55,153.55,0.0,0.0,0.0
2026-10-21 20:00:00,중간부하,140,0,0.0,159.595,159.595,0.0,0.0,0.0
2026-10-21 20:15:00,중간부하,140,0,0.0,154.218,154.218,0.0,0.0,0.0
2026-10-21 20:30:00,중간부하,140,0,0.0,133.906,133.906,0.0,0.0,0.0
2026-10-21 20:45:00,중간부하,140,0,0.0,90.133,90.133,0.0,0.0,0.0
2026-10-21 21:00:00,중간부하,140,0,0.0,54.913,54.913,0.0,0.0,0.0
2026-10-21 21:15:00,중간부하,140,0,0.0,49.363,49.363,0.0,0.0,0.0
2026-10-21 21:30:00,중간부하,140,0,0.0,48.443,48.443,0.0,0.0,0.0
2026-10-21 21:45:00,중간부하,140,0,0.0,39.593,39.593,0.0,0.0,0.0
2026-10-21 22:00:00,경부하,90,0,0.0,34.38,34.38,0.0,0.0,0.0
2026-10-21 22:15:00,경부하,90,0,0.0,32.804,32.804,0.0,0.0,0.0
2026-10-21 22:30:00,경부하,90,0,0.0,31.518,31.518,0.0,0.0,0.0
2026-10-21 22:45:00,경부하,90,0,0.0,34.164,34.164,0.0,0.0,0.0
2026-10-21 23:00:00,경부하,90,0,0.0,33.887,33.887,0.0,0.0,0.0
2026-10-21 23:15:00,경부하,90,0,0.0,34.529,34.529,0.0,0.0,0.0
2026-10-21 23:30:00,경부하,90,0,0.0,33.838,33.838,0.0,0.0,0.0
2026-10-21 23:45:00,경부하,90,0,0.0,30.667,30.667,0.0,0.0,0.0
2026-10-22 00:00:00,경부하,90,0,0.0,33.367,33.367,0.0,0.0,0.0
2026-10-22 00:15:00,경부하,90,0,0.0,33.265,33.265,0.0,0.0,0.0
2026-10-22 00:30:00,경부하,90,0,0.0,31.42,31.42,0.0,0.0,0.0
2026-10-22 00:45:00,경부하,90,0,0.0,34.583,34.583,0.0,0.0,0.0
2026-10-22 01:00:00,경부하,90,0,0.0,30.894,30.894,0.0,0.0,0.0
2026-10-22 01:15:00,경부하,90,0,0.0,20.935,20.935,0.0,0.0,0.0
2026-10-22 01:30:00,경부하,90,0,0.0,18.714,18.714,0.0,0.0,0.0
2026-10-22 01:45:00,경부하,90,0,0.0,19.015,19.015,0.0,0.0,0.0
2026-10-22 02:00:00,경부하,90,0,0.0,19.253,19.253,0.0,0.0,0.0
2026-10-22 02:15:00,경부하,90,0,0.0,19.285,19.285,0.0,0.0,0.0
2026-10-22 02:30:00,경부하,90,0,0.0,18.778,18.778,0.0,0.0,0.0
2026-10-22 02:45:00,경부하,90,0,0.0,18.864,18.864,0.0,0.0,0.0
2026-10-22 03:00:00,경부하,90,0,0.0,19.052,19.052,0.0,0.0,0.0
2026-10-22 03:15:00,경부하,90,0,0.0,18.583,18.583,0.0,0.0,0.0
2026-10-22 03:30:00,경부하,90,0,0.0,18.577,18.577,0.0,0.0,0.0
2026-10-22 03:45:00,경부하,90,0,0.0,19.012,19.012,0.0,0.0,0.0
2026-10-22 04:00:00,경부하,90,0,0.0,19.283,19.283,0.0,0.0,0.0
2026-10-22 04:15:00,경부하,90,0,0.0,19.173,19.173,0.0,0.0,0.0
2026-10-22 04:30:00,경부하,90,0,0.0,18.645,18.645,0.0,0.0,0.0
2026-10-22 04:45:00,경부하,90,0,0.0,18.767,18.767,0.0,0.0,0.0
2026-10-22 05:00:00,경부하,90,0,0.0,18.808,18.808,0.0,0.0,0.0
2026-10-22 05:15:00,경부하,90,0,0.0,18.412,18.412,0.0,0.0,0.0
2026-10-22 05:30:00,경부하,90,0,0.0,18.757,18.757,0.0,0.0,0.0
2026-10-22 05:45:00,경부하,90,0,0.0,19.035,19.035,0.0,0.0,0.0
2026-10-22 06:00:00,경부하,90,0,0.0,18.143,18.143,0.0,0.0,0.0
2026-10-22 06:15:00,경부하,90,0,0.0,18.978,18.978,0.0,0.0,0.0
2026-10-22 06:30:00,경부하,90,0,0.0,18.828,18.828,0.0,0.0,0.0
2026-10-22 06:45:00,경부하,90,0,0.0,18.335,18.335,0.0,0.0,0.0
2026-10-22 07:00:00,경부하,90,0,0.0,18.24,18.24,0.0,0.0,0.0
2026-10-22 07:15:00,경부하,90,0,0.0,20.425,20.425,0.0,0.0,0.0
2026-10-22 07:30:00,경부하,90,0,0.0,23.757,23.757,0.0,0.0,0.0
2026-10-22 07:45:00,경부하,90,0,0.0,27.183,27.183,0.0,0.0,0.0
2026-10-22 08:00:00,중간부하,140,0,0.0,191.397,191.397,0.0,0.0,0.0
2026-10-22 08:15:00,중간부하,140,0,0.0,305.288,305.288,0.0,0.0,0.0
2026-10-22 08:30:00,중간부하,140,0,0.0,307.401,307.401,0.0,0.0,0.0
2026-10-22 08:45:00,중간부하,140,0,0.0,323.661,323.661,0.0,0.0,0.0
2026-10-22 09:00:00,중간부하,140,0,0.0,308.033,308.033,0.0,0.0,0.0
2026-10-22 09:15:00,중간부하,140,0,0.0,300.822,300.822,0.0,0.0,0.0
2026-10-22 09:30:00,중간부하,140,0,0.0,298.718,298.718,0.0,0.0,0.0
2026-10-22 09:45:00,중간부하,140,0,0.0,292.326,292.326,0.0,0.0,0.0
2026-10-22 10:00:00,최대부하,220,1,0.0,302.987,302.987,0.0,0.0,0.0
2026-10-22 10:15:00,최대부하,220,1,0.0,289.321,289.321,0.0,0.0,0.0
2026-10-22 10:30:00,최대부하,220,1,0.0,294.67,294.67,0.0,0.0,0.0
2026-10-22 10:45:00,최대부하,220,1,0.0,280.6,280.6,0.0,0.0,0.0
2026-10-22 11:00:00,최대부하,220,1,0.0,285.437,285.437,0.0,0.0,0.0
2026-10-22 11:15:00,최대부하,220,1,0.0,285.953,285.953,0.0,0.0,0.0
2026-10-22 11:30:00,최대부하,220,1,0.0,286.922,286.922,0.0,0.0,0.0
2026-10-22 11:45:00,최대부하,220,1,0.0,276.387,276.387,0.0,0.0,0.0
2026-10-22 12:00:00,중간부하,140,0,0.0,49.101,49.101,0.0,0.0,0.0
2026-10-22 12:15:00,중간부하,140,0,0.0,28.675,28.675,0.0,0.0,0.0
2026-10-22 12:30:00,중간부하,140,0,0.0,30.302,30.302,0.0,0.0,0.0
2026-10-22 12:45:00,중간부하,140,0,0.0,33.602,33.602,0.0,0.0,0.0
2026-10-22 13:00:00,중간부하,140,0,0.0,187.318,187.318,0.0,0.0,0.0
2026-10-22 13:15:00,중간부하,140,0,0.0,272.024,272.024,0.0,0.0,0.0
2026-10-22 13:30:00,중간부하,140,0,0.0,272.189,272.189,0.0,0.0,0.0
2026-10-22 13:45:00,중간부하,140,0,0.0,266.752,266.752,0.0,0.0,0.0
2026-10-22 14:00:00,중간부하,140,0,0.0,264.631,264.631,0.0,0.0,0.0
2026-10-22 14:15:00,중간부하,140,0,0.0,265.352,265.352,0.0,0.0,0.0
2026-10-22 14:30:00,중간부하,140,0,0.0,265.271,265.271,0.0,0.0,0.0
2026-10-22 14:45:00,중간부하,140,0,0.0,270.798,270.798,0.0,0.0,0.0
2026-10-22 15:00:00,중간부하,140,0,0.0,260.983,260.983,0.0,0.0,0.0
2026-10-22 15:15:00,중간부하,140,0,0.0,261.572,261.572,0.0,0.0,0.0
2026-10-22 15:30:00,중간부하,140,0,0.0,281.624,281.624,0.0,0.0,0.0
2026-10-22 15:45:00,중간부하,140,0,0.0,262.866,262.866,0.0,0.0,0.0
2026-10-22 16:00:00,중간부하,140,0,0.0,277.955,277.955,0.0,0.0,0.0
2026-10-22 16:15:00,중간부하,140,0,0.0,271.536,271.536,0.0,0.0,0.0
2026-10-22 16:30:00,중간부하,140,0,0.0,264.813,264.813,0.0,0.0,0.0
2026-10-22 16:45:00,중간부하,140,0,0.0,251.23,251.23,0.0,0.0,0.0
2026-10-22 17:00:00,최대부하,220,1,0.0,270.641,270.641,0.0,0.0,0.0
2026-10-22 17:15:00,최대부하,220,1,0.0,243.981,243.981,0.0,0.0,0.0
2026-10-22 17:30:00,최대부하,220,1,0.0,137.975,137.975,0.0,0.0,0.0
2026-10-22 17:45:00,최대부하,220,1,0.0,130.982,130.982,0.0,0.0,0.0
2026-10-22 18:00:00,최대부하,220,1,0.0,180.622,180.622,0.0,0.0,0.0
2026-10-22 18:15:00,최대부하,220,1,0.0,228.064,228.064,0.0,0.0,0.0
2026-10-22 18:30:00,최대부하,220,1,0.0,216.218,216.218,0.0,0.0,0.0
2026-10-22 18:45:00,최대부하,220,1,0.0,231.463,231.463,0.0,0.0,0.0
2026-10-22 19:00:00,최대부하,220,1,0.0,214.949,214.949,0.0,0.0,0.0
2026-10-22 19:15:00,최대부하,220,1,0.0,222.671,222.671,0.0,0.0,0.0
2026-10-22 19:30:00,최대부하,220,1,0.0,223.345,223.345,0.0,0.0,0.0
2026-10-22 19:45:00,최대부하,220,1,0.0,216.407,216.407,0.0,0.0,0.0
2026-10-22 20:00:00,중간부하,140,0,0.0,216.952,216.952,0.0,0.0,0.0
2026-10-22 20:15:00,중간부하,140,0,0.0,235.69,235.69,0.0,0.0,0.0
2026-10-22 20:30:00,중간부하,140,0,0.0,201.626,201.626,0.0,0.0,0.0
2026-10-22 20:45:00,중간부하,140,0,0.0,136.433,136.433,0.0,0.0,0.0
2026-10-22 21:00:00,중간부하,140,0,0.0,77.192,77.192,0.0,0.0,0.0
2026-10-22 21:15:00,중간부하,140,0,0.0,52.722,52.722,0.0,0.0,0.0
2026-10-22 21:30:00,중간부하,140,0,0.0,43.755,43.755,0.0,0.0,0.0
2026-10-22 21:45:00,중간부하,140,0,0.0,41.743,41.743,0.0,0.0,0.0
2026-10-22 22:00:00,경부하,90,0,0.0,39.685,39.685,0.0,0.0,0.0
2026-10-22 22:15:00,경부하,90,0,0.0,36.102,36.102,0.0,0.0,0.0
2026-10-22 22:30:00,경부하,90,0,0.0,39.482,39.482,0.0,0.0,0.0
2026-10-22 22:45:00,경부하,90,0,0.0,41.073,41.073,0.0,0.0,0.0
2026-10-22 23:00:00,경부하,90,0,0.0,35.87,35.87,0.0,0.0,0.0
2026-10-22 23:15:00,경부하,90,0,0.0,34.091,34.091,0.0,0.0,0.0
2026-10-22 23:30:00,경부하,90,0,0.0,36.598,36.598,0.0,0.0,0.0
2026-10-22 23:45:00,경부하,90,0,0.0,39.829,39.829,0.0,0.0,0.0
2026-10-23 00:00:00,경부하,90,0,0.0,30.361,30.361,0.0,0.0,0.0
2026-10-23 00:15:00,경부하,90,0,0.0,38.746,38.746,0.0,0.0,0.0
2026-10-23 00:30:00,경부하,90,0,0.0,35.905,35.905,0.0,0.0,0.0
2026-10-23 00:45:00,경부하,90,0,0.0,33.632,33.632,0.0,0.0,0.0
2026-10-23 01:00:00,경부하,90,0,0.0,24.041,24.041,0.0,0.0,0.0
2026-10-23 01:15:00,경부하,90,0,0.0,21.534,21.534,0.0,0.0,0.0
2026-10-23 01:30:00,경부하,90,0,0.0,20.223,20.223,0.0,0.0,0.0
2026-10-23 01:45:00,경부하,90,0,0.0,19.115,19.115,0.0,0.0,0.0
2026-10-23 02:00:00,경부하,90,0,0.0,22.425,22.425,0.0,0.0,0.0
2026-10-23 02:15:00,경부하,90,0,0.0,22.317,22.317,0.0,0.0,0.0
2026-10-23 02:30:00,경부하,90,0,0.0,20.325,20.325,0.0,0.0,0.0
2026-10-23 02:45:00,경부하,90,0,0.0,21.089,21.089,0.0,0.0,0.0
2026-10-23 03:00:00,경부하,90,0,0.0,20.312,20.312,0.0,0.0,0.0
2026-10-23 03:15:00,경부하,90,0,0.0,21.456,21.456,0.0,0.0,0.0
2026-10-23 03:30:00,경부하,90,0,0.0,19.235,19.235,0.0,0.0,0.0
2026-10-23 03:45:00,경부하,90,0,0.0,19.102,19.102,0.0,0.0,0.0
2026-10-23 04:00:00,경부하,90,0,0.0,19.117,19.117,0.0,0.0,0.0
2026-10-23 04:15:00,경부하,90,0,0.0,20.109,20.109,0.0,0.0,0.0
2026-10-23 04:30:00,경부하,90,0,0.0,18.887,18.887,0.0,0.0,0.0
2026-10-23 04:45:00,경부하,90,0,0.0,18.64,18.64,0.0,0.0,0.0
2026-10-23 05:00:00,경부하,90,0,0.0,18.962,18.962,0.0,0.0,0.0
2026-10-23 05:15:00,경부하,90,0,0.0,20.562,20.562,0.0,0.0,0.0
2026-10-23 05:30:00,경부하,90,0,0.0,21.922,21.922,0.0,0.0,0.0
2026-10-23 05:45:00,경부하,90,0,0.0,21.122,21.122,0.0,0.0,0.0
2026-10-23 06:00:00,경부하,90,0,0.0,21.338,21.338,0.0,0.0,0.0
2026-10-23 06:15:00,경부하,90,0,0.0,21.855,21.855,0.0,0.0,0.0
2026-10-23 06:30:00,경부하,90,0,0.0,20.911,20.911,0.0,0.0,0.0
2026-10-23 06:45:00,경부하,90,0,0.0,22.001,22.001,0.0,0.0,0.0
2026-10-23 07:00:00,경부하,90,0,0.0,21.557,21.557,0.0,0.0,0.0
2026-10-23 07:15:00,경부하,90,0,0.0,21.214,21.214,0.0,0.0,0.0
2026-10-23 07:30:00,경부하,90,0,0.0,26.972,26.972,0.0,0.0,0.0
2026-10-23 07:45:00,경부하,90,0,0.0,26.195,26.195,0.0,0.0,0.0
2026-10-23 08:00:00,중간부하,140,0,0.0,156.597,156.597,0.0,0.0,0.0
2026-10-23 08:15:00,중간부하,140,0,0.0,260.635,260.635,0.0,0.0,0.0
2026-10-23 08:30:00,중간부하,140,0,0.0,279.825,279.825,0.0,0.0,0.0
2026-10-23 08:45:00,중간부하,140,0,0.0,290.583,290.583,0.0,0.0,0.0
2026-10-23 09:00:00,중간부하,140,0,0.0,293.703,293.703,0.0,0.0,0.0
2026-10-23 09:15:00,중간부하,140,0,0.0,276.915,276.915,0.0,0.0,0.0
2026-10-23 09:30:00,중간부하,140,0,0.0,264.379,264.379,0.0,0.0,0.0
2026-10-23 09:45:00,중간부하,140,0,0.0,263.182,263.182,0.0,0.0,0.0
2026-10-23 10:00:00,최대부하,220,1,0.0,254.578,254.578,0.0,0.0,0.0
2026-10-23 10:15:00,최대부하,220,1,0.0,258.041,258.041,0.0,0.0,0.0
2026-10-23 10:30:00,최대부하,220,1,0.0,251.716,251.716,0.0,0.0,0.0
2026-10-23 10:45:00,최대부하,220,1,0.0,256.311,256.311,0.0,0.0,0.0
2026-10-23 11:00:00,최대부하,220,1,0.0,262.412,262.412,0.0,0.0,0.0
2026-10-23 11:15:00,최대부하,220,1,0.0,269.604,269.604,0.0,0.0,0.0
2026-10-23 11:30:00,최대부하,220,1,0.0,260.805,260.805,0.0,0.0,0.0
2026-10-23 11:45:00,최대부하,220,1,0.0,255.243,255.243,0.0,0.0,0.0
2026-10-23 12:00:00,중간부하,140,0,0.0,46.342,46.342,0.0,0.0,0.0
2026-10-23 12:15:00,중간부하,140,0,0.0,24.532,24.532,0.0,0.0,0.0
2026-10-23 12:30:00,중간부하,140,0,0.0,23.851,23.851,0.0,0.0,0.0
2026-10-23 12:45:00,중간부하,140,0,0.0,23.976,23.976,0.0,0.0,0.0
2026-10-23 13:00:00,중간부하,140,0,0.0,174.841,174.841,0.0,0.0,0.0
2026-10-23 13:15:00,중간부하,140,0,0.0,260.305,260.305,0.0,0.0,0.0
2026-10-23 13:30:00,중간부하,140,0,0.0,270.731,270.731,0.0,0.0,0.0
2026-10-23 13:45:00,중간부하,140,0,0.0,258.359,258.359,0.0,0.0,0.0
2026-10-23 14:00:00,중간부하,140,0,0.0,266.001,266.001,0.0,0.0,0.0
2026-10-23 14:15:00,중간부하,140,0,0.0,269.82,269.82,0.0,0.0,0.0
2026-10-23 14:30:00,중간부하,140,0,0.0,270.388,270.388,0.0,0.0,0.0
2026-10-23 14:45:00,중간부하,140,0,0.0,266.162,266.162,0.0,0.0,0.0
2026-10-23 15:00:00,중간부하,140,0,0.0,248.149,248.149,0.0,0.0,0.0
2026-10-23 15:15:00,중간부하,140,0,0.0,267.525,267.525,0.0,0.0,0.0
2026-10-23 15:30:00,중간부하,140,0,0.0,261.2,261.2,0.0,0.0,0.0
2026-10-23 15:45:00,중간부하,140,0,0.0,255.565,255.565,0.0,0.0,0.0
2026-10-23 16:00:00,중간부하,140,0,0.0,276.294,276.294,0.0,0.0,0.0
2026-10-23 16:15:00,중간부하,140,0,0.0,255.948,255.948,0.0,0.0,0.0
2026-10-23 16:30:00,중간부하,140,0,0.0,278.278,278.278,0.0,0.0,0.0
2026-10-23 16:45:00,중간부하,140,0,0.0,251.913,251.913,0.0,0.0,0.0
2026-10-23 17:00:00,최대부하,220,1,0.0,243.877,243.877,0.0,0.0,0.0
2026-10-23 17:15:00,최대부하,220,1,0.0,235.685,235.685,0.0,0.0,0.0
2026-10-23 17:30:00,최대부하,220,1,0.0,142.014,142.014,0.0,0.0,0.0
2026-10-23 17:45:00,최대부하,220,1,0.0,132.378,132.378,0.0,0.0,0.0
2026-10-23 18:00:00,최대부하,220,1,0.0,158.27,158.27,0.0,0.0,0.0
2026-10-23 18:15:00,최대부하,220,1,0.0,203.446,203.446,0.0,0.0,0.0
2026-10-23 18:30:00,최대부하,220,1,0.0,200.544,200.544,0.0,0.0,0.0
2026-10-23 18:45:00,최대부하,220,1,0.0,204.748,204.748,0.0,0.0,0.0
2026-10-23 19:00:00,최대부하,220,1,0.0,202.898,202.898,0.0,0.0,0.0
2026-10-23 19:15:00,최대부하,220,1,0.0,204.345,204.345,0.0,0.0,0.0
2026-10-23 19:30:00,최대부하,220,1,0.0,213.591,213.591,0.0,0.0,0.0
2026-10-23 19:45:00,최대부하,220,1,0.0,210.014,210.014,0.0,0.0,0.0
2026-10-23 20:00:00,중간부하,140,0,0.0,210.725,210.725,0.0,0.0,0.0
2026-10-23 20:15:00,중간부하,140,0,0.0,197.949,197.949,0.0,0.0,0.0
2026-10-23 20:30:00,중간부하,140,0,0.0,189.179,189.179,0.0,0.0,0.0
2026-10-23 20:45:00,중간부하,140,0,0.0,114.285,114.285,0.0,0.0,0.0
2026-10-23 21:00:00,중간부하,140,0,0.0,60.127,60.127,0.0,0.0,0.0
2026-10-23 21:15:00,중간부하,140,0,0.0,52.508,52.508,0.0,0.0,0.0
2026-10-23 21:30:00,중간부하,140,0,0.0,46.501,46.501,0.0,0.0,0.0
2026-10-23 21:45:00,중간부하,140,0,0.0,50.834,50.834,0.0,0.0,0.0
2026-10-23 22:00:00,경부하,90,0,0.0,45.177,45.177,0.0,0.0,0.0
2026-10-23 22:15:00,경부하,90,0,0.0,38.754,38.754,0.0,0.0,0.0
2026-10-23 22:30:00,경부하,90,0,0.0,47.296,47.296,0.0,0.0,0.0
2026-10-23 22:45:00,경부하,90,0,0.0,37.343,37.343,0.0,0.0,0.0
2026-10-23 23:00:00,경부하,90,0,0.0,38.762,38.762,0.0,0.0,0.0
2026-10-23 23:15:00,경부하,90,0,0.0,46.49,46.49,0.0,0.0,0.0
2026-10-23 23:30:00,경부하,90,0,0.0,40.772,40.772,0.0,0.0,0.0
2026-10-23 23:45:00,경부하,90,0,0.0,42.482,42.482,0.0,0.0,0.0
2026-10-24 00:00:00,경부하,76,0,0.0,43.126,43.126,0.0,0.0,0.0
2026-10-24 00:15:00,경부하,76,0,0.0,40.765,40.765,0.0,0.0,0.0
2026-10-24 00:30:00,경부하,76,0,0.0,38.779,38.779,0.0,0.0,0.0
2026-10-24 00:45:00,경부하,76,0,0.0,34.83,34.83,0.0,0.0,0.0
2026-10-24 01:00:00,경부하,76,0,0.0,35.279,35.279,0.0,0.0,0.0
2026-10-24 01:15:00,경부하,76,0,0.0,25.721,25.721,0.0,0.0,0.0
2026-10-24 01:30:00,경부하,76,0,0.0,23.928,23.928,0.0,0.0,0.0
2026-10-24 01:45:00,경부하,76,0,0.0,21.462,21.462,0.0,0.0,0.0
2026-10-24 02:00:00,경부하,76,0,0.0,18.222,18.222,0.0,0.0,0.0
2026-10-24 02:15:00,경부하,76,0,0.0,20.736,20.736,0.0,0.0,0.0
2026-10-24 02:30:00,경부하,76,0,0.0,20.572,20.572,0.0,0.0,0.0
2026-10-24 02:45:00,경부하,76,0,0.0,18.598,18.598,0.0,0.0,0.0
2026-10-24 03:00:00,경부하,76,0,0.0,19.308,19.308,0.0,0.0,0.0
2026-10-24 03:15:00,경부하,76,0,0.0,20.568,20.568,0.0,0.0,0.0
2026-10-24 03:30:00,경부하,76,0,0.0,18.908,18.908,0.0,0.0,0.0
2026-10-24 03:45:00,경부하,76,0,0.0,19.745,19.745,0.0,0.0,0.0
2026-10-24 04:00:00,경부하,76,0,0.0,20.234,20.234,0.0,0.0,0.0
2026-10-24 04:15:00,경부하,76,0,0.0,18.193,18.193,0.0,0.0,0.0
2026-10-24 04:30:00,경부하,76,0,0.0,20.502,20.502,0.0,0.0,0.0
2026-10-24 04:45:00,경부하,76,0,0.0,19.883,19.883,0.0,0.0,0.0
2026-10-24 05:00:00,경부하,76,0,0.0,18.612,18.612,0.0,0.0,0.0
2026-10-24 05:15:00,경부하,76,0,0.0,20.46,20.46,0.0,0.0,0.0
2026-10-24 05:30:00,경부하,76,0,0.0,18.132,18.132,0.0,0.0,0.0
2026-10-24 05:45:00,경부하,76,0,0.0,17.727,17.727,0.0,0.0,0.0
2026-10-24 06:00:00,경부하,76,0,0.0,20.401,20.401,0.0,0.0,0.0
2026-10-24 06:15:00,경부하,76,0,0.0,18.839,18.839,0.0,0.0,0.0
2026-10-24 06:30:00,경부하,76,0,0.0,18.765,18.765,0.0,0.0,0.0
2026-10-24 06:45:00,경부하,76,0,0.0,20.345,20.345,0.0,0.0,0.0
2026-10-24 07:00:00,경부하,76,0,0.0,17.589,17.589,0.0,0.0,0.0
2026-10-24 07:15:00,경부하,76,0,0.0,16.712,16.712,0.0,0.0,0.0
2026-10-24 07:30:00,경부하,76,0,0.0,17.474,17.474,0.0,0.0,0.0
2026-10-24 07:45:00,경부하,76,0,0.0,20.316,20.316,0.0,0.0,0.0
2026-10-24 08:00:00,중간부하,119,0,0.0,89.882,89.882,0.0,0.0,0.0
2026-10-24 08:15:00,중간부하,119,0,0.0,148.489,148.489,0.0,0.0,0.0
2026-10-24 08:30:00,중간부하,119,0,0.0,139.175,139.175,0.0,0.0,0.0
2026-10-24 08:45:00,중간부하,119,0,0.0,143.964,143.964,0.0,0.0,0.0
2026-10-24 09:00:00,중간부하,119,0,0.0,151.455,151.455,0.0,0.0,0.0
2026-10-24 09:15:00,중간부하,119,0,0.0,146.051,146.051,0.0,0.0,0.0
2026-10-24 09:30:00,중간부하,119,0,0.0,142.095,142.095,0.0,0.0,0.0
2026-10-24 09:45:00,중간부하,119,0,0.0,145.035,145.035,0.0,0.0,0.0
2026-10-24 10:00:00,최대부하,187,1,0.0,145.905,145.905,0.0,0.0,0.0
2026-10-24 10:15:00,최대부하,187,1,0.0,148.066,148.066,0.0,0.0,0.0
2026-10-24 10:30:00,최대부하,187,1,0.0,147.628,147.628,0.0,0.0,0.0
2026-10-24 10:45:00,최대부하,187,1,0.0,155.062,155.062,0.0,0.0,0.0
2026-10-24 11:00:00,최대부하,187,1,0.0,142.73,142.73,0.0,0.0,0.0
2026-10-24 11:15:00,최대부하,187,1,0.0,146.409,146.409,0.0,0.0,0.0
2026-10-24 11:30:00,최대부하,187,1,0.0,145.442,145.442,0.0,0.0,0.0
2026-10-24 11:45:00,최대부하,187,1,0.0,106.313,106.313,0.0,0.0,0.0
2026-10-24 12:00:00,중간부하,119,0,0.0,25.505,25.505,0.0,0.0,0.0
2026-10-24 12:15:00,중간부하,119,0,0.0,20.312,20.312,0.0,0.0,0.0
2026-10-24 12:30:00,중간부하,119,0,0.0,20.444,20.444,0.0,0.0,0.0
2026-10-24 12:45:00,중간부하,119,0,0.0,20.73,20.73,0.0,0.0,0.0
2026-10-24 13:00:00,중간부하,119,0,0.0,74.014,74.014,0.0,0.0,0.0
2026-10-24 13:15:00,중간부하,119,0,0.0,151.325,151.325,0.0,0.0,0.0
2026-10-24 13:30:00,중간부하,119,0,0.0,151.055,151.055,0.0,0.0,0.0
2026-10-24 13:45:00,중간부하,119,0,0.0,154.525,154.525,0.0,0.0,0.0
2026-10-24 14:00:00,중간부하,119,0,0.0,145.119,145.119,0.0,0.0,0.0
2026-10-24 14:15:00,중간부하,119,0,0.0,154.367,154.367,0.0,0.0,0.0
2026-10-24 14:30:00,중간부하,119,0,0.0,151.035,151.035,0.0,0.0,0.0
2026-10-24 14:45:00,중간부하,119,0,0.0,158.344,158.344,0.0,0.0,0.0
2026-10-24 15:00:00,중간부하,119,0,0.0,153.372,153.372,0.0,0.0,0.0
2026-10-24 15:15:00,중간부하,119,0,0.0,156.283,156.283,0.0,0.0,0.0
2026-10-24 15:30:00,중간부하,119,0,0.0,163.725,163.725,0.0,0.0,0.0
2026-10-24 15:45:00,중간부하,119,0,0.0,146.872,146.872,0.0,0.0,0.0
2026-10-24 16:00:00,중간부하,119,0,0.0,153.275,153.275,0.0,0.0,0.0
2026-10-24 16:15:00,중간부하,119,0,0.0,148.156,148.156,0.0,0.0,0.0
2026-10-24 16:30:00,중간부하,119,0,0.0,140.021,140.021,0.0,0.0,0.0
2026-10-24 16:45:00,중간부하,119,0,0.0,75.312,75.312,0.0,0.0,0.0
2026-10-24 17:00:00,최대부하,187,1,0.0,38.946,38.946,0.0,0.0,0.0
2026-10-24 17:15:00,최대부하,187,1,0.0,35.028,35.028,0.0,0.0,0.0
2026-10-24 17:30:00,최대부하,187,1,0.0,33.513,33.513,0.0,0.0,0.0
2026-10-24 17:45:00,최대부하,187,1,0.0,34.641,34.641,0.0,0.0,0.0
2026-10-24 18:00:00,최대부하,187,1,0.0,31.698,31.698,0.0,0.0,0.0
2026-10-24 18:15:00,최대부하,187,1,0.0,31.564,31.564,0.0,0.0,0.0
2026-10-24 18:30:00,최대부하,187,1,0.0,28.671,28.671,0.0,0.0,0.0
2026-10-24 18:45:00,최대부하,187,1,0.0,31.088,31.088,0.0,0.0,0.0
2026-10-24 19:00:00,최대부하,187,1,0.0,28.996,28.996,0.0,0.0,0.0
2026-10-24 19:15:00,최대부하,187,1,0.0,26.009,26.009,0.0,0.0,0.0
2026-10-24 19:30:00,최대부하,187,1,0.0,29.461,29.461,0.0,0.0,0.0
2026-10-24 19:45:00,최대부하,187,1,0.0,29.867,29.867,0.0,0.0,0.0
2026-10-24 20:00:00,중간부하,119,0,0.0,29.556,29.556,0.0,0.0,0.0
2026-10-24 20:15:00,중간부하,119,0,0.0,28.473,28.473,0.0,0.0,0.0
2026-10-24 20:30:00,중간부하,119,0,0.0,26.323,26.323,0.0,0.0,0.0
2026-10-24 20:45:00,중간부하,119,0,0.0,25.864,25.864,0.0,0.0,0.0
2026-10-24 21:00:00,중간부하,119,0,0.0,26.016,26.016,0.0,0.0,0.0
2026-10-24 21:15:00,중간부하,119,0,0.0,25.37,25.37,0.0,0.0,0.0
2026-10-24 21:30:00,중간부하,119,0,0.0,26.457,26.457,0.0,0.0,0.0
2026-10-24 21:45:00,중간부하,119,0,0.0,23.398,23.398,0.0,0.0,0.0
2026-10-24 22:00:00,경부하,76,0,0.0,25.642,25.642,0.0,0.0,0.0
2026-10-24 22:15:00,경부하,76,0,0.0,24.288,24.288,0.0,0.0,0.0
2026-10-24 22:30:00,경부하,76,0,0.0,24.244,24.244,0.0,0.0,0.0
2026-10-24 22:45:00,경부하,76,0,0.0,23.669,23.669,0.0,0.0,0.0
2026-10-24 23:00:00,경부하,76,0,0.0,23.612,23.612,0.0,0.0,0.0
2026-10-24 23:15:00,경부하,76,0,0.0,23.451,23.451,0.0,0.0,0.0
2026-10-24 23:30:00,경부하,76,0,0.0,22.961,22.961,0.0,0.0,0.0
2026-10-24 23:45:00,경부하,76,0,0.0,21.873,21.873,0.0,0.0,0.0
2026-10-25 00:00:00,경부하,76,0,0.0,22.248,22.248,0.0,0.0,0.0
2026-10-25 00:15:00,경부하,76,0,0.0,21.832,21.832,0.0,0.0,0.0
2026-10-25 00:30:00,경부하,76,0,0.0,19.921,19.921,0.0,0.0,0.0
2026-10-25 00:45:00,경부하,76,0,0.0,20.232,20.232,0.0,0.0,0.0
2026-10-25 01:00:00,경부하,76,0,0.0,17.288,17.288,0.0,0.0,0.0
2026-10-25 01:15:00,경부하,76,0,0.0,15.905,15.905,0.0,0.0,0.0
2026-10-25 01:30:00,경부하,76,0,0.0,15.657,15.657,0.0,0.0,0.0
2026-10-25 01:45:00,경부하,76,0,0.0,15.828,15.828,0.0,0.0,0.0
2026-10-25 02:00:00,경부하,76,0,0.0,15.318,15.318,0.0,0.0,0.0
2026-10-25 02:15:00,경부하,76,0,0.0,15.278,15.278,0.0,0.0,0.0
2026-10-25 02:30:00,경부하,76,0,0.0,15.838,15.838,0.0,0.0,0.0
2026-10-25 02:45:00,경부하,76,0,0.0,15.985,15.985,0.0,0.0,0.0
2026-10-25 03:00:00,경부하,76,0,0.0,15.722,15.722,0.0,0.0,0.0
2026-10-25 03:15:00,경부하,76,0,0.0,15.743,15.743,0.0,0.0,0.0
2026-10-25 03:30:00,경부하,76,0,0.0,15.731,15.731,0.0,0.0,0.0
2026-10-25 03:45:00,경부하,76,0,0.0,15.575,15.575,0.0,0.0,0.0
2026-10-25 04:00:00,경부하,76,0,0.0,15.706,15.706,0.0,0.0,0.0
2026-10-25 04:15:00,경부하,76,0,0.0,15.354,15.354,0.0,0.0,0.0
2026-10-25 04:30:00,경부하,76,0,0.0,15.713,15.713,0.0,0.0,0.0
2026-10-25 04:45:00,경부하,76,0,0.0,15.895,15.895,0.0,0.0,0.0
2026-10-25 05:00:00,경부하,76,0,0.0,15.068,15.068,0.0,0.0,0.0
2026-10-25 05:15:00,경부하,76,0,0.0,14.018,14.018,0.0,0.0,0.0
2026-10-25 05:30:00,경부하,76,0,0.0,12.866,12.866,0.0,0.0,0.0
2026-10-25 05:45:00,경부하,76,0,0.0,12.792,12.792,0.0,0.0,0.0
2026-10-25 06:00:00,경부하,76,0,0.0,12.713,12.713,0.0,0.0,0.0
2026-10-25 06:15:00,경부하,76,0,0.0,12.64,12.64,0.0,0.0,0.0
2026-10-25 06:30:00,경부하,76,0,0.0,12.932,12.932,0.0,0.0,0.0
2026-10-25 06:45:00,경부하,76,0,0.0,12.771,12.771,0.0,0.0,0.0
2026-10-25 07:00:00,경부하,76,0,0.0,12.516,12.516,0.0,0.0,0.0
2026-10-25 07:15:00,경부하,76,0,0.0,12.54,12.54,0.0,0.0,0.0
2026-10-25 07:30:00,경부하,76,0,0.0,12.668,12.668,0.0,0.0,0.0
2026-10-25 07:45:00,경부하,76,0,0.0,14.532,14.532,0.0,0.0,0.0
2026-10-25 08:00:00,중간부하,119,0,0.0,42.572,42.572,0.0,0.0,0.0
2026-10-25 08:15:00,중간부하,119,0,0.0,65.489,65.489,0.0,0.0,0.0
2026-10-25 08:30:00,중간부하,119,0,0.0,60.635,60.635,0.0,0.0,0.0
2026-10-25 08:45:00,중간부하,119,0,0.0,65.008,65.008,0.0,0.0,0.0
2026-10-25 09:00:00,중간부하,119,0,0.0,60.27,60.27,0.0,0.0,0.0
2026-10-25 09:15:00,중간부하,119,0,0.0,63.161,63.161,0.0,0.0,0.0
2026-10-25 09:30:00,중간부하,119,0,0.0,68.01,68.01,0.0,0.0,0.0
2026-10-25 09:45:00,중간부하,119,0,0.0,62.445,62.445,0.0,0.0,0.0
2026-10-25 10:00:00,최대부하,187,1,0.0,64.752,64.752,0.0,0.0,0.0
2026-10-25 10:15:00,최대부하,187,1,0.0,64.89,64.89,0.0,0.0,0.0
2026-10-25 10:30:00,최대부하,187,1,0.0,64.339,64.339,0.0,0.0,0.0
2026-10-25 10:45:00,최대부하,187,1,0.0,62.242,62.242,0.0,0.0,0.0
2026-10-25 11:00:00,최대부하,187,1,0.0,66.597,66.597,0.0,0.0,0.0
2026-10-25 11:15:00,최대부하,187,1,0.0,62.407,62.407,0.0,0.0,0.0
2026-10-25 11:30:00,최대부하,187,1,0.0,64.188,64.188,0.0,0.0,0.0
2026-10-25 11:45:00,최대부하,187,1,0.0,41.472,41.472,0.0,0.0,0.0
2026-10-25 12:00:00,중간부하,119,0,0.0,16.96,16.96,0.0,0.0,0.0
2026-10-25 12:15:00,중간부하,119,0,0.0,16.848,16.848,0.0,0.0,0.0
2026-10-25 12:30:00,중간부하,119,0,0.0,16.795,16.795,0.0,0.0,0.0
2026-10-25 12:45:00,중간부하,119,0,0.0,16.46,16.46,0.0,0.0,0.0
2026-10-25 13:00:00,중간부하,119,0,0.0,37.534,37.534,0.0,0.0,0.0
2026-10-25 13:15:00,중간부하,119,0,0.0,67.28,67.28,0.0,0.0,0.0
2026-10-25 13:30:00,중간부하,119,0,0.0,61.742,61.742,0.0,0.0,0.0
2026-10-25 13:45:00,중간부하,119,0,0.0,62.418,62.418,0.0,0.0,0.0
2026-10-25 14:00:00,중간부하,119,0,0.0,59.25,59.25,0.0,0.0,0.0
2026-10-25 14:15:00,중간부하,119,0,0.0,59.904,59.904,0.0,0.0,0.0
2026-10-25 14:30:00,중간부하,119,0,0.0,59.657,59.657,0.0,0.0,0.0
2026-10-25 14:45:00,중간부하,119,0,0.0,58.42,58.42,0.0,0.0,0.0
2026-10-25 15:00:00,중간부하,119,0,0.0,57.632,57.632,0.0,0.0,0.0
2026-10-25 15:15:00,중간부하,119,0,0.0,57.97,57.97,0.0,0.0,0.0
2026-10-25 15:30:00,중간부하,119,0,0.0,57.804,57.804,0.0,0.0,0.0
2026-10-25 15:45:00,중간부하,119,0,0.0,57.182,57.182,0.0,0.0,0.0
2026-10-25 16:00:00,중간부하,119,0,0.0,57.992,57.992,0.0,0.0,0.0
2026-10-25 16:15:00,중간부하,119,0,0.0,52.412,52.412,0.0,0.0,0.0
2026-10-25 16:30:00,중간부하,119,0,0.0,47.272,47.272,0.0,0.0,0.0
2026-10-25 16:45:00,중간부하,119,0,0.0,25.923,25.923,0.0,0.0,0.0
2026-10-25 17:00:00,최대부하,187,1,0.0,20.468,20.468,0.0,0.0,0.0
2026-10-25 17:15:00,최대부하,187,1,0.0,20.326,20.326,0.0,0.0,0.0
2026-10-25 17:30:00,최대부하,187,1,0.0,19.438,19.438,0.0,0.0,0.0
2026-10-25 17:45:00,최대부하,187,1,0.0,18.378,18.378,0.0,0.0,0.0
2026-10-25 18:00:00,최대부하,187,1,0.0,18.608,18.608,0.0,0.0,0.0
2026-10-25 18:15:00,최대부하,187,1,0.0,18.747,18.747,0.0,0.0,0.0
2026-10-25 18:30:00,최대부하,187,1,0.0,19.018,19.018,0.0,0.0,0.0
2026-10-25 18:45:00,최대부하,187,1,0.0,19.511,19.511,0.0,0.0,0.0
2026-10-25 19:00:00,최대부하,187,1,0.0,19.579,19.579,0.0,0.0,0.0
2026-10-25 19:15:00,최대부하,187,1,0.0,19.396,19.396,0.0,0.0,0.0
2026-10-25 19:30:00,최대부하,187,1,0.0,19.217,19.217,0.0,0.0,0.0
2026-10-25 19:45:00,최대부하,187,1,0.0,19.61,19.61,0.0,0.0,0.0
2026-10-25 20:00:00,중간부하,119,0,0.0,19.327,19.327,0.0,0.0,0.0
2026-10-25 20:15:00,중간부하,119,0,0.0,19.314,19.314,0.0,0.0,0.0
2026-10-25 20:30:00,중간부하,119,0,0.0,19.325,19.325,0.0,0.0,0.0
2026-10-25 20:45:00,중간부하,119,0,0.0,16.784,16.784,0.0,0.0,0.0
2026-10-25 21:00:00,중간부하,119,0,0.0,16.109,16.109,0.0,0.0,0.0
2026-10-25 21:15:00,중간부하,119,0,0.0,15.985,15.985,0.0,0.0,0.0
2026-10-25 21:30:00,중간부하,119,0,0.0,15.941,15.941,0.0,0.0,0.0
2026-10-25 21:45:00,중간부하,119,0,0.0,15.938,15.938,0.0,0.0,0.0
2026-10-25 22:00:00,경부하,76,0,0.0,15.539,15.539,0.0,0.0,0.0
2026-10-25 22:15:00,경부하,76,0,0.0,13.565,13.565,0.0,0.0,0.0
2026-10-25 22:30:00,경부하,76,0,0.0,12.806,12.806,0.0,0.0,0.0
2026-10-25 22:45:00,경부하,76,0,0.0,13.003,13.003,0.0,0.0,0.0
2026-10-25 23:00:00,경부하,76,0,0.0,12.68,12.68,0.0,0.0,0.0
2026-10-25 23:15:00,경부하,76,0,0.0,12.646,12.646,0.0,0.0,0.0
2026-10-25 23:30:00,경부하,76,0,0.0,12.673,12.673,0.0,0.0,0.0
2026-10-25 23:45:00,경부하,76,0,0.0,12.833,12.833,0.0,0.0,0.0
2026-10-26 00:00:00,경부하,90,0,0.0,12.85,12.85,0.0,0.0,0.0
2026-10-26 00:15:00,경부하,90,0,0.0,12.956,12.956,0.0,0.0,0.0
2026-10-26 00:30:00,경부하,90,0,0.0,13.035,13.035,0.0,0.0,0.0
2026-10-26 00:45:00,경부하,90,0,0.0,13.085,13.085,0.0,0.0,0.0
2026-10-26 01:00:00,경부하,90,0,0.0,12.997,12.997,0.0,0.0,0.0
2026-10-26 01:15:00,경부하,90,0,0.0,12.794,12.794,0.0,0.0,0.0
2026-10-26 01:30:00,경부하,90,0,0.0,13.008,13.008,0.0,0.0,0.0
2026-10-26 01:45:00,경부하,90,0,0.0,12.882,12.882,0.0,0.0,0.0
2026-10-26 02:00:00,경부하,90,0,0.0,12.63,12.63,0.0,0.0,0.0
2026-10-26 02:15:00,경부하,90,0,0.0,12.98,12.98,0.0,0.0,0.0
2026-10-26 02:30:00,경부하,90,0,0.0,13.34,13.34,0.0,0.0,0.0
2026-10-26 02:45:00,경부하,90,0,0.0,12.99,12.99,0.0,0.0,0.0
2026-10-26 03:00:00,경부하,90,0,0.0,12.848,12.848,0.0,0.0,0.0
2026-10-26 03:15:00,경부하,90,0,0.0,12.751,12.751,0.0,0.0,0.0
2026-10-26 03:30:00,경부하,90,0,0.0,12.724,12.724,0.0,0.0,0.0
2026-10-26 03:45:00,경부하,90,0,0.0,12.756,12.756,0.0,0.0,0.0
2026-10-26 04:00:00,경부하,90,0,0.0,12.845,12.845,0.0,0.0,0.0
2026-10-26 04:15:00,경부하,90,0,0.0,12.782,12.782,0.0,0.0,0.0
2026-10-26 04:30:00,경부하,90,0,0.0,12.925,12.925,0.0,0.0,0.0
2026-10-26 04:45:00,경부하,90,0,0.0,12.878,12.878,0.0,0.0,0.0
2026-10-26 05:00:00,경부하,90,0,0.0,12.779,12.779,0.0,0.0,0.0
2026-10-26 05:15:00,경부하,90,0,0.0,12.618,12.618,0.0,0.0,0.0
2026-10-26 05:30:00,경부하,90,0,0.0,12.798,12.798,0.0,0.0,0.0
2026-10-26 05:45:00,경부하,90,0,0.0,12.466,12.466,0.0,0.0,0.0
2026-10-26 06:00:00,경부하,90,0,0.0,12.367,12.367,0.0,0.0,0.0
2026-10-26 06:15:00,경부하,90,0,0.0,12.623,12.623,0.0,0.0,0.0
2026-10-26 06:30:00,경부하,90,0,0.0,12.895,12.895,0.0,0.0,0.0
2026-10-26 06:45:00,경부하,90,0,0.0,12.731,12.731,0.0,0.0,0.0
2026-10-26 07:00:00,경부하,90,0,0.0,13.008,13.008,0.0,0.0,0.0
2026-10-26 07:15:00,경부하,90,0,0.0,15.638,15.638,0.0,0.0,0.0
2026-10-26 07:30:00,경부하,90,0,0.0,17.853,17.853,0.0,0.0,0.0
2026-10-26 07:45:00,경부하,90,0,0.0,20.112,20.112,0.0,0.0,0.0
2026-10-26 08:00:00,중간부하,140,0,0.0,114.752,114.752,0.0,0.0,0.0
2026-10-26 08:15:00,중간부하,140,0,0.0,251.374,251.374,0.0,0.0,0.0
2026-10-26 08:30:00,중간부하,140,0,0.0,265.695,265.695,0.0,0.0,0.0
2026-10-26 08:45:00,중간부하,140,0,0.0,276.251,276.251,0.0,0.0,0.0
2026-10-26 09:00:00,중간부하,140,0,0.0,280.412,280.412,0.0,0.0,0.0
2026-10-26 09:15:00,중간부하,140,0,0.0,266.788,266.788,0.0,0.0,0.0
2026-10-26 09:30:00,중간부하,140,0,0.0,285.483,285.483,0.0,0.0,0.0
2026-10-26 09:45:00,중간부하,140,0,0.0,277.985,277.985,0.0,0.0,0.0
2026-10-26 10:00:00,최대부하,220,1,0.0,259.021,259.021,0.0,0.0,0.0
2026-10-26 10:15:00,최대부하,220,1,0.0,269.785,269.785,0.0,0.0,0.0
2026-10-26 10:30:00,최대부하,220,1,0.0,263.931,263.931,0.0,0.0,0.0
2026-10-26 10:45:00,최대부하,220,1,0.0,271.781,271.781,0.0,0.0,0.0
2026-10-26 11:00:00,최대부하,220,1,0.0,284.783,284.783,0.0,0.0,0.0
2026-10-26 11:15:00,최대부하,220,1,0.0,271.371,271.371,0.0,0.0,0.0
2026-10-26 11:30:00,최대부하,220,1,0.0,278.232,278.232,0.0,0.0,0.0
2026-10-26 11:45:00,최대부하,220,1,0.0,252.95,252.95,0.0,0.0,0.0
2026-10-26 12:00:00,중간부하,140,0,0.0,43.005,43.005,0.0,0.0,0.0
2026-10-26 12:15:00,중간부하,140,0,0.0,28.669,28.669,0.0,0.0,0.0
2026-10-26 12:30:00,중간부하,140,0,0.0,27.18,27.18,0.0,0.0,0.0
2026-10-26 12:45:00,중간부하,140,0,0.0,27.192,27.192,0.0,0.0,0.0
2026-10-26 13:00:00,중간부하,140,0,0.0,189.26,189.26,0.0,0.0,0.0
2026-10-26 13:15:00,중간부하,140,0,0.0,278.242,278.242,0.0,0.0,0.0
2026-10-26 13:30:00,중간부하,140,0,0.0,289.083,289.083,0.0,0.0,0.0
2026-10-26 13:45:00,중간부하,140,0,0.0,283.115,283.115,0.0,0.0,0.0
2026-10-26 14:00:00,중간부하,140,0,0.0,280.602,280.602,0.0,0.0,0.0
2026-10-26 14:15:00,중간부하,140,0,0.0,281.37,281.37,0.0,0.0,0.0
2026-10-26 14:30:00,중간부하,140,0,0.0,269.744,269.744,0.0,0.0,0.0
2026-10-26 14:45:00,중간부하,140,0,0.0,265.072,265.072,0.0,0.0,0.0
2026-10-26 15:00:00,중간부하,140,0,0.0,267.761,267.761,0.0,0.0,0.0
2026-10-26 15:15:00,중간부하,140,0,0.0,261.191,261.191,0.0,0.0,0.0
2026-10-26 15:30:00,중간부하,140,0,0.0,274.968,274.968,0.0,0.0,0.0
2026-10-26 15:45:00,중간부하,140,0,0.0,276.381,276.381,0.0,0.0,0.0
2026-10-26 16:00:00,중간부하,140,0,0.0,265.951,265.951,0.0,0.0,0.0
2026-10-26 16:15:00,중간부하,140,0,0.0,262.306,262.306,0.0,0.0,0.0
2026-10-26 16:30:00,중간부하,140,0,0.0,274.065,274.065,0.0,0.0,0.0
2026-10-26 16:45:00,중간부하,140,0,0.0,275.57,275.57,0.0,0.0,0.0
2026-10-26 17:00:00,최대부하,220,1,0.0,256.761,256.761,0.0,0.0,0.0
2026-10-26 17:15:00,최대부하,220,1,0.0,251.72,251.72,0.0,0.0,0.0
2026-10-26 17:30:00,최대부하,220,1,0.0,144.286,144.286,0.0,0.0,0.0
2026-10-26 17:45:00,최대부하,220,1,0.0,128.107,128.107,0.0,0.0,0.0
2026-10-26 18:00:00,최대부하,220,1,0.0,165.557,165.557,0.0,0.0,0.0
2026-10-26 18:15:00,최대부하,220,1,0.0,207.442,207.442,0.0,0.0,0.0
2026-10-26 18:30:00,최대부하,220,1,0.0,218.337,218.337,0.0,0.0,0.0
2026-10-26 18:45:00,최대부하,220,1,0.0,210.851,210.851,0.0,0.0,0.0
2026-10-26 19:00:00,최대부하,220,1,0.0,209.525,209.525,0.0,0.0,0.0
2026-10-26 19:15:00,최대부하,220,1,0.0,221.882,221.882,0.0,0.0,0.0
2026-10-26 19:30:00,최대부하,220,1,0.0,222.524,222.524,0.0,0.0,0.0
2026-10-26 19:45:00,최대부하,220,1,0.0,220.453,220.453,0.0,0.0,0.0
2026-10-26 20:00:00,중간부하,140,0,0.0,223.052,223.052,0.0,0.0,0.0
2026-10-26 20:15:00,중간부하,140,0,0.0,214.365,214.365,0.0,0.0,0.0
2026-10-26 20:30:00,중간부하,140,0,0.0,191.101,191.101,0.0,0.0,0.0
2026-10-26 20:45:00,중간부하,140,0,0.0,132.022,132.022,0.0,0.0,0.0
2026-10-26 21:00:00,중간부하,140,0,0.0,57.185,57.185,0.0,0.0,0.0
2026-10-26 21:15:00,중간부하,140,0,0.0,44.256,44.256,0.0,0.0,0.0
2026-10-26 21:30:00,중간부하,140,0,0.0,44.252,44.252,0.0,0.0,0.0
2026-10-26 21:45:00,중간부하,140,0,0.0,44.954,44.954,0.0,0.0,0.0
2026-10-26 22:00:00,경부하,90,0,0.0,48.264,48.264,0.0,0.0,0.0
2026-10-26 22:15:00,경부하,90,0,0.0,38.911,38.911,0.0,0.0,0.0
2026-10-26 22:30:00,경부하,90,0,0.0,36.838,36.838,0.0,0.0,0.0
2026-10-26 22:45:00,경부하,90,0,0.0,34.514,34.514,0.0,0.0,0.0
2026-10-26 23:00:00,경부하,90,0,0.0,34.921,34.921,0.0,0.0,0.0
2026-10-26 23:15:00,경부하,90,0,0.0,36.772,36.772,0.0,0.0,0.0
2026-10-26 23:30:00,경부하,90,0,0.0,34.484,34.484,0.0,0.0,0.0
2026-10-26 23:45:00,경부하,90,0,0.0,36.675,36.675,0.0,0.0,0.0
2026-10-27 00:00:00,경부하,90,0,0.0,36.114,36.114,0.0,0.0,0.0
2026-10-27 00:15:00,경부하,90,0,0.0,39.337,39.337,0.0,0.0,0.0
2026-10-27 00:30:00,경부하,90,0,0.0,37.004,37.004,0.0,0.0,0.0
2026-10-27 00:45:00,경부하,90,0,0.0,41.599,41.599,0.0,0.0,0.0
2026-10-27 01:00:00,경부하,90,0,0.0,35.127,35.127,0.0,0.0,0.0
2026-10-27 01:15:00,경부하,90,0,0.0,24.466,24.466,0.0,0.0,0.0
2026-10-27 01:30:00,경부하,90,0,0.0,17.961,17.961,0.0,0.0,0.0
2026-10-27 01:45:00,경부하,90,0,0.0,17.045,17.045,0.0,0.0,0.0
2026-10-27 02:00:00,경부하,90,0,0.0,17.12,17.12,0.0,0.0,0.0
2026-10-27 02:15:00,경부하,90,0,0.0,17.022,17.022,0.0,0.0,0.0
2026-10-27 02:30:00,경부하,90,0,0.0,16.892,16.892,0.0,0.0,0.0
2026-10-27 02:45:00,경부하,90,0,0.0,16.721,16.721,0.0,0.0,0.0
2026-10-27 03:00:00,경부하,90,0,0.0,16.683,16.683,0.0,0.0,0.0
2026-10-27 03:15:00,경부하,90,0,0.0,16.655,16.655,0.0,0.0,0.0
2026-10-27 03:30:00,경부하,90,0,0.0,16.456,16.456,0.0,0.0,0.0
2026-10-27 03:45:00,경부하,90,0,0.0,16.764,16.764,0.0,0.0,0.0
2026-10-27 04:00:00,경부하,90,0,0.0,16.588,16.588,0.0,0.0,0.0
2026-10-27 04:15:00,경부하,90,0,0.0,16.348,16.348,0.0,0.0,0.0
2026-10-27 04:30:00,경부하,90,0,0.0,16.541,16.541,0.0,0.0,0.0
2026-10-27 04:45:00,경부하,90,0,0.0,16.217,16.217,0.0,0.0,0.0
2026-10-27 05:00:00,경부하,90,0,0.0,16.445,16.445,0.0,0.0,0.0
2026-10-27 05:15:00,경부하,90,0,0.0,16.532,16.532,0.0,0.0,0.0
2026-10-27 05:30:00,경부하,90,0,0.0,16.422,16.422,0.0,0.0,0.0
2026-10-27 05:45:00,경부하,90,0,0.0,16.698,16.698,0.0,0.0,0.0
2026-10-27 06:00:00,경부하,90,0,0.0,16.323,16.323,0.0,0.0,0.0
2026-10-27 06:15:00,경부하,90,0,0.0,16.122,16.122,0.0,0.0,0.0
2026-10-27 06:30:00,경부하,90,0,0.0,16.009,16.009,0.0,0.0,0.0
2026-10-27 06:45:00,경부하,90,0,0.0,15.721,15.721,0.0,0.0,0.0
2026-10-27 07:00:00,경부하,90,0,0.0,16.168,16.168,0.0,0.0,0.0
2026-10-27 07:15:00,경부하,90,0,0.0,18.227,18.227,0.0,0.0,0.0
2026-10-27 07:30:00,경부하,90,0,0.0,21.363,21.363,0.0,0.0,0.0
2026-10-27 07:45:00,경부하,90,0,0.0,29.263,29.263,0.0,0.0,0.0
2026-10-27 08:00:00,중간부하,140,0,0.0,151.495,151.495,0.0,0.0,0.0
2026-10-27 08:15:00,중간부하,140,0,0.0,243.643,243.643,0.0,0.0,0.0
2026-10-27 08:30:00,중간부하,140,0,0.0,265.412,265.412,0.0,0.0,0.0
2026-10-27 08:45:00,중간부하,140,0,0.0,290.912,290.912,0.0,0.0,0.0
2026-10-27 09:00:00,중간부하,140,0,0.0,279.681,279.681,0.0,0.0,0.0
2026-10-27 09:15:00,중간부하,140,0,0.0,283.746,283.746,0.0,0.0,0.0
2026-10-27 09:30:00,중간부하,140,0,0.0,279.415,279.415,0.0,0.0,0.0
2026-10-27 09:45:00,중간부하,140,0,0.0,272.546,272.546,0.0,0.0,0.0
2026-10-27 10:00:00,최대부하,220,1,0.0,265.441,265.441,0.0,0.0,0.0
2026-10-27 10:15:00,최대부하,220,1,0.0,261.782,261.782,0.0,0.0,0.0
2026-10-27 10:30:00,최대부하,220,1,0.0,275.664,275.664,0.0,0.0,0.0
2026-10-27 10:45:00,최대부하,220,1,0.0,266.892,266.892,0.0,0.0,0.0
2026-10-27 11:00:00,최대부하,220,1,0.0,287.107,287.107,0.0,0.0,0.0
2026-10-27 11:15:00,최대부하,220,1,0.0,284.135,284.135,0.0,0.0,0.0
2026-10-27 11:30:00,최대부하,220,1,0.0,276.332,276.332,0.0,0.0,0.0
2026-10-27 11:45:00,최대부하,220,1,0.0,273.556,273.556,0.0,0.0,0.0
2026-10-27 12:00:00,중간부하,140,0,0.0,46.767,46.767,0.0,0.0,0.0
2026-10-27 12:15:00,중간부하,140,0,0.0,27.72,27.72,0.0,0.0,0.0
2026-10-27 12:30:00,중간부하,140,0,0.0,26.774,26.774,0.0,0.0,0.0
2026-10-27 12:45:00,중간부하,140,0,0.0,27.928,27.928,0.0,0.0,0.0
2026-10-27 13:00:00,중간부하,140,0,0.0,182.489,182.489,0.0,0.0,0.0
2026-10-27 13:15:00,중간부하,140,0,0.0,285.736,285.736,0.0,0.0,0.0
2026-10-27 13:30:00,중간부하,140,0,0.0,286.145,286.145,0.0,0.0,0.0
2026-10-27 13:45:00,중간부하,140,0,0.0,279.957,279.957,0.0,0.0,0.0
2026-10-27 14:00:00,중간부하,140,0,0.0,264.714,264.714,0.0,0.0,0.0
2026-10-27 14:15:00,중간부하,140,0,0.0,274.39,274.39,0.0,0.0,0.0
2026-10-27 14:30:00,중간부하,140,0,0.0,268.019,268.019,0.0,0.0,0.0
2026-10-27 14:45:00,중간부하,140,0,0.0,270.076,270.076,0.0,0.0,0.0
2026-10-27 15:00:00,중간부하,140,0,0.0,262.217,262.217,0.0,0.0,0.0
2026-10-27 15:15:00,중간부하,140,0,0.0,268.865,268.865,0.0,0.0,0.0
2026-10-27 15:30:00,중간부하,140,0,0.0,285.578,285.578,0.0,0.0,0.0
2026-10-27 15:45:00,중간부하,140,0,0.0,277.58,277.58,0.0,0.0,0.0
2026-10-27 16:00:00,중간부하,140,0,0.0,278.23,278.23,0.0,0.0,0.0
2026-10-27 16:15:00,중간부하,140,0,0.0,276.398,276.398,0.0,0.0,0.0
2026-10-27 16:30:00,중간부하,140,0,0.0,285.036,285.036,0.0,0.0,0.0
2026-10-27 16:45:00,중간부하,140,0,0.0,281.371,281.371,0.0,0.0,0.0
2026-10-27 17:00:00,최대부하,220,1,0.0,269.065,269.065,0.0,0.0,0.0
2026-10-27 17:15:00,최대부하,220,1,0.0,257.127,257.127,0.0,0.0,0.0
2026-10-27 17:30:00,최대부하,220,1,0.0,158.167,158.167,0.0,0.0,0.0
2026-10-27 17:45:00,최대부하,220,1,0.0,133.933,133.933,0.0,0.0,0.0
2026-10-27 18:00:00,최대부하,220,1,0.0,173.995,173.995,0.0,0.0,0.0
2026-10-27 18:15:00,최대부하,220,1,0.0,228.677,228.677,0.0,0.0,0.0
2026-10-27 18:30:00,최대부하,220,1,0.0,221.255,221.255,0.0,0.0,0.0
2026-10-27 18:45:00,최대부하,220,1,0.0,225.055,225.055,0.0,0.0,0.0
2026-10-27 19:00:00,최대부하,220,1,0.0,215.646,215.646,0.0,0.0,0.0
2026-10-27 19:15:00,최대부하,220,1,0.0,224.292,224.292,0.0,0.0,0.0
2026-10-27 19:30:00,최대부하,220,1,0.0,224.765,224.765,0.0,0.0,0.0
2026-10-27 19:45:00,최대부하,220,1,0.0,220.343,220.343,0.0,0.0,0.0
2026-10-27 20:00:00,중간부하,140,0,0.0,217.295,217.295,0.0,0.0,0.0
2026-10-27 20:15:00,중간부하,140,0,0.0,232.438,232.438,0.0,0.0,0.0
2026-10-27 20:30:00,중간부하,140,0,0.0,202.0,202.0,0.0,0.0,0.0
2026-10-27 20:45:00,중간부하,140,0,0.0,123.442,123.442,0.0,0.0,0.0
2026-10-27 21:00:00,중간부하,140,0,0.0,54.756,54.756,0.0,0.0,0.0
2026-10-27 21:15:00,중간부하,140,0,0.0,47.072,47.072,0.0,0.0,0.0
2026-10-27 21:30:00,중간부하,140,0,0.0,44.078,44.078,0.0,0.0,0.0
2026-10-27 21:45:00,중간부하,140,0,0.0,40.455,40.455,0.0,0.0,0.0
2026-10-27 22:00:00,경부하,90,0,0.0,40.695,40.695,0.0,0.0,0.0
2026-10-27 22:15:00,경부하,90,0,0.0,44.449,44.449,0.0,0.0,0.0
2026-10-27 22:30:00,경부하,90,0,0.0,41.861,41.861,0.0,0.0,0.0
2026-10-27 22:45:00,경부하,90,0,0.0,41.546,41.546,0.0,0.0,0.0
2026-10-27 23:00:00,경부하,90,0,0.0,42.38,42.38,0.0,0.0,0.0
2026-10-27 23:15:00,경부하,90,0,0.0,40.47,40.47,0.0,0.0,0.0
2026-10-27 23:30:00,경부하,90,0,0.0,38.335,38.335,0.0,0.0,0.0
2026-10-27 23:45:00,경부하,90,0,0.0,38.911,38.911,0.0,0.0,0.0
2026-10-28 00:00:00,경부하,90,0,0.0,37.418,37.418,0.0,0.0,0.0
2026-10-28 00:15:00,경부하,90,0,0.0,40.035,40.035,0.0,0.0,0.0
2026-10-28 00:30:00,경부하,90,0,0.0,40.663,40.663,0.0,0.0,0.0
2026-10-28 00:45:00,경부하,90,0,0.0,40.911,40.911,0.0,0.0,0.0
2026-10-28 01:00:00,경부하,90,0,0.0,33.475,33.475,0.0,0.0,0.0
2026-10-28 01:15:00,경부하,90,0,0.0,22.947,22.947,0.0,0.0,0.0
2026-10-28 01:30:00,경부하,90,0,0.0,19.222,19.222,0.0,0.0,0.0
2026-10-28 01:45:00,경부하,90,0,0.0,18.318,18.318,0.0,0.0,0.0
2026-10-28 02:00:00,경부하,90,0,0.0,18.12,18.12,0.0,0.0,0.0
2026-10-28 02:15:00,경부하,90,0,0.0,18.145,18.145,0.0,0.0,0.0
2026-10-28 02:30:00,경부하,90,0,0.0,18.082,18.082,0.0,0.0,0.0
2026-10-28 02:45:00,경부하,90,0,0.0,17.741,17.741,0.0,0.0,0.0
2026-10-28 03:00:00,경부하,90,0,0.0,18.025,18.025,0.0,0.0,0.0
2026-10-28 03:15:00,경부하,90,0,0.0,18.775,18.775,0.0,0.0,0.0
2026-10-28 03:30:00,경부하,90,0,0.0,18.358,18.358,0.0,0.0,0.0
2026-10-28 03:45:00,경부하,90,0,0.0,17.994,17.994,0.0,0.0,0.0
2026-10-28 04:00:00,경부하,90,0,0.0,18.013,18.013,0.0,0.0,0.0
2026-10-28 04:15:00,경부하,90,0,0.0,17.742,17.742,0.0,0.0,0.0
2026-10-28 04:30:00,경부하,90,0,0.0,17.35,17.35,0.0,0.0,0.0
2026-10-28 04:45:00,경부하,90,0,0.0,17.128,17.128,0.0,0.0,0.0
2026-10-28 05:00:00,경부하,90,0,0.0,17.232,17.232,0.0,0.0,0.0
2026-10-28 05:15:00,경부하,90,0,0.0,17.455,17.455,0.0,0.0,0.0
2026-10-28 05:30:00,경부하,90,0,0.0,17.556,17.556,0.0,0.0,0.0
2026-10-28 05:45:00,경부하,90,0,0.0,17.41,17.41,0.0,0.0,0.0
2026-10-28 06:00:00,경부하,90,0,0.0,17.809,17.809,0.0,0.0,0.0
2026-10-28 06:15:00,경부하,90,0,0.0,17.996,17.996,0.0,0.0,0.0
2026-10-28 06:30:00,경부하,90,0,0.0,17.65,17.65,0.0,0.0,0.0
2026-10-28 06:45:00,경부하,90,0,0.0,17.578,17.578,0.0,0.0,0.0
2026-10-28 07:00:00,경부하,90,0,0.0,17.262,17.262,0.0,0.0,0.0
2026-10-28 07:15:00,경부하,90,0,0.0,19.424,19.424,0.0,0.0,0.0
2026-10-28 07:30:00,경부하,90,0,0.0,24.39,24.39,0.0,0.0,0.0
2026-10-28 07:45:00,경부하,90,0,0.0,31.34,31.34,0.0,0.0,0.0
2026-10-28 08:00:00,중간부하,140,0,0.0,159.069,159.069,0.0,0.0,0.0
2026-10-28 08:15:00,중간부하,140,0,0.0,269.942,269.942,0.0,0.0,0.0
2026-10-28 08:30:00,중간부하,140,0,0.0,284.293,284.293,0.0,0.0,0.0
2026-10-28 08:45:00,중간부하,140,0,0.0,276.33,276.33,0.0,0.0,0.0
2026-10-28 09:00:00,중간부하,140,0,0.0,279.042,279.042,0.0,0.0,0.0
2026-10-28 09:15:00,중간부하,140,0,0.0,286.857,286.857,0.0,0.0,0.0
2026-10-28 09:30:00,중간부하,140,0,0.0,272.74,272.74,0.0,0.0,0.0
2026-10-28 09:45:00,중간부하,140,0,0.0,269.892,269.892,0.0,0.0,0.0
2026-10-28 10:00:00,최대부하,220,1,0.0,256.118,256.118,0.0,0.0,0.0
2026-10-28 10:15:00,최대부하,220,1,0.0,267.085,267.085,0.0,0.0,0.0
2026-10-28 10:30:00,최대부하,220,1,0.0,265.439,265.439,0.0,0.0,0.0
2026-10-28 10:45:00,최대부하,220,1,0.0,295.369,295.369,0.0,0.0,0.0
2026-10-28 11:00:00,최대부하,220,1,0.0,291.302,291.302,0.0,0.0,0.0
2026-10-28 11:15:00,최대부하,220,1,0.0,284.038,284.038,0.0,0.0,0.0
2026-10-28 11:30:00,최대부하,220,1,0.0,266.75,266.75,0.0,0.0,0.0
2026-10-28 11:45:00,최대부하,220,1,0.0,244.678,244.678,0.0,0.0,0.0
2026-10-28 12:00:00,중간부하,140,0,0.0,40.369,40.369,0.0,0.0,0.0
2026-10-28 12:15:00,중간부하,140,0,0.0,27.647,27.647,0.0,0.0,0.0
2026-10-28 12:30:00,중간부하,140,0,0.0,28.149,28.149,0.0,0.0,0.0
2026-10-28 12:45:00,중간부하,140,0,0.0,29.332,29.332,0.0,0.0,0.0
2026-10-28 13:00:00,중간부하,140,0,0.0,171.38,171.38,0.0,0.0,0.0
2026-10-28 13:15:00,중간부하,140,0,0.0,266.295,266.295,0.0,0.0,0.0
2026-10-28 13:30:00,중간부하,140,0,0.0,258.91,258.91,0.0,0.0,0.0
2026-10-28 13:45:00,중간부하,140,0,0.0,279.498,279.498,0.0,0.0,0.0
2026-10-28 14:00:00,중간부하,140,0,0.0,285.861,285.861,0.0,0.0,0.0
2026-10-28 14:15:00,중간부하,140,0,0.0,272.125,272.125,0.0,0.0,0.0
2026-10-28 14:30:00,중간부하,140,0,0.0,272.985,272.985,0.0,0.0,0.0
2026-10-28 14:45:00,중간부하,140,0,0.0,279.835,279.835,0.0,0.0,0.0
2026-10-28 15:00:00,중간부하,140,0,0.0,270.658,270.658,0.0,0.0,0.0
2026-10-28 15:15:00,중간부하,140,0,0.0,269.159,269.159,0.0,0.0,0.0
2026-10-28 15:30:00,중간부하,140,0,0.0,271.022,271.022,0.0,0.0,0.0
2026-10-28 15:45:00,중간부하,140,0,0.0,271.092,271.092,0.0,0.0,0.0
2026-10-28 16:00:00,중간부하,140,0,0.0,264.628,264.628,0.0,0.0,0.0
2026-10-28 16:15:00,중간부하,140,0,0.0,280.148,280.148,0.0,0.0,0.0
2026-10-28 16:30:00,중간부하,140,0,0.0,287.726,287.726,0.0,0.0,0.0
2026-10-28 16:45:00,중간부하,140,0,0.0,269.837,269.837,0.0,0.0,0.0
2026-10-28 17:00:00,최대부하,220,1,0.0,269.621,269.621,0.0,0.0,0.0
2026-10-28 17:15:00,최대부하,220,1,0.0,251.815,251.815,0.0,0.0,0.0
2026-10-28 17:30:00,최대부하,220,1,0.0,173.331,173.331,0.0,0.0,0.0
2026-10-28 17:45:00,최대부하,220,1,0.0,135.333,135.333,0.0,0.0,0.0
2026-10-28 18:00:00,최대부하,220,1,0.0,124.455,124.455,0.0,0.0,0.0
2026-10-28 18:15:00,최대부하,220,1,0.0,154.137,154.137,0.0,0.0,0.0
2026-10-28 18:30:00,최대부하,220,1,0.0,151.595,151.595,0.0,0.0,0.0
2026-10-28 18:45:00,최대부하,220,1,0.0,158.055,158.055,0.0,0.0,0.0
2026-10-28 19:00:00,최대부하,220,1,0.0,152.064,152.064,0.0,0.0,0.0
2026-10-28 19:15:00,최대부하,220,1,0.0,150.662,150.662,0.0,0.0,0.0
2026-10-28 19:30:00,최대부하,220,1,0.0,147.891,147.891,0.0,0.0,0.0
2026-10-28 19:45:00,최대부하,220,1,0.0,153.55,153.55,0.0,0.0,0.0
2026-10-28 20:00:00,중간부하,140,0,0.0,159.595,159.595,0.0,0.0,0.0
2026-10-28 20:15:00,중간부하,140,0,0.0,154.218,154.218,0.0,0.0,0.0
2026-10-28 20:30:00,중간부하,140,0,0.0,133.906,133.906,0.0,0.0,0.0
2026-10-28 20:45:00,중간부하,140,0,0.0,90.133,90.133,0.0,0.0,0.0
2026-10-28 21:00:00,중간부하,140,0,0.0,54.913,54.913,0.0,0.0,0.0
2026-10-28 21:15:00,중간부하,140,0,0.0,49.363,49.363,0.0,0.0,0.0
2026-10-28 21:30:00,중간부하,140,0,0.0,48.443,48.443,0.0,0.0,0.0
2026-10-28 21:45:00,중간부하,140,0,0.0,39.593,39.593,0.0,0.0,0.0
2026-10-28 22:00:00,경부하,90,0,0.0,34.38,34.38,0.0,0.0,0.0
2026-10-28 22:15:00,경부하,90,0,0.0,32.804,32.804,0.0,0.0,0.0
2026-10-28 22:30:00,경부하,90,0,0.0,31.518,31.518,0.0,0.0,0.0
2026-10-28 22:45:00,경부하,90,0,0.0,34.164,34.164,0.0,0.0,0.0
2026-10-28 23:00:00,경부하,90,0,0.0,33.887,33.887,0.0,0.0,0.0
2026-10-28 23:15:00,경부하,90,0,0.0,34.529,34.529,0.0,0.0,0.0
2026-10-28 23:30:00,경부하,90,0,0.0,33.838,33.838,0.0,0.0,0.0
2026-10-28 23:45:00,경부하,90,0,0.0,30.667,30.667,0.0,0.0,0.0
2026-10-29 00:00:00,경부하,90,0,0.0,33.367,33.367,0.0,0.0,0.0
2026-10-29 00:15:00,경부하,90,0,0.0,33.265,33.265,0.0,0.0,0.0
2026-10-29 00:30:00,경부하,90,0,0.0,31.42,31.42,0.0,0.0,0.0
2026-10-29 00:45:00,경부하,90,0,0.0,34.583,34.583,0.0,0.0,0.0
2026-10-29 01:00:00,경부하,90,0,0.0,30.894,30.894,0.0,0.0,0.0
2026-10-29 01:15:00,경부하,90,0,0.0,20.935,20.935,0.0,0.0,0.0
2026-10-29 01:30:00,경부하,90,0,0.0,18.714,18.714,0.0,0.0,0.0
2026-10-29 01:45:00,경부하,90,0,0.0,19.015,19.015,0.0,0.0,0.0
2026-10-29 02:00:00,경부하,90,0,0.0,19.253,19.253,0.0,0.0,0.0
2026-10-29 02:15:00,경부하,90,0,0.0,19.285,19.285,0.0,0.0,0.0
2026-10-29 02:30:00,경부하,90,0,0.0,18.778,18.778,0.0,0.0,0.0
2026-10-29 02:45:00,경부하,90,0,0.0,18.864,18.864,0.0,0.0,0.0
2026-10-29 03:00:00,경부하,90,0,0.0,19.052,19.052,0.0,0.0,0.0
2026-10-29 03:15:00,경부하,90,0,0.0,18.583,18.583,0.0,0.0,0.0
2026-10-29 03:30:00,경부하,90,0,0.0,18.577,18.577,0.0,0.0,0.0
2026-10-29 03:45:00,경부하,90,0,0.0,19.012,19.012,0.0,0.0,0.0
2026-10-29 04:00:00,경부하,90,0,0.0,19.283,19.283,0.0,0.0,0.0
2026-10-29 04:15:00,경부하,90,0,0.0,19.173,19.173,0.0,0.0,0.0
2026-10-29 04:30:00,경부하,90,0,0.0,18.645,18.645,0.0,0.0,0.0
2026-10-29 04:45:00,경부하,90,0,0.0,18.767,18.767,0.0,0.0,0.0
2026-10-29 05:00:00,경부하,90,0,0.0,18.808,18.808,0.0,0.0,0.0
2026-10-29 05:15:00,경부하,90,0,0.0,18.412,18.412,0.0,0.0,0.0
2026-10-29 05:30:00,경부하,90,0,0.0,18.757,18.757,0.0,0.0,0.0
2026-10-29 05:45:00,경부하,90,0,0.0,19.035,19.035,0.0,0.0,0.0
2026-10-29 06:00:00,경부하,90,0,0.0,18.143,18.143,0.0,0.0,0.0
2026-10-29 06:15:00,경부하,90,0,0.0,18.978,18.978,0.0,0.0,0.0
2026-10-29 06:30:00,경부하,90,0,0.0,18.828,18.828,0.0,0.0,0.0
2026-10-29 06:45:00,경부하,90,0,0.0,18.335,18.335,0.0,0.0,0.0
2026-10-29 07:00:00,경부하,90,0,0.0,18.24,18.24,0.0,0.0,0.0
2026-10-29 07:15:00,경부하,90,0,0.0,20.425,20.425,0.0,0.0,0.0
2026-10-29 07:30:00,경부하,90,0,0.0,23.757,23.757,0.0,0.0,0.0
2026-10-29 07:45:00,경부하,90,0,0.0,27.183,27.183,0.0,0.0,0.0
2026-10-29 08:00:00,중간부하,140,0,0.0,191.397,191.397,0.0,0.0,0.0
2026-10-29 08:15:00,중간부하,140,0,0.0,305.288,305.288,0.0,0.0,0.0
2026-10-29 08:30:00,중간부하,140,0,0.0,307.401,307.401,0.0,0.0,0.0
2026-10-29 08:45:00,중간부하,140,0,0.0,323.661,323.661,0.0,0.0,0.0
2026-10-29 09:00:00,중간부하,140,0,0.0,308.033,308.033,0.0,0.0,0.0
2026-10-29 09:15:00,중간부하,140,0,0.0,300.822,300.822,0.0,0.0,0.0
2026-10-29 09:30:00,중간부하,140,0,0.0,298.718,298.718,0.0,0.0,0.0
2026-10-29 09:45:00,중간부하,140,0,0.0,292.326,292.326,0.0,0.0,0.0
2026-10-29 10:00:00,최대부하,220,1,0.0,302.987,302.987,0.0,0.0,0.0
2026-10-29 10:15:00,최대부하,220,1,0.0,289.321,289.321,0.0,0.0,0.0
2026-10-29 10:30:00,최대부하,220,1,0.0,294.67,294.67,0.0,0.0,0.0
2026-10-29 10:45:00,최대부하,220,1,0.0,280.6,280.6,0.0,0.0,0.0
2026-10-29 11:00:00,최대부하,220,1,0.0,285.437,285.437,0.0,0.0,0.0
2026-10-29 11:15:00,최대부하,220,1,0.0,285.953,285.953,0.0,0.0,0.0
2026-10-29 11:30:00,최대부하,220,1,0.0,286.922,286.922,0.0,0.0,0.0
2026-10-29 11:45:00,최대부하,220,1,0.0,276.387,276.387,0.0,0.0,0.0
2026-10-29 12:00:00,중간부하,140,0,0.0,49.101,49.101,0.0,0.0,0.0
2026-10-29 12:15:00,중간부하,140,0,0.0,28.675,28.675,0.0,0.0,0.0
2026-10-29 12:30:00,중간부하,140,0,0.0,30.302,30.302,0.0,0.0,0.0
2026-10-29 12:45:00,중간부하,140,0,0.0,33.602,33.602,0.0,0.0,0.0
2026-10-29 13:00:00,중간부하,140,0,0.0,187.318,187.318,0.0,0.0,0.0
2026-10-29 13:15:00,중간부하,140,0,0.0,272.024,272.024,0.0,0.0,0.0
2026-10-29 13:30:00,중간부하,140,0,0.0,272.189,272.189,0.0,0.0,0.0
2026-10-29 13:45:00,중간부하,140,0,0.0,266.752,266.752,0.0,0.0,0.0
2026-10-29 14:00:00,중간부하,140,0,0.0,264.631,264.631,0.0,0.0,0.0
2026-10-29 14:15:00,중간부하,140,0,0.0,265.352,265.352,0.0,0.0,0.0
2026-10-29 14:30:00,중간부하,140,0,0.0,265.271,265.271,0.0,0.0,0.0
2026-10-29 14:45:00,중간부하,140,0,0.0,270.798,270.798,0.0,0.0,0.0
2026-10-29 15:00:00,중간부하,140,0,0.0,260.983,260.983,0.0,0.0,0.0
2026-10-29 15:15:00,중간부하,140,0,0.0,261.572,261.572,0.0,0.0,0.0
2026-10-29 15:30:00,중간부하,140,0,0.0,281.624,281.624,0.0,0.0,0.0
2026-10-29 15:45:00,중간부하,140,0,0.0,262.866,262.866,0.0,0.0,0.0
2026-10-29 16:00:00,중간부하,140,0,0.0,277.955,277.955,0.0,0.0,0.0
2026-10-29 16:15:00,중간부하,140,0,0.0,271.536,271.536,0.0,0.0,0.0
2026-10-29 16:30:00,중간부하,140,0,0.0,264.813,264.813,0.0,0.0,0.0
2026-10-29 16:45:00,중간부하,140,0,0.0,251.23,251.23,0.0,0.0,0.0
2026-10-29 17:00:00,최대부하,220,1,0.0,270.641,270.641,0.0,0.0,0.0
2026-10-29 17:15:00,최대부하,220,1,0.0,243.981,243.981,0.0,0.0,0.0
2026-10-29 17:30:00,최대부하,220,1,0.0,137.975,137.975,0.0,0.0,0.0
2026-10-29 17:45:00,최대부하,220,1,0.0,130.982,130.982,0.0,0.0,0.0
2026-10-29 18:00:00,최대부하,220,1,0.0,180.622,180.622,0.0,0.0,0.0
2026-10-29 18:15:00,최대부하,220,1,0.0,228.064,228.064,0.0,0.0,0.0
2026-10-29 18:30:00,최대부하,220,1,0.0,216.218,216.218,0.0,0.0,0.0
2026-10-29 18:45:00,최대부하,220,1,0.0,231.463,231.463,0.0,0.0,0.0
2026-10-29 19:00:00,최대부하,220,1,0.0,214.949,214.949,0.0,0.0,0.0
2026-10-29 19:15:00,최대부하,220,1,0.0,222.671,222.671,0.0,0.0,0.0
2026-10-29 19:30:00,최대부하,220,1,0.0,223.345,223.345,0.0,0.0,0.0
2026-10-29 19:45:00,최대부하,220,1,0.0,216.407,216.407,0.0,0.0,0.0
2026-10-29 20:00:00,중간부하,140,0,0.0,216.952,216.952,0.0,0.0,0.0
2026-10-29 20:15:00,중간부하,140,0,0.0,235.69,235.69,0.0,0.0,0.0
2026-10-29 20:30:00,중간부하,140,0,0.0,201.626,201.626,0.0,0.0,0.0
2026-10-29 20:45:00,중간부하,140,0,0.0,136.433,136.433,0.0,0.0,0.0
2026-10-29 21:00:00,중간부하,140,0,0.0,77.192,77.192,0.0,0.0,0.0
2026-10-29 21:15:00,중간부하,140,0,0.0,52.722,52.722,0.0,0.0,0.0
2026-10-29 21:30:00,중간부하,140,0,0.0,43.755,43.755,0.0,0.0,0.0
2026-10-29 21:45:00,중간부하,140,0,0.0,41.743,41.743,0.0,0.0,0.0
2026-10-29 22:00:00,경부하,90,0,0.0,39.685,39.685,0.0,0.0,0.0
2026-10-29 22:15:00,경부하,90,0,0.0,36.102,36.102,0.0,0.0,0.0
2026-10-29 22:30:00,경부하,90,0,0.0,39.482,39.482,0.0,0.0,0.0
2026-10-29 22:45:00,경부하,90,0,0.0,41.073,41.073,0.0,0.0,0.0
2026-10-29 23:00:00,경부하,90,0,0.0,35.87,35.87,0.0,0.0,0.0
2026-10-29 23:15:00,경부하,90,0,0.0,34.091,34.091,0.0,0.0,0.0
2026-10-29 23:30:00,경부하,90,0,0.0,36.598,36.598,0.0,0.0,0.0
2026-10-29 23:45:00,경부하,90,0,0.0,39.829,39.829,0.0,0.0,0.0
2026-10-30 00:00:00,경부하,90,0,0.0,30.361,30.361,0.0,0.0,0.0
2026-10-30 00:15:00,경부하,90,0,0.0,38.746,38.746,0.0,0.0,0.0
2026-10-30 00:30:00,경부하,90,0,0.0,35.905,35.905,0.0,0.0,0.0
2026-10-30 00:45:00,경부하,90,0,0.0,33.632,33.632,0.0,0.0,0.0
2026-10-30 01:00:00,경부하,90,0,0.0,24.041,24.041,0.0,0.0,0.0
2026-10-30 01:15:00,경부하,90,0,0.0,21.534,21.534,0.0,0.0,0.0
2026-10-30 01:30:00,경부하,90,0,0.0,20.223,20.223,0.0,0.0,0.0
2026-10-30 01:45:00,경부하,90,0,0.0,19.115,19.115,0.0,0.0,0.0
2026-10-30 02:00:00,경부하,90,0,0.0,22.425,22.425,0.0,0.0,0.0
2026-10-30 02:15:00,경부하,90,0,0.0,22.317,22.317,0.0,0.0,0.0
2026-10-30 02:30:00,경부하,90,0,0.0,20.325,20.325,0.0,0.0,0.0
2026-10-30 02:45:00,경부하,90,0,0.0,21.089,21.089,0.0,0.0,0.0
2026-10-30 03:00:00,경부하,90,0,0.0,20.312,20.312,0.0,0.0,0.0
2026-10-30 03:15:00,경부하,90,0,0.0,21.456,21.456,0.0,0.0,0.0
2026-10-30 03:30:00,경부하,90,0,0.0,19.235,19.235,0.0,0.0,0.0
2026-10-30 03:45:00,경부하,90,0,0.0,19.102,19.102,0.0,0.0,0.0
2026-10-30 04:00:00,경부하,90,0,0.0,19.117,19.117,0.0,0.0,0.0
2026-10-30 04:15:00,경부하,90,0,0.0,20.109,20.109,0.0,0.0,0.0
2026-10-30 04:30:00,경부하,90,0,0.0,18.887,18.887,0.0,0.0,0.0
2026-10-30 04:45:00,경부하,90,0,0.0,18.64,18.64,0.0,0.0,0.0
2026-10-30 05:00:00,경부하,90,0,0.0,18.962,18.962,0.0,0.0,0.0
2026-10-30 05:15:00,경부하,90,0,0.0,20.562,20.562,0.0,0.0,0.0
2026-10-30 05:30:00,경부하,90,0,0.0,21.922,21.922,0.0,0.0,0.0
2026-10-30 05:45:00,경부하,90,0,0.0,21.122,21.122,0.0,0.0,0.0
2026-10-30 06:00:00,경부하,90,0,0.0,21.338,21.338,0.0,0.0,0.0
2026-10-30 06:15:00,경부하,90,0,0.0,21.855,21.855,0.0,0.0,0.0
2026-10-30 06:30:00,경부하,90,0,0.0,20.911,20.911,0.0,0.0,0.0
2026-10-30 06:45:00,경부하,90,0,0.0,22.001,22.001,0.0,0.0,0.0
2026-10-30 07:00:00,경부하,90,0,0.0,21.557,21.557,0.0,0.0,0.0
2026-10-30 07:15:00,경부하,90,0,0.0,21.214,21.214,0.0,0.0,0.0
2026-10-30 07:30:00,경부하,90,0,0.0,26.972,26.972,0.0,0.0,0.0
2026-10-30 07:45:00,경부하,90,0,0.0,26.195,26.195,0.0,0.0,0.0
2026-10-30 08:00:00,중간부하,140,0,0.0,156.597,156.597,0.0,0.0,0.0
2026-10-30 08:15:00,중간부하,140,0,0.0,260.635,260.635,0.0,0.0,0.0
2026-10-30 08:30:00,중간부하,140,0,0.0,279.825,279.825,0.0,0.0,0.0
2026-10-30 08:45:00,중간부하,140,0,0.0,290.583,290.583,0.0,0.0,0.0
2026-10-30 09:00:00,중간부하,140,0,0.0,293.703,293.703,0.0,0.0,0.0
2026-10-30 09:15:00,중간부하,140,0,0.0,276.915,276.915,0.0,0.0,0.0
2026-10-30 09:30:00,중간부하,140,0,0.0,264.379,264.379,0.0,0.0,0.0
2026-10-30 09:45:00,중간부하,140,0,0.0,263.182,263.182,0.0,0.0,0.0
2026-10-30 10:00:00,최대부하,220,1,0.0,254.578,254.578,0.0,0.0,0.0
2026-10-30 10:15:00,최대부하,220,1,0.0,258.041,258.041,0.0,0.0,0.0
2026-10-30 10:30:00,최대부하,220,1,0.0,251.716,251.716,0.0,0.0,0.0
2026-10-30 10:45:00,최대부하,220,1,0.0,256.311,256.311,0.0,0.0,0.0
2026-10-30 11:00:00,최대부하,220,1,0.0,262.412,262.412,0.0,0.0,0.0
2026-10-30 11:15:00,최대부하,220,1,0.0,269.604,269.604,0.0,0.0,0.0
2026-10-30 11:30:00,최대부하,220,1,0.0,260.805,260.805,0.0,0.0,0.0
2026-10-30 11:45:00,최대부하,220,1,0.0,255.243,255.243,0.0,0.0,0.0
2026-10-30 12:00:00,중간부하,140,0,0.0,46.342,46.342,0.0,0.0,0.0
2026-10-30 12:15:00,중간부하,140,0,0.0,24.532,24.532,0.0,0.0,0.0
2026-10-30 12:30:00,중간부하,140,0,0.0,23.851,23.851,0.0,0.0,0.0
2026-10-30 12:45:00,중간부하,140,0,0.0,23.976,23.976,0.0,0.0,0.0
2026-10-30 13:00:00,중간부하,140,0,0.0,174.841,174.841,0.0,0.0,0.0
2026-10-30 13:15:00,중간부하,140,0,0.0,260.305,260.305,0.0,0.0,0.0
2026-10-30 13:30:00,중간부하,140,0,0.0,270.731,270.731,0.0,0.0,0.0
2026-10-30 13:45:00,중간부하,140,0,0.0,258.359,258.359,0.0,0.0,0.0
2026-10-30 14:00:00,중간부하,140,0,0.0,266.001,266.001,0.0,0.0,0.0
2026-10-30 14:15:00,중간부하,140,0,0.0,269.82,269.82,0.0,0.0,0.0
2026-10-30 14:30:00,중간부하,140,0,0.0,270.388,270.388,0.0,0.0,0.0
2026-10-30 14:45:00,중간부하,140,0,0.0,266.162,266.162,0.0,0.0,0.0
2026-10-30 15:00:00,중간부하,140,0,0.0,248.149,248.149,0.0,0.0,0.0
2026-10-30 15:15:00,중간부하,140,0,0.0,267.525,267.525,0.0,0.0,0.0
2026-10-30 15:30:00,중간부하,140,0,0.0,261.2,261.2,0.0,0.0,0.0
2026-10-30 15:45:00,중간부하,140,0,0.0,255.565,255.565,0.0,0.0,0.0
2026-10-30 16:00:00,중간부하,140,0,0.0,276.294,276.294,0.0,0.0,0.0
2026-10-30 16:15:00,중간부하,140,0,0.0,255.948,255.948,0.0,0.0,0.0
2026-10-30 16:30:00,중간부하,140,0,0.0,278.278,278.278,0.0,0.0,0.0
2026-10-30 16:45:00,중간부하,140,0,0.0,251.913,251.913,0.0,0.0,0.0
2026-10-30 17:00:00,최대부하,220,1,0.0,243.877,243.877,0.0,0.0,0.0
2026-10-30 17:15:00,최대부하,220,1,0.0,235.685,235.685,0.0,0.0,0.0
2026-10-30 17:30:00,최대부하,220,1,0.0,142.014,142.014,0.0,0.0,0.0
2026-10-30 17:45:00,최대부하,220,1,0.0,132.378,132.378,0.0,0.0,0.0
2026-10-30 18:00:00,최대부하,220,1,0.0,158.27,158.27,0.0,0.0,0.0
2026-10-30 18:15:00,최대부하,220,1,0.0,203.446,203.446,0.0,0.0,0.0
2026-10-30 18:30:00,최대부하,220,1,0.0,200.544,200.544,0.0,0.0,0.0
2026-10-30 18:45:00,최대부하,220,1,0.0,204.748,204.748,0.0,0.0,0.0
2026-10-30 19:00:00,최대부하,220,1,0.0,202.898,202.898,0.0,0.0,0.0
2026-10-30 19:15:00,최대부하,220,1,0.0,204.345,204.345,0.0,0.0,0.0
2026-10-30 19:30:00,최대부하,220,1,0.0,213.591,213.591,0.0,0.0,0.0
2026-10-30 19:45:00,최대부하,220,1,0.0,210.014,210.014,0.0,0.0,0.0
2026-10-30 20:00:00,중간부하,140,0,0.0,210.725,210.725,0.0,0.0,0.0
2026-10-30 20:15:00,중간부하,140,0,0.0,197.949,197.949,0.0,0.0,0.0
2026-10-30 20:30:00,중간부하,140,0,0.0,189.179,189.179,0.0,0.0,0.0
2026-10-30 20:45:00,중간부하,140,0,0.0,114.285,114.285,0.0,0.0,0.0
2026-10-30 21:00:00,중간부하,140,0,0.0,60.127,60.127,0.0,0.0,0.0
2026-10-30 21:15:00,중간부하,140,0,0.0,52.508,52.508,0.0,0.0,0.0
2026-10-30 21:30:00,중간부하,140,0,0.0,46.501,46.501,0.0,0.0,0.0
2026-10-30 21:45:00,중간부하,140,0,0.0,50.834,50.834,0.0,0.0,0.0
2026-10-30 22:00:00,경부하,90,0,0.0,45.177,45.177,0.0,0.0,0.0
2026-10-30 22:15:00,경부하,90,0,0.0,38.754,38.754,0.0,0.0,0.0
2026-10-30 22:30:00,경부하,90,0,0.0,47.296,47.296,0.0,0.0,0.0
2026-10-30 22:45:00,경부하,90,0,0.0,37.343,37.343,0.0,0.0,0.0
2026-10-30 23:00:00,경부하,90,0,0.0,38.762,38.762,0.0,0.0,0.0
2026-10-30 23:15:00,경부하,90,0,0.0,46.49,46.49,0.0,0.0,0.0
2026-10-30 23:30:00,경부하,90,0,0.0,40.772,40.772,0.0,0.0,0.0
2026-10-30 23:45:00,경부하,90,0,0.0,42.482,42.482,0.0,0.0,0.0
2026-10-31 00:00:00,경부하,76,0,0.0,43.126,43.126,0.0,0.0,0.0
2026-10-31 00:15:00,경부하,76,0,0.0,40.765,40.765,0.0,0.0,0.0
2026-10-31 00:30:00,경부하,76,0,0.0,38.779,38.779,0.0,0.0,0.0
2026-10-31 00:45:00,경부하,76,0,0.0,34.83,34.83,0.0,0.0,0.0
2026-10-31 01:00:00,경부하,76,0,0.0,35.279,35.279,0.0,0.0,0.0
2026-10-31 01:15:00,경부하,76,0,0.0,25.721,25.721,0.0,0.0,0.0
2026-10-31 01:30:00,경부하,76,0,0.0,23.928,23.928,0.0,0.0,0.0
2026-10-31 01:45:00,경부하,76,0,0.0,21.462,21.462,0.0,0.0,0.0
2026-10-31 02:00:00,경부하,76,0,0.0,18.222,18.222,0.0,0.0,0.0
2026-10-31 02:15:00,경부하,76,0,0.0,20.736,20.736,0.0,0.0,0.0
2026-10-31 02:30:00,경부하,76,0,0.0,20.572,20.572,0.0,0.0,0.0
2026-10-31 02:45:00,경부하,76,0,0.0,18.598,18.598,0.0,0.0,0.0
2026-10-31 03:00:00,경부하,76,0,0.0,19.308,19.308,0.0,0.0,0.0
2026-10-31 03:15:00,경부하,76,0,0.0,20.568,20.568,0.0,0.0,0.0
2026-10-31 03:30:00,경부하,76,0,0.0,18.908,18.908,0.0,0.0,0.0
2026-10-31 03:45:00,경부하,76,0,0.0,19.745,19.745,0.0,0.0,0.0
2026-10-31 04:00:00,경부하,76,0,0.0,20.234,20.234,0.0,0.0,0.0
2026-10-31 04:15:00,경부하,76,0,0.0,18.193,18.193,0.0,0.0,0.0
2026-10-31 04:30:00,경부하,76,0,0.0,20.502,20.502,0.0,0.0,0.0
2026-10-31 04:45:00,경부하,76,0,0.0,19.883,19.883,0.0,0.0,0.0
2026-10-31 05:00:00,경부하,76,0,0.0,18.612,18.612,0.0,0.0,0.0
2026-10-31 05:15:00,경부하,76,0,0.0,20.46,20.46,0.0,0.0,0.0
2026-10-31 05:30:00,경부하,76,0,0.0,18.132,18.132,0.0,0.0,0.0
2026-10-31 05:45:00,경부하,76,0,0.0,17.727,17.727,0.0,0.0,0.0
2026-10-31 06:00:00,경부하,76,0,0.0,20.401,20.401,0.0,0.0,0.0
2026-10-31 06:15:00,경부하,76,0,0.0,18.839,18.839,0.0,0.0,0.0
2026-10-31 06:30:00,경부하,76,0,0.0,18.765,18.765,0.0,0.0,0.0
2026-10-31 06:45:00,경부하,76,0,0.0,20.345,20.345,0.0,0.0,0.0
2026-10-31 07:00:00,경부하,76,0,0.0,17.589,17.589,0.0,0.0,0.0
2026-10-31 07:15:00,경부하,76,0,0.0,16.712,16.712,0.0,0.0,0.0
2026-10-31 07:30:00,경부하,76,0,0.0,17.474,17.474,0.0,0.0,0.0
2026-10-31 07:45:00,경부하,76,0,0.0,20.316,20.316,0.0,0.0,0.0
2026-10-31 08:00:00,중간부하,119,0,0.0,89.882,89.882,0.0,0.0,0.0
2026-10-31 08:15:00,중간부하,119,0,0.0,148.489,148.489,0.0,0.0,0.0
2026-10-31 08:30:00,중간부하,119,0,0.0,139.175,139.175,0.0,0.0,0.0
2026-10-31 08:45:00,중간부하,119,0,0.0,143.964,143.964,0.0,0.0,0.0
2026-10-31 09:00:00,중간부하,119,0,0.0,151.455,151.455,0.0,0.0,0.0
2026-10-31 09:15:00,중간부하,119,0,0.0,146.051,146.051,0.0,0.0,0.0
2026-10-31 09:30:00,중간부하,119,0,0.0,142.095,142.095,0.0,0.0,0.0
2026-10-31 09:45:00,중간부하,119,0,0.0,145.035,145.035,0.0,0.0,0.0
2026-10-31 10:00:00,최대부하,187,1,0.0,145.905,145.905,0.0,0.0,0.0
2026-10-31 10:15:00,최대부하,187,1,0.0,148.066,148.066,0.0,0.0,0.0
2026-10-31 10:30:00,최대부하,187,1,0.0,147.628,147.628,0.0,0.0,0.0
2026-10-31 10:45:00,최대부하,187,1,0.0,155.062,155.062,0.0,0.0,0.0
2026-10-31 11:00:00,최대부하,187,1,0.0,142.73,142.73,0.0,0.0,0.0
2026-10-31 11:15:00,최대부하,187,1,0.0,146.409,146.409,0.0,0.0,0.0
2026-10-31 11:30:00,최대부하,187,1,0.0,145.442,145.442,0.0,0.0,0.0
2026-10-31 11:45:00,최대부하,187,1,0.0,106.313,106.313,0.0,0.0,0.0
2026-10-31 12:00:00,중간부하,119,0,0.0,25.505,25.505,0.0,0.0,0.0
2026-10-31 12:15:00,중간부하,119,0,0.0,20.312,20.312,0.0,0.0,0.0
2026-10-31 12:30:00,중간부하,119,0,0.0,20.444,20.444,0.0,0.0,0.0
2026-10-31 12:45:00,중간부하,119,0,0.0,20.73,20.73,0.0,0.0,0.0
2026-10-31 13:00:00,중간부하,119,0,0.0,74.014,74.014,0.0,0.0,0.0
2026-10-31 13:15:00,중간부하,119,0,0.0,151.325,151.325,0.0,0.0,0.0
2026-10-31 13:30:00,중간부하,119,0,0.0,151.055,151.055,0.0,0.0,0.0
2026-10-31 13:45:00,중간부하,119,0,0.0,154.525,154.525,0.0,0.0,0.0
2026-10-31 14:00:00,중간부하,119,0,0.0,145.119,145.119,0.0,0.0,0.0
2026-10-31 14:15:00,중간부하,119,0,0.0,154.367,154.367,0.0,0.0,0.0
2026-10-31 14:30:00,중간부하,119,0,0.0,151.035,151.035,0.0,0.0,0.0
2026-10-31 14:45:00,중간부하,119,0,0.0,158.344,158.344,0.0,0.0,0.0
2026-10-31 15:00:00,중간부하,119,0,0.0,153.372,153.372,0.0,0.0,0.0
2026-10-31 15:15:00,중간부하,119,0,0.0,156.283,156.283,0.0,0.0,0.0
2026-10-31 15:30:00,중간부하,119,0,0.0,163.725,163.725,0.0,0.0,0.0
2026-10-31 15:45:00,중간부하,119,0,0.0,146.872,146.872,0.0,0.0,0.0
2026-10-31 16:00:00,중간부하,119,0,0.0,153.275,153.275,0.0,0.0,0.0
2026-10-31 16:15:00,중간부하,119,0,0.0,148.156,148.156,0.0,0.0,0.0
2026-10-31 16:30:00,중간부하,119,0,0.0,140.021,140.021,0.0,0.0,0.0
2026-10-31 16:45:00,중간부하,119,0,0.0,75.312,75.312,0.0,0.0,0.0
2026-10-31 17:00:00,최대부하,187,1,0.0,38.946,38.946,0.0,0.0,0.0
2026-10-31 17:15:00,최대부하,187,1,0.0,35.028,35.028,0.0,0.0,0.0
2026-10-31 17:30:00,최대부하,187,1,0.0,33.513,33.513,0.0,0.0,0.0
2026-10-31 17:45:00,최대부하,187,1,0.0,34.641,34.641,0.0,0.0,0.0
2026-10-31 18:00:00,최대부하,187,1,0.0,31.698,31.698,0.0,0.0,0.0
2026-10-31 18:15:00,최대부하,187,1,0.0,31.564,31.564,0.0,0.0,0.0
2026-10-31 18:30:00,최대부하,187,1,0.0,28.671,28.671,0.0,0.0,0.0
2026-10-31 18:45:00,최대부하,187,1,0.0,31.088,31.088,0.0,0.0,0.0
2026-10-31 19:00:00,최대부하,187,1,0.0,28.996,28.996,0.0,0.0,0.0
2026-10-31 19:15:00,최대부하,187,1,0.0,26.009,26.009,0.0,0.0,0.0
2026-10-31 19:30:00,최대부하,187,1,0.0,29.461,29.461,0.0,0.0,0.0
2026-10-31 19:45:00,최대부하,187,1,0.0,29.867,29.867,0.0,0.0,0.0
2026-10-31 20:00:00,중간부하,119,0,0.0,29.556,29.556,0.0,0.0,0.0
2026-10-31 20:15:00,중간부하,119,0,0.0,28.473,28.473,0.0,0.0,0.0
2026-10-31 20:30:00,중간부하,119,0,0.0,26.323,26.323,0.0,0.0,0.0
2026-10-31 20:45:00,중간부하,119,0,0.0,25.864,25.864,0.0,0.0,0.0
2026-10-31 21:00:00,중간부하,119,0,0.0,26.016,26.016,0.0,0.0,0.0
2026-10-31 21:15:00,중간부하,119,0,0.0,25.37,25.37,0.0,0.0,0.0
2026-10-31 21:30:00,중간부하,119,0,0.0,26.457,26.457,0.0,0.0,0.0
2026-10-31 21:45:00,중간부하,119,0,0.0,23.398,23.398,0.0,0.0,0.0
2026-10-31 22:00:00,경부하,76,0,0.0,25.642,25.642,0.0,0.0,0.0
2026-10-31 22:15:00,경부하,76,0,0.0,24.288,24.288,0.0,0.0,0.0
2026-10-31 22:30:00,경부하,76,0,0.0,24.244,24.244,0.0,0.0,0.0
2026-10-31 22:45:00,경부하,76,0,0.0,23.669,23.669,0.0,0.0,0.0
2026-10-31 23:00:00,경부하,76,0,0.0,23.612,23.612,0.0,0.0,0.0
2026-10-31 23:15:00,경부하,76,0,0.0,23.451,23.451,0.0,0.0,0.0
2026-10-31 23:30:00,경부하,76,0,0.0,22.961,22.961,0.0,0.0,0.0
2026-10-31 23:45:00,경부하,76,0,0.0,21.873,21.873,0.0,0.0,0.0
2026-11-01 00:00:00,경부하,76,0,0.0,22.248,22.248,0.0,0.0,0.0
2026-11-01 00:15:00,경부하,76,0,0.0,21.832,21.832,0.0,0.0,0.0
2026-11-01 00:30:00,경부하,76,0,0.0,19.921,19.921,0.0,0.0,0.0
2026-11-01 00:45:00,경부하,76,0,0.0,20.232,20.232,0.0,0.0,0.0
2026-11-01 01:00:00,경부하,76,0,0.0,17.288,17.288,0.0,0.0,0.0
2026-11-01 01:15:00,경부하,76,0,0.0,15.905,15.905,0.0,0.0,0.0
2026-11-01 01:30:00,경부하,76,0,0.0,15.657,15.657,0.0,0.0,0.0
2026-11-01 01:45:00,경부하,76,0,0.0,15.828,15.828,0.0,0.0,0.0
2026-11-01 02:00:00,경부하,76,0,0.0,15.318,15.318,0.0,0.0,0.0
2026-11-01 02:15:00,경부하,76,0,0.0,15.278,15.278,0.0,0.0,0.0
2026-11-01 02:30:00,경부하,76,0,0.0,15.838,15.838,0.0,0.0,0.0
2026-11-01 02:45:00,경부하,76,0,0.0,15.985,15.985,0.0,0.0,0.0
2026-11-01 03:00:00,경부하,76,0,0.0,15.722,15.722,0.0,0.0,0.0
2026-11-01 03:15:00,경부하,76,0,0.0,15.743,15.743,0.0,0.0,0.0
2026-11-01 03:30:00,경부하,76,0,0.0,15.731,15.731,0.0,0.0,0.0
2026-11-01 03:45:00,경부하,76,0,0.0,15.575,15.575,0.0,0.0,0.0
2026-11-01 04:00:00,경부하,76,0,0.0,15.706,15.706,0.0,0.0,0.0
2026-11-01 04:15:00,경부하,76,0,0.0,15.354,15.354,0.0,0.0,0.0
2026-11-01 04:30:00,경부하,76,0,0.0,15.713,15.713,0.0,0.0,0.0
2026-11-01 04:45:00,경부하,76,0,0.0,15.895,15.895,0.0,0.0,0.0
2026-11-01 05:00:00,경부하,76,0,0.0,15.068,15.068,0.0,0.0,0.0
2026-11-01 05:15:00,경부하,76,0,0.0,14.018,14.018,0.0,0.0,0.0
2026-11-01 05:30:00,경부하,76,0,0.0,12.866,12.866,0.0,0.0,0.0
2026-11-01 05:45:00,경부하,76,0,0.0,12.792,12.792,0.0,0.0,0.0
2026-11-01 06:00:00,경부하,76,0,0.0,12.713,12.713,0.0,0.0,0.0
2026-11-01 06:15:00,경부하,76,0,0.0,12.64,12.64,0.0,0.0,0.0
2026-11-01 06:30:00,경부하,76,0,0.0,12.932,12.932,0.0,0.0,0.0
2026-11-01 06:45:00,경부하,76,0,0.0,12.771,12.771,0.0,0.0,0.0
2026-11-01 07:00:00,경부하,76,0,0.0,12.516,12.516,0.0,0.0,0.0
2026-11-01 07:15:00,경부하,76,0,0.0,12.54,12.54,0.0,0.0,0.0
2026-11-01 07:30:00,경부하,76,0,0.0,12.668,12.668,0.0,0.0,0.0
2026-11-01 07:45:00,경부하,76,0,0.0,14.532,14.532,0.0,0.0,0.0
2026-11-01 08:00:00,중간부하,119,0,0.0,42.572,42.572,0.0,0.0,0.0
2026-11-01 08:15:00,중간부하,119,0,0.0,65.489,65.489,0.0,0.0,0.0
2026-11-01 08:30:00,중간부하,119,0,0.0,60.635,60.635,0.0,0.0,0.0
2026-11-01 08:45:00,중간부하,119,0,0.0,65.008,65.008,0.0,0.0,0.0
2026-11-01 09:00:00,중간부하,119,0,0.0,60.27,60.27,0.0,0.0,0.0
2026-11-01 09:15:00,중간부하,119,0,0.0,63.161,63.161,0.0,0.0,0.0
2026-11-01 09:30:00,중간부하,119,0,0.0,68.01,68.01,0.0,0.0,0.0
2026-11-01 09:45:00,중간부하,119,0,0.0,62.445,62.445,0.0,0.0,0.0
2026-11-01 10:00:00,최대부하,187,1,0.0,64.752,64.752,0.0,0.0,0.0
2026-11-01 10:15:00,최대부하,187,1,0.0,64.89,64.89,0.0,0.0,0.0
2026-11-01 10:30:00,최대부하,187,1,0.0,64.339,64.339,0.0,0.0,0.0
2026-11-01 10:45:00,최대부하,187,1,0.0,62.242,62.242,0.0,0.0,0.0
2026-11-01 11:00:00,최대부하,187,1,0.0,66.597,66.597,0.0,0.0,0.0
2026-11-01 11:15:00,최대부하,187,1,0.0,62.407,62.407,0.0,0.0,0.0
2026-11-01 11:30:00,최대부하,187,1,0.0,64.188,64.188,0.0,0.0,0.0
2026-11-01 11:45:00,최대부하,187,1,0.0,41.472,41.472,0.0,0.0,0.0
2026-11-01 12:00:00,중간부하,119,0,0.0,16.96,16.96,0.0,0.0,0.0
2026-11-01 12:15:00,중간부하,119,0,0.0,16.848,16.848,0.0,0.0,0.0
2026-11-01 12:30:00,중간부하,119,0,0.0,16.795,16.795,0.0,0.0,0.0
2026-11-01 12:45:00,중간부하,119,0,0.0,16.46,16.46,0.0,0.0,0.0
2026-11-01 13:00:00,중간부하,119,0,0.0,37.534,37.534,0.0,0.0,0.0
2026-11-01 13:15:00,중간부하,119,0,0.0,67.28,67.28,0.0,0.0,0.0
2026-11-01 13:30:00,중간부하,119,0,0.0,61.742,61.742,0.0,0.0,0.0
2026-11-01 13:45:00,중간부하,119,0,0.0,62.418,62.418,0.0,0.0,0.0
2026-11-01 14:00:00,중간부하,119,0,0.0,59.25,59.25,0.0,0.0,0.0
2026-11-01 14:15:00,중간부하,119,0,0.0,59.904,59.904,0.0,0.0,0.0
2026-11-01 14:30:00,중간부하,119,0,0.0,59.657,59.657,0.0,0.0,0.0
2026-11-01 14:45:00,중간부하,119,0,0.0,58.42,58.42,0.0,0.0,0.0
2026-11-01 15:00:00,중간부하,119,0,0.0,57.632,57.632,0.0,0.0,0.0
2026-11-01 15:15:00,중간부하,119,0,0.0,57.97,57.97,0.0,0.0,0.0
2026-11-01 15:30:00,중간부하,119,0,0.0,57.804,57.804,0.0,0.0,0.0
2026-11-01 15:45:00,중간부하,119,0,0.0,57.182,57.182,0.0,0.0,0.0
2026-11-01 16:00:00,중간부하,119,0,0.0,57.992,57.992,0.0,0.0,0.0
2026-11-01 16:15:00,중간부하,119,0,0.0,52.412,52.412,0.0,0.0,0.0
2026-11-01 16:30:00,중간부하,119,0,0.0,47.272,47.272,0.0,0.0,0.0
2026-11-01 16:45:00,중간부하,119,0,0.0,25.923,25.923,0.0,0.0,0.0
2026-11-01 17:00:00,최대부하,187,1,0.0,20.468,20.468,0.0,0.0,0.0
2026-11-01 17:15:00,최대부하,187,1,0.0,20.326,20.326,0.0,0.0,0.0
2026-11-01 17:30:00,최대부하,187,1,0.0,19.438,19.438,0.0,0.0,0.0
2026-11-01 17:45:00,최대부하,187,1,0.0,18.378,18.378,0.0,0.0,0.0
2026-11-01 18:00:00,최대부하,187,1,0.0,18.608,18.608,0.0,0.0,0.0
2026-11-01 18:15:00,최대부하,187,1,0.0,18.747,18.747,0.0,0.0,0.0
2026-11-01 18:30:00,최대부하,187,1,0.0,19.018,19.018,0.0,0.0,0.0
2026-11-01 18:45:00,최대부하,187,1,0.0,19.511,19.511,0.0,0.0,0.0
2026-11-01 19:00:00,최대부하,187,1,0.0,19.579,19.579,0.0,0.0,0.0
2026-11-01 19:15:00,최대부하,187,1,0.0,19.396,19.396,0.0,0.0,0.0
2026-11-01 19:30:00,최대부하,187,1,0.0,19.217,19.217,0.0,0.0,0.0
2026-11-01 19:45:00,최대부하,187,1,0.0,19.61,19.61,0.0,0.0,0.0
2026-11-01 20:00:00,중간부하,119,0,0.0,19.327,19.327,0.0,0.0,0.0
2026-11-01 20:15:00,중간부하,119,0,0.0,19.314,19.314,0.0,0.0,0.0
2026-11-01 20:30:00,중간부하,119,0,0.0,19.325,19.325,0.0,0.0,0.0
2026-11-01 20:45:00,중간부하,119,0,0.0,16.784,16.784,0.0,0.0,0.0
2026-11-01 21:00:00,중간부하,119,0,0.0,16.109,16.109,0.0,0.0,0.0
2026-11-01 21:15:00,중간부하,119,0,0.0,15.985,15.985,0.0,0.0,0.0
2026-11-01 21:30:00,중간부하,119,0,0.0,15.941,15.941,0.0,0.0,0.0
2026-11-01 21:45:00,중간부하,119,0,0.0,15.938,15.938,0.0,0.0,0.0
2026-11-01 22:00:00,경부하,76,0,0.0,15.539,15.539,0.0,0.0,0.0
2026-11-01 22:15:00,경부하,76,0,0.0,13.565,13.565,0.0,0.0,0.0
2026-11-01 22:30:00,경부하,76,0,0.0,12.806,12.806,0.0,0.0,0.0
2026-11-01 22:45:00,경부하,76,0,0.0,13.003,13.003,0.0,0.0,0.0
2026-11-01 23:00:00,경부하,76,0,0.0,12.68,12.68,0.0,0.0,0.0
2026-11-01 23:15:00,경부하,76,0,0.0,12.646,12.646,0.0,0.0,0.0
2026-11-01 23:30:00,경부하,76,0,0.0,12.673,12.673,0.0,0.0,0.0
2026-11-01 23:45:00,경부하,76,0,0.0,12.833,12.833,0.0,0.0,0.0
