time_slot,tariff_type,price_per_kWh,peak_flag,line_power_kW,base_load_kW,facility_power_kW,total_power_kW,energy_kWh,energy_cost
2026-09-21 00:00:00,경부하,90,0,0.0,12.85,12.85,0.0,0.0,0.0
2026-09-21 00:15:00,경부하,90,0,0.0,12.956,12.956,0.0,0.0,0.0
2026-09-21 00:30:00,경부하,90,0,0.0,13.035,13.035,0.0,0.0,0.0
2026-09-21 00:45:00,경부하,90,0,0.0,13.085,13.085,0.0,0.0,0.0
2026-09-21 01:00:00,경부하,90,0,0.0,12.997,12.997,0.0,0.0,0.0
2026-09-21 01:15:00,경부하,90,0,0.0,12.794,12.794,0.0,0.0,0.0
2026-09-21 01:30:00,경부하,90,0,0.0,13.008,13.008,0.0,0.0,0.0
2026-09-21 01:45:00,경부하,90,0,0.0,12.882,12.882,0.0,0.0,0.0
2026-09-21 02:00:00,경부하,90,0,0.0,12.63,12.63,0.0,0.0,0.0
2026-09-21 02:15:00,경부하,90,0,0.0,12.98,12.98,0.0,0.0,0.0
2026-09-21 02:30:00,경부하,90,0,0.0,13.34,13.34,0.0,0.0,0.0
2026-09-21 02:45:00,경부하,90,0,0.0,12.99,12.99,0.0,0.0,0.0
2026-09-21 03:00:00,경부하,90,0,0.0,12.848,12.848,0.0,0.0,0.0
2026-09-21 03:15:00,경부하,90,0,0.0,12.751,12.751,0.0,0.0,0.0
2026-09-21 03:30:00,경부하,90,0,0.0,12.724,12.724,0.0,0.0,0.0
2026-09-21 03:45:00,경부하,90,0,0.0,12.756,12.756,0.0,0.0,0.0
2026-09-21 04:00:00,경부하,90,0,0.0,12.845,12.845,0.0,0.0,0.0
2026-09-21 04:15:00,경부하,90,0,0.0,12.782,12.782,0.0,0.0,0.0
2026-09-21 04:30:00,경부하,90,0,0.0,12.925,12.925,0.0,0.0,0.0
2026-09-21 04:45:00,경부하,90,0,0.0,12.878,12.878,0.0,0.0,0.0
2026-09-21 05:00:00,경부하,90,0,0.0,12.779,12.779,0.0,0.0,0.0
2026-09-21 05:15:00,경부하,90,0,0.0,12.618,12.618,0.0,0.0,0.0
2026-09-21 05:30:00,경부하,90,0,0.0,12.798,12.798,0.0,0.0,0.0
2026-09-21 05:45:00,경부하,90,0,0.0,12.466,12.466,0.0,0.0,0.0
2026-09-21 06:00:00,경부하,90,0,127.0,12.367,139.367,127.0,31.75,2857.5
2026-09-21 06:15:00,경부하,90,0,127.0,12.623,139.623,127.0,31.75,2857.5
2026-09-21 06:30:00,경부하,90,0,127.0,12.895,139.895,127.0,31.75,2857.5
2026-09-21 06:45:00,경부하,90,0,127.0,12.731,139.731,127.0,31.75,2857.5
2026-09-21 07:00:00,경부하,90,0,127.0,13.008,140.008,127.0,31.75,2857.5
2026-09-21 07:15:00,경부하,90,0,127.0,15.638,142.638,127.0,31.75,2857.5
2026-09-21 07:30:00,경부하,90,0,194.4,17.853,212.25300000000001,194.4,48.6,4374.0
2026-09-21 07:45:00,경부하,90,0,232.8,20.112,252.912,232.8,58.2,5238.0
2026-09-21 08:00:00,중간부하,140,0,252.0,114.752,366.752,252.0,63.0,8820.0
2026-09-21 08:15:00,중간부하,140,0,252.0,251.374,503.374,252.0,63.0,8820.0
2026-09-21 08:30:00,중간부하,140,0,252.0,265.695,517.6949999999999,252.0,63.0,8820.0
2026-09-21 08:45:00,중간부하,140,0,252.0,276.251,528.251,252.0,63.0,8820.0
2026-09-21 09:00:00,중간부하,140,0,252.0,280.412,532.412,252.0,63.0,8820.0
2026-09-21 09:15:00,중간부하,140,0,252.0,266.788,518.788,252.0,63.0,8820.0
2026-09-21 09:30:00,중간부하,140,0,252.0,285.483,537.483,252.0,63.0,8820.0
2026-09-21 09:45:00,중간부하,140,0,127.0,277.985,404.985,127.0,31.75,4445.0
2026-09-21 10:00:00,최대부하,220,1,127.0,259.021,386.021,127.0,31.75,6985.0
2026-09-21 10:15:00,최대부하,220,1,127.0,269.785,396.785,127.0,31.75,6985.0
2026-09-21 10:30:00,최대부하,220,1,217.0,263.931,480.931,217.0,54.25,11935.0
2026-09-21 10:45:00,최대부하,220,1,217.0,271.781,488.781,217.0,54.25,11935.0
2026-09-21 11:00:00,최대부하,220,1,217.0,284.783,501.783,217.0,54.25,11935.0
2026-09-21 11:15:00,최대부하,220,1,217.0,271.371,488.371,217.0,54.25,11935.0
2026-09-21 11:30:00,최대부하,220,1,169.0,278.232,447.232,169.0,42.25,9295.0
2026-09-21 11:45:00,최대부하,220,1,156.0,252.95,408.95,156.0,39.0,8580.0
2026-09-21 12:00:00,중간부하,140,0,246.4,43.005,289.40500000000003,246.4,61.6,8624.0
2026-09-21 12:15:00,중간부하,140,0,284.8,28.669,313.469,284.8,71.2,9968.0
2026-09-21 12:30:00,중간부하,140,0,304.0,27.18,331.18,304.0,76.0,10640.0
2026-09-21 12:45:00,중간부하,140,0,304.0,27.192,331.192,304.0,76.0,10640.0
2026-09-21 13:00:00,중간부하,140,0,304.0,189.26,493.26,304.0,76.0,10640.0
2026-09-21 13:15:00,중간부하,140,0,272.0,278.242,550.242,272.0,68.0,9520.0
2026-09-21 13:30:00,중간부하,140,0,272.0,289.083,561.0830000000001,272.0,68.0,9520.0
2026-09-21 13:45:00,중간부하,140,0,272.0,283.115,555.115,272.0,68.0,9520.0
2026-09-21 14:00:00,중간부하,140,0,224.0,280.602,504.602,224.0,56.0,7840.0
2026-09-21 14:15:00,중간부하,140,0,339.4,281.37,620.77,339.4,84.85,11879.0
2026-09-21 14:30:00,중간부하,140,0,377.8,269.744,647.5440000000001,377.8,94.45,13223.0
2026-09-21 14:45:00,중간부하,140,0,397.0,265.072,662.072,397.0,99.25,13895.0
2026-09-21 15:00:00,중간부하,140,0,397.0,267.761,664.761,397.0,99.25,13895.0
2026-09-21 15:15:00,중간부하,140,0,397.0,261.191,658.191,397.0,99.25,13895.0
2026-09-21 15:30:00,중간부하,140,0,349.0,274.968,623.9680000000001,349.0,87.25,12215.0
2026-09-21 15:45:00,중간부하,140,0,397.0,276.381,673.381,397.0,99.25,13895.0
2026-09-21 16:00:00,중간부하,140,0,397.0,265.951,662.951,397.0,99.25,13895.0
2026-09-21 16:15:00,중간부하,140,0,397.0,262.306,659.306,397.0,99.25,13895.0
2026-09-21 16:30:00,중간부하,140,0,397.0,274.065,671.065,397.0,99.25,13895.0
2026-09-21 16:45:00,중간부하,140,0,397.0,275.57,672.5699999999999,397.0,99.25,13895.0
2026-09-21 17:00:00,최대부하,220,1,217.0,256.761,473.761,217.0,54.25,11935.0
2026-09-21 17:15:00,최대부하,220,1,72.0,251.72,323.72,72.0,18.0,3960.0
2026-09-21 17:30:00,최대부하,220,1,72.0,144.286,216.286,72.0,18.0,3960.0
2026-09-21 17:45:00,최대부하,220,1,72.0,128.107,200.107,72.0,18.0,3960.0
2026-09-21 18:00:00,최대부하,220,1,0.0,165.557,165.557,0.0,0.0,0.0
2026-09-21 18:15:00,최대부하,220,1,14.4,207.442,221.842,14.4,3.6,792.0
2026-09-21 18:30:00,최대부하,220,1,52.8,218.337,271.137,52.8,13.2,2904.0
2026-09-21 18:45:00,최대부하,220,1,72.0,210.851,282.851,72.0,18.0,3960.0
2026-09-21 19:00:00,최대부하,220,1,72.0,209.525,281.525,72.0,18.0,3960.0
2026-09-21 19:15:00,최대부하,220,1,72.0,221.882,293.882,72.0,18.0,3960.0
2026-09-21 19:30:00,최대부하,220,1,72.0,222.524,294.524,72.0,18.0,3960.0
2026-09-21 19:45:00,최대부하,220,1,72.0,220.453,292.453,72.0,18.0,3960.0
2026-09-21 20:00:00,중간부하,140,0,127.0,223.052,350.052,127.0,31.75,4445.0
2026-09-21 20:15:00,중간부하,140,0,127.0,214.365,341.365,127.0,31.75,4445.0
2026-09-21 20:30:00,중간부하,140,0,127.0,191.101,318.101,127.0,31.75,4445.0
2026-09-21 20:45:00,중간부하,140,0,127.0,132.022,259.022,127.0,31.75,4445.0
2026-09-21 21:00:00,중간부하,140,0,72.0,57.185,129.185,72.0,18.0,2520.0
2026-09-21 21:15:00,중간부하,140,0,72.0,44.256,116.256,72.0,18.0,2520.0
2026-09-21 21:30:00,중간부하,140,0,72.0,44.252,116.25200000000001,72.0,18.0,2520.0
2026-09-21 21:45:00,중간부하,140,0,24.0,44.954,68.95400000000001,24.0,6.0,840.0
2026-09-21 22:00:00,경부하,90,0,29.0,48.264,77.26400000000001,29.0,7.25,652.5
2026-09-21 22:15:00,경부하,90,0,29.0,38.911,67.911,29.0,7.25,652.5
2026-09-21 22:30:00,경부하,90,0,106.33333333333333,36.838,143.17133333333334,106.33333333333333,26.583333333333332,2392.5
2026-09-21 22:45:00,경부하,90,0,145.0,34.514,179.514,145.0,36.25,3262.5
2026-09-21 23:00:00,경부하,90,0,145.0,34.921,179.921,145.0,36.25,3262.5
2026-09-21 23:15:00,경부하,90,0,145.0,36.772,181.772,145.0,36.25,3262.5
2026-09-21 23:30:00,경부하,90,0,145.0,34.484,179.484,145.0,36.25,3262.5
2026-09-21 23:45:00,경부하,90,0,145.0,36.675,181.675,145.0,36.25,3262.5
2026-09-22 00:00:00,경부하,90,0,145.0,36.114,181.114,145.0,36.25,3262.5
2026-09-22 00:15:00,경부하,90,0,145.0,39.337,184.337,145.0,36.25,3262.5
2026-09-22 00:30:00,경부하,90,0,145.0,37.004,182.004,145.0,36.25,3262.5
2026-09-22 00:45:00,경부하,90,0,145.0,41.599,186.599,145.0,36.25,3262.5
2026-09-22 01:00:00,경부하,90,0,145.0,35.127,180.127,145.0,36.25,3262.5
2026-09-22 01:15:00,경부하,90,0,145.0,24.466,169.466,145.0,36.25,3262.5
2026-09-22 01:30:00,경부하,90,0,145.0,17.961,162.961,145.0,36.25,3262.5
2026-09-22 01:45:00,경부하,90,0,145.0,17.045,162.04500000000002,145.0,36.25,3262.5
2026-09-22 02:00:00,경부하,90,0,145.0,17.12,162.12,145.0,36.25,3262.5
2026-09-22 02:15:00,경부하,90,0,145.0,17.022,162.022,145.0,36.25,3262.5
2026-09-22 02:30:00,경부하,90,0,145.0,16.892,161.892,145.0,36.25,3262.5
2026-09-22 02:45:00,경부하,90,0,145.0,16.721,161.721,145.0,36.25,3262.5
2026-09-22 03:00:00,경부하,90,0,145.0,16.683,161.683,145.0,36.25,3262.5
2026-09-22 03:15:00,경부하,90,0,145.0,16.655,161.655,145.0,36.25,3262.5
2026-09-22 03:30:00,경부하,90,0,145.0,16.456,161.456,145.0,36.25,3262.5
2026-09-22 03:45:00,경부하,90,0,145.0,16.764,161.764,145.0,36.25,3262.5
2026-09-22 04:00:00,경부하,90,0,145.0,16.588,161.588,145.0,36.25,3262.5
2026-09-22 04:15:00,경부하,90,0,145.0,16.348,161.348,145.0,36.25,3262.5
2026-09-22 04:30:00,경부하,90,0,145.0,16.541,161.541,145.0,36.25,3262.5
2026-09-22 04:45:00,경부하,90,0,145.0,16.217,161.21699999999998,145.0,36.25,3262.5
2026-09-22 05:00:00,경부하,90,0,145.0,16.445,161.445,145.0,36.25,3262.5
2026-09-22 05:15:00,경부하,90,0,145.0,16.532,161.532,145.0,36.25,3262.5
2026-09-22 05:30:00,경부하,90,0,145.0,16.422,161.422,145.0,36.25,3262.5
2026-09-22 05:45:00,경부하,90,0,145.0,16.698,161.698,145.0,36.25,3262.5
2026-09-22 06:00:00,경부하,90,0,256.3333333333333,16.323,272.6563333333333,256.3333333333333,64.08333333333333,5767.5
2026-09-22 06:15:00,경부하,90,0,397.0,16.122,413.122,397.0,99.25,8932.5
2026-09-22 06:30:00,경부하,90,0,397.0,16.009,413.009,397.0,99.25,8932.5
2026-09-22 06:45:00,경부하,90,0,397.0,15.721,412.721,397.0,99.25,8932.5
2026-09-22 07:00:00,경부하,90,0,397.0,16.168,413.168,397.0,99.25,8932.5
2026-09-22 07:15:00,경부하,90,0,339.4,18.227,357.62699999999995,339.4,84.85,7636.499999999999
2026-09-22 07:30:00,경부하,90,0,377.8,21.363,399.163,377.8,94.45,8500.5
2026-09-22 07:45:00,경부하,90,0,252.0,29.263,281.263,252.0,63.0,5670.0
2026-09-22 08:00:00,중간부하,140,0,284.0,151.495,435.495,284.0,71.0,9940.0
2026-09-22 08:15:00,중간부하,140,0,284.0,243.643,527.643,284.0,71.0,9940.0
2026-09-22 08:30:00,중간부하,140,0,240.0,265.412,505.412,240.0,60.0,8400.0
2026-09-22 08:45:00,중간부하,140,0,284.0,290.912,574.912,284.0,71.0,9940.0
2026-09-22 09:00:00,중간부하,140,0,284.0,279.681,563.681,284.0,71.0,9940.0
2026-09-22 09:15:00,중간부하,140,0,159.0,283.746,442.746,159.0,39.75,5565.0
2026-09-22 09:30:00,중간부하,140,0,111.0,279.415,390.415,111.0,27.75,3885.0
2026-09-22 09:45:00,중간부하,140,0,159.0,272.546,431.546,159.0,39.75,5565.0
2026-09-22 10:00:00,최대부하,220,1,159.0,265.441,424.441,159.0,39.75,8745.0
2026-09-22 10:15:00,최대부하,220,1,159.0,261.782,420.782,159.0,39.75,8745.0
2026-09-22 10:30:00,최대부하,220,1,159.0,275.664,434.664,159.0,39.75,8745.0
2026-09-22 10:45:00,최대부하,220,1,104.0,266.892,370.892,104.0,26.0,5720.0
2026-09-22 11:00:00,최대부하,220,1,72.0,287.107,359.107,72.0,18.0,3960.0
2026-09-22 11:15:00,최대부하,220,1,0.0,284.135,284.135,0.0,0.0,0.0
2026-09-22 11:30:00,최대부하,220,1,0.0,276.332,276.332,0.0,0.0,0.0
2026-09-22 11:45:00,최대부하,220,1,0.0,273.556,273.556,0.0,0.0,0.0
2026-09-22 12:00:00,중간부하,140,0,194.33333333333334,46.767,241.10033333333334,194.33333333333334,48.583333333333336,6801.666666666667
2026-09-22 12:15:00,중간부하,140,0,293.8,27.72,321.52,293.8,73.45,10283.0
2026-09-22 12:30:00,중간부하,140,0,390.3333333333333,26.774,417.1073333333333,390.3333333333333,97.58333333333333,13661.666666666666
2026-09-22 12:45:00,중간부하,140,0,429.0,27.928,456.928,429.0,107.25,15015.0
2026-09-22 13:00:00,중간부하,140,0,429.0,182.489,611.489,429.0,107.25,15015.0
2026-09-22 13:15:00,중간부하,140,0,429.0,285.736,714.736,429.0,107.25,15015.0
2026-09-22 13:30:00,중간부하,140,0,429.0,286.145,715.145,429.0,107.25,15015.0
2026-09-22 13:45:00,중간부하,140,0,429.0,279.957,708.957,429.0,107.25,15015.0
2026-09-22 14:00:00,중간부하,140,0,429.0,264.714,693.7139999999999,429.0,107.25,15015.0
2026-09-22 14:15:00,중간부하,140,0,429.0,274.39,703.39,429.0,107.25,15015.0
2026-09-22 14:30:00,중간부하,140,0,429.0,268.019,697.019,429.0,107.25,15015.0
2026-09-22 14:45:00,중간부하,140,0,418.33333333333337,270.076,688.4093333333334,418.33333333333337,104.58333333333334,14641.666666666668
2026-09-22 15:00:00,중간부하,140,0,363.93333333333334,262.217,626.1503333333333,363.93333333333334,90.98333333333333,12737.666666666666
2026-09-22 15:15:00,중간부하,140,0,371.4,268.865,640.265,371.4,92.85,12999.0
2026-09-22 15:30:00,중간부하,140,0,284.8,285.578,570.3779999999999,284.8,71.2,9968.0
2026-09-22 15:45:00,중간부하,140,0,293.33333333333337,277.58,570.9133333333334,293.33333333333337,73.33333333333334,10266.666666666668
2026-09-22 16:00:00,중간부하,140,0,304.0,278.23,582.23,304.0,76.0,10640.0
2026-09-22 16:15:00,중간부하,140,0,304.0,276.398,580.398,304.0,76.0,10640.0
2026-09-22 16:30:00,중간부하,140,0,207.33333333333331,285.036,492.3693333333333,207.33333333333331,51.83333333333333,7256.666666666666
2026-09-22 16:45:00,중간부하,140,0,111.0,281.371,392.371,111.0,27.75,3885.0
2026-09-22 17:00:00,최대부하,220,1,69.4,269.065,338.46500000000003,69.4,17.35,3817.0000000000005
2026-09-22 17:15:00,최대부하,220,1,107.8,257.127,364.927,107.8,26.95,5929.0
2026-09-22 17:30:00,최대부하,220,1,252.0,158.167,410.16700000000003,252.0,63.0,13860.0
2026-09-22 17:45:00,최대부하,220,1,252.0,133.933,385.933,252.0,63.0,13860.0
2026-09-22 18:00:00,최대부하,220,1,252.0,173.995,425.995,252.0,63.0,13860.0
2026-09-22 18:15:00,최대부하,220,1,252.0,228.677,480.677,252.0,63.0,13860.0
2026-09-22 18:30:00,최대부하,220,1,252.0,221.255,473.255,252.0,63.0,13860.0
2026-09-22 18:45:00,최대부하,220,1,197.0,225.055,422.055,197.0,49.25,10835.0
2026-09-22 19:00:00,최대부하,220,1,353.0,215.646,568.646,353.0,88.25,19415.0
2026-09-22 19:15:00,최대부하,220,1,397.0,224.292,621.292,397.0,99.25,21835.0
2026-09-22 19:30:00,최대부하,220,1,349.0,224.765,573.765,349.0,87.25,19195.0
2026-09-22 19:45:00,최대부하,220,1,397.0,220.343,617.343,397.0,99.25,21835.0
2026-09-22 20:00:00,중간부하,140,0,397.0,217.295,614.295,397.0,99.25,13895.0
2026-09-22 20:15:00,중간부하,140,0,397.0,232.438,629.438,397.0,99.25,13895.0
2026-09-22 20:30:00,중간부하,140,0,397.0,202.0,599.0,397.0,99.25,13895.0
2026-09-22 20:45:00,중간부하,140,0,397.0,123.442,520.442,397.0,99.25,13895.0
2026-09-22 21:00:00,중간부하,140,0,397.0,54.756,451.756,397.0,99.25,13895.0
2026-09-22 21:15:00,중간부하,140,0,397.0,47.072,444.072,397.0,99.25,13895.0
2026-09-22 21:30:00,중간부하,140,0,397.0,44.078,441.078,397.0,99.25,13895.0
2026-09-22 21:45:00,중간부하,140,0,397.0,40.455,437.455,397.0,99.25,13895.0
2026-09-22 22:00:00,경부하,90,0,29.0,40.695,69.695,29.0,7.25,652.5
2026-09-22 22:15:00,경부하,90,0,29.0,44.449,73.449,29.0,7.25,652.5
2026-09-22 22:30:00,경부하,90,0,106.33333333333333,41.861,148.19433333333333,106.33333333333333,26.583333333333332,2392.5
2026-09-22 22:45:00,경부하,90,0,145.0,41.546,186.546,145.0,36.25,3262.5
2026-09-22 23:00:00,경부하,90,0,145.0,42.38,187.38,145.0,36.25,3262.5
2026-09-22 23:15:00,경부하,90,0,145.0,40.47,185.47,145.0,36.25,3262.5
2026-09-22 23:30:00,경부하,90,0,145.0,38.335,183.335,145.0,36.25,3262.5
2026-09-22 23:45:00,경부하,90,0,145.0,38.911,183.911,145.0,36.25,3262.5
2026-09-23 00:00:00,경부하,90,0,145.0,37.418,182.418,145.0,36.25,3262.5
2026-09-23 00:15:00,경부하,90,0,145.0,40.035,185.035,145.0,36.25,3262.5
2026-09-23 00:30:00,경부하,90,0,145.0,40.663,185.663,145.0,36.25,3262.5
2026-09-23 00:45:00,경부하,90,0,145.0,40.911,185.911,145.0,36.25,3262.5
2026-09-23 01:00:00,경부하,90,0,48.33333333333333,33.475,81.80833333333334,48.33333333333333,12.083333333333332,1087.5
2026-09-23 01:15:00,경부하,90,0,145.0,22.947,167.947,145.0,36.25,3262.5
2026-09-23 01:30:00,경부하,90,0,145.0,19.222,164.222,145.0,36.25,3262.5
2026-09-23 01:45:00,경부하,90,0,145.0,18.318,163.318,145.0,36.25,3262.5
2026-09-23 02:00:00,경부하,90,0,145.0,18.12,163.12,145.0,36.25,3262.5
2026-09-23 02:15:00,경부하,90,0,145.0,18.145,163.145,145.0,36.25,3262.5
2026-09-23 02:30:00,경부하,90,0,145.0,18.082,163.082,145.0,36.25,3262.5
2026-09-23 02:45:00,경부하,90,0,145.0,17.741,162.74099999999999,145.0,36.25,3262.5
2026-09-23 03:00:00,경부하,90,0,145.0,18.025,163.025,145.0,36.25,3262.5
2026-09-23 03:15:00,경부하,90,0,145.0,18.775,163.775,145.0,36.25,3262.5
2026-09-23 03:30:00,경부하,90,0,145.0,18.358,163.358,145.0,36.25,3262.5
2026-09-23 03:45:00,경부하,90,0,145.0,17.994,162.994,145.0,36.25,3262.5
2026-09-23 04:00:00,경부하,90,0,145.0,18.013,163.013,145.0,36.25,3262.5
2026-09-23 04:15:00,경부하,90,0,145.0,17.742,162.742,145.0,36.25,3262.5
2026-09-23 04:30:00,경부하,90,0,145.0,17.35,162.35,145.0,36.25,3262.5
2026-09-23 04:45:00,경부하,90,0,145.0,17.128,162.128,145.0,36.25,3262.5
2026-09-23 05:00:00,경부하,90,0,145.0,17.232,162.232,145.0,36.25,3262.5
2026-09-23 05:15:00,경부하,90,0,145.0,17.455,162.45499999999998,145.0,36.25,3262.5
2026-09-23 05:30:00,경부하,90,0,29.0,17.556,46.556,29.0,7.25,652.5
2026-09-23 05:45:00,경부하,90,0,29.0,17.41,46.41,29.0,7.25,652.5
2026-09-23 06:00:00,경부하,90,0,256.73333333333335,17.809,274.5423333333334,256.73333333333335,64.18333333333334,5776.5
2026-09-23 06:15:00,경부하,90,0,377.8,17.996,395.796,377.8,94.45,8500.5
2026-09-23 06:30:00,경부하,90,0,397.0,17.65,414.65,397.0,99.25,8932.5
2026-09-23 06:45:00,경부하,90,0,397.0,17.578,414.578,397.0,99.25,8932.5
2026-09-23 07:00:00,경부하,90,0,397.0,17.262,414.262,397.0,99.25,8932.5
2026-09-23 07:15:00,경부하,90,0,397.0,19.424,416.424,397.0,99.25,8932.5
2026-09-23 07:30:00,경부하,90,0,397.0,24.39,421.39,397.0,99.25,8932.5
2026-09-23 07:45:00,경부하,90,0,397.0,31.34,428.34,397.0,99.25,8932.5
2026-09-23 08:00:00,중간부하,140,0,411.93333333333334,159.069,571.0023333333334,411.93333333333334,102.98333333333333,14417.666666666666
2026-09-23 08:15:00,중간부하,140,0,429.0,269.942,698.942,429.0,107.25,15015.0
2026-09-23 08:30:00,중간부하,140,0,429.0,284.293,713.293,429.0,107.25,15015.0
2026-09-23 08:45:00,중간부하,140,0,284.3333333333333,276.33,560.6633333333333,284.3333333333333,71.08333333333333,9951.666666666666
2026-09-23 09:00:00,중간부하,140,0,313.0,279.042,592.0419999999999,313.0,78.25,10955.0
2026-09-23 09:15:00,중간부하,140,0,313.0,286.857,599.857,313.0,78.25,10955.0
2026-09-23 09:30:00,중간부하,140,0,265.3333333333333,272.74,538.0733333333333,265.3333333333333,66.33333333333333,9286.666666666666
2026-09-23 09:45:00,중간부하,140,0,304.0,269.892,573.892,304.0,76.0,10640.0
2026-09-23 10:00:00,최대부하,220,1,304.0,256.118,560.1179999999999,304.0,76.0,16720.0
2026-09-23 10:15:00,최대부하,220,1,293.33333333333337,267.085,560.4183333333333,293.33333333333337,73.33333333333334,16133.333333333336
2026-09-23 10:30:00,최대부하,220,1,272.0,265.439,537.4390000000001,272.0,68.0,14960.0
2026-09-23 10:45:00,최대부하,220,1,272.0,295.369,567.369,272.0,68.0,14960.0
2026-09-23 11:00:00,최대부하,220,1,217.0,291.302,508.302,217.0,54.25,11935.0
2026-09-23 11:15:00,최대부하,220,1,217.0,284.038,501.038,217.0,54.25,11935.0
2026-09-23 11:30:00,최대부하,220,1,217.0,266.75,483.75,217.0,54.25,11935.0
2026-09-23 11:45:00,최대부하,220,1,217.0,244.678,461.678,217.0,54.25,11935.0
2026-09-23 12:00:00,중간부하,140,0,310.33333333333337,40.369,350.7023333333334,310.33333333333337,77.58333333333334,10861.666666666668
2026-09-23 12:15:00,중간부하,140,0,409.8,27.647,437.447,409.8,102.45,14343.0
2026-09-23 12:30:00,중간부하,140,0,429.0,28.149,457.149,429.0,107.25,15015.0
2026-09-23 12:45:00,중간부하,140,0,429.0,29.332,458.332,429.0,107.25,15015.0
2026-09-23 13:00:00,중간부하,140,0,429.0,171.38,600.38,429.0,107.25,15015.0
2026-09-23 13:15:00,중간부하,140,0,418.3333333333333,266.295,684.6283333333333,418.3333333333333,104.58333333333333,14641.666666666666
2026-09-23 13:30:00,중간부하,140,0,411.93333333333334,258.91,670.8433333333334,411.93333333333334,102.98333333333333,14417.666666666666
2026-09-23 13:45:00,중간부하,140,0,429.0,279.498,708.498,429.0,107.25,15015.0
2026-09-23 14:00:00,중간부하,140,0,374.0,285.861,659.861,374.0,93.5,13090.0
2026-09-23 14:15:00,중간부하,140,0,277.3333333333333,272.125,549.4583333333333,277.3333333333333,69.33333333333333,9706.666666666666
2026-09-23 14:30:00,중간부하,140,0,269.0,272.985,541.985,269.0,67.25,9415.0
2026-09-23 14:45:00,중간부하,140,0,313.0,279.835,592.835,313.0,78.25,10955.0
2026-09-23 15:00:00,중간부하,140,0,254.66666666666666,270.658,525.3246666666666,254.66666666666666,63.666666666666664,8913.333333333332
2026-09-23 15:15:00,중간부하,140,0,304.0,269.159,573.159,304.0,76.0,10640.0
2026-09-23 15:30:00,중간부하,140,0,256.0,271.022,527.0219999999999,256.0,64.0,8960.0
2026-09-23 15:45:00,중간부하,140,0,371.4,271.092,642.492,371.4,92.85,12999.0
2026-09-23 16:00:00,중간부하,140,0,409.8,264.628,674.428,409.8,102.45,14343.0
2026-09-23 16:15:00,중간부하,140,0,429.0,280.148,709.148,429.0,107.25,15015.0
2026-09-23 16:30:00,중간부하,140,0,429.0,287.726,716.726,429.0,107.25,15015.0
2026-09-23 16:45:00,중간부하,140,0,429.0,269.837,698.837,429.0,107.25,15015.0
2026-09-23 17:00:00,최대부하,220,1,429.0,269.621,698.621,429.0,107.25,23595.0
2026-09-23 17:15:00,최대부하,220,1,429.0,251.815,680.815,429.0,107.25,23595.0
2026-09-23 17:30:00,최대부하,220,1,429.0,173.331,602.331,429.0,107.25,23595.0
2026-09-23 17:45:00,최대부하,220,1,429.0,135.333,564.333,429.0,107.25,23595.0
2026-09-23 18:00:00,최대부하,220,1,374.0,124.455,498.455,374.0,93.5,20570.0
2026-09-23 18:15:00,최대부하,220,1,374.0,154.137,528.137,374.0,93.5,20570.0
2026-09-23 18:30:00,최대부하,220,1,342.0,151.595,493.595,342.0,85.5,18810.0
2026-09-23 18:45:00,최대부하,220,1,342.0,158.055,500.055,342.0,85.5,18810.0
2026-09-23 19:00:00,최대부하,220,1,349.0,152.064,501.06399999999996,349.0,87.25,19195.0
2026-09-23 19:15:00,최대부하,220,1,325.0,150.662,475.66200000000003,325.0,81.25,17875.0
2026-09-23 19:30:00,최대부하,220,1,325.0,147.891,472.89099999999996,325.0,81.25,17875.0
2026-09-23 19:45:00,최대부하,220,1,325.0,153.55,478.55,325.0,81.25,17875.0
2026-09-23 20:00:00,중간부하,140,0,397.0,159.595,556.595,397.0,99.25,13895.0
2026-09-23 20:15:00,중간부하,140,0,397.0,154.218,551.218,397.0,99.25,13895.0
2026-09-23 20:30:00,중간부하,140,0,397.0,133.906,530.906,397.0,99.25,13895.0
2026-09-23 20:45:00,중간부하,140,0,272.0,90.133,362.133,272.0,68.0,9520.0
2026-09-23 21:00:00,중간부하,140,0,272.0,54.913,326.913,272.0,68.0,9520.0
2026-09-23 21:15:00,중간부하,140,0,272.0,49.363,321.363,272.0,68.0,9520.0
2026-09-23 21:30:00,중간부하,140,0,272.0,48.443,320.443,272.0,68.0,9520.0
2026-09-23 21:45:00,중간부하,140,0,200.0,39.593,239.59300000000002,200.0,50.0,7000.0
2026-09-23 22:00:00,경부하,90,0,48.33333333333333,34.38,82.71333333333334,48.33333333333333,12.083333333333332,1087.5
2026-09-23 22:15:00,경부하,90,0,29.0,32.804,61.804,29.0,7.25,652.5
2026-09-23 22:30:00,경부하,90,0,29.0,31.518,60.518,29.0,7.25,652.5
2026-09-23 22:45:00,경부하,90,0,106.33333333333333,34.164,140.49733333333333,106.33333333333333,26.583333333333332,2392.5
2026-09-23 23:00:00,경부하,90,0,145.0,33.887,178.887,145.0,36.25,3262.5
2026-09-23 23:15:00,경부하,90,0,145.0,34.529,179.529,145.0,36.25,3262.5
2026-09-23 23:30:00,경부하,90,0,145.0,33.838,178.838,145.0,36.25,3262.5
2026-09-23 23:45:00,경부하,90,0,145.0,30.667,175.667,145.0,36.25,3262.5
2026-09-24 00:00:00,경부하,90,0,145.0,33.367,178.367,145.0,36.25,3262.5
2026-09-24 00:15:00,경부하,90,0,145.0,33.265,178.265,145.0,36.25,3262.5
2026-09-24 00:30:00,경부하,90,0,145.0,31.42,176.42000000000002,145.0,36.25,3262.5
2026-09-24 00:45:00,경부하,90,0,145.0,34.583,179.583,145.0,36.25,3262.5
2026-09-24 01:00:00,경부하,90,0,145.0,30.894,175.894,145.0,36.25,3262.5
2026-09-24 01:15:00,경부하,90,0,145.0,20.935,165.935,145.0,36.25,3262.5
2026-09-24 01:30:00,경부하,90,0,145.0,18.714,163.714,145.0,36.25,3262.5
2026-09-24 01:45:00,경부하,90,0,145.0,19.015,164.015,145.0,36.25,3262.5
2026-09-24 02:00:00,경부하,90,0,145.0,19.253,164.253,145.0,36.25,3262.5
2026-09-24 02:15:00,경부하,90,0,48.33333333333333,19.285,67.61833333333333,48.33333333333333,12.083333333333332,1087.5
2026-09-24 02:30:00,경부하,90,0,29.0,18.778,47.778,29.0,7.25,652.5
2026-09-24 02:45:00,경부하,90,0,29.0,18.864,47.864000000000004,29.0,7.25,652.5
2026-09-24 03:00:00,경부하,90,0,106.33333333333333,19.052,125.38533333333334,106.33333333333333,26.583333333333332,2392.5
2026-09-24 03:15:00,경부하,90,0,145.0,18.583,163.583,145.0,36.25,3262.5
2026-09-24 03:30:00,경부하,90,0,145.0,18.577,163.577,145.0,36.25,3262.5
2026-09-24 03:45:00,경부하,90,0,145.0,19.012,164.012,145.0,36.25,3262.5
2026-09-24 04:00:00,경부하,90,0,145.0,19.283,164.28300000000002,145.0,36.25,3262.5
2026-09-24 04:15:00,경부하,90,0,145.0,19.173,164.173,145.0,36.25,3262.5
2026-09-24 04:30:00,경부하,90,0,145.0,18.645,163.645,145.0,36.25,3262.5
2026-09-24 04:45:00,경부하,90,0,145.0,18.767,163.767,145.0,36.25,3262.5
2026-09-24 05:00:00,경부하,90,0,145.0,18.808,163.808,145.0,36.25,3262.5
2026-09-24 05:15:00,경부하,90,0,145.0,18.412,163.412,145.0,36.25,3262.5
2026-09-24 05:30:00,경부하,90,0,145.0,18.757,163.757,145.0,36.25,3262.5
2026-09-24 05:45:00,경부하,90,0,145.0,19.035,164.035,145.0,36.25,3262.5
2026-09-24 06:00:00,경부하,90,0,353.0,18.143,371.14300000000003,353.0,88.25,7942.5
2026-09-24 06:15:00,경부하,90,0,397.0,18.978,415.978,397.0,99.25,8932.5
2026-09-24 06:30:00,경부하,90,0,397.0,18.828,415.828,397.0,99.25,8932.5
2026-09-24 06:45:00,경부하,90,0,397.0,18.335,415.335,397.0,99.25,8932.5
2026-09-24 07:00:00,경부하,90,0,397.0,18.24,415.24,397.0,99.25,8932.5
2026-09-24 07:15:00,경부하,90,0,397.0,20.425,417.425,397.0,99.25,8932.5
2026-09-24 07:30:00,경부하,90,0,397.0,23.757,420.757,397.0,99.25,8932.5
2026-09-24 07:45:00,경부하,90,0,397.0,27.183,424.183,397.0,99.25,8932.5
2026-09-24 08:00:00,중간부하,140,0,356.93333333333334,191.397,548.3303333333333,356.93333333333334,89.23333333333333,12492.666666666666
2026-09-24 08:15:00,중간부하,140,0,316.4,305.288,621.688,316.4,79.1,11074.0
2026-09-24 08:30:00,중간부하,140,0,354.8,307.401,662.201,354.8,88.7,12418.0
2026-09-24 08:45:00,중간부하,140,0,152.33333333333331,323.661,475.9943333333333,152.33333333333331,38.08333333333333,5331.666666666666
2026-09-24 09:00:00,중간부하,140,0,260.0,308.033,568.033,260.0,65.0,9100.0
2026-09-24 09:15:00,중간부하,140,0,304.0,300.822,604.822,304.0,76.0,10640.0
2026-09-24 09:30:00,중간부하,140,0,304.0,298.718,602.7180000000001,304.0,76.0,10640.0
2026-09-24 09:45:00,중간부하,140,0,256.0,292.326,548.326,256.0,64.0,8960.0
2026-09-24 10:00:00,최대부하,220,1,246.4,302.987,549.3870000000001,246.4,61.6,13552.0
2026-09-24 10:15:00,최대부하,220,1,284.8,289.321,574.1210000000001,284.8,71.2,15664.0
2026-09-24 10:30:00,최대부하,220,1,304.0,294.67,598.6700000000001,304.0,76.0,16720.0
2026-09-24 10:45:00,최대부하,220,1,293.3333333333333,280.6,573.9333333333334,293.3333333333333,73.33333333333333,16133.333333333332
2026-09-24 11:00:00,최대부하,220,1,188.0,285.437,473.437,188.0,47.0,10340.0
2026-09-24 11:15:00,최대부하,220,1,188.0,285.953,473.953,188.0,47.0,10340.0
2026-09-24 11:30:00,최대부하,220,1,217.33333333333331,286.922,504.25533333333334,217.33333333333331,54.33333333333333,11953.333333333332
2026-09-24 11:45:00,최대부하,220,1,232.0,276.387,508.387,232.0,58.0,12760.0
2026-09-24 12:00:00,중간부하,140,0,304.0,49.101,353.101,304.0,76.0,10640.0
2026-09-24 12:15:00,중간부하,140,0,304.0,28.675,332.675,304.0,76.0,10640.0
2026-09-24 12:30:00,중간부하,140,0,304.0,30.302,334.302,304.0,76.0,10640.0
2026-09-24 12:45:00,중간부하,140,0,304.0,33.602,337.602,304.0,76.0,10640.0
2026-09-24 13:00:00,중간부하,140,0,304.0,187.318,491.318,304.0,76.0,10640.0
2026-09-24 13:15:00,중간부하,140,0,304.0,272.024,576.024,304.0,76.0,10640.0
2026-09-24 13:30:00,중간부하,140,0,286.93333333333334,272.189,559.1223333333334,286.93333333333334,71.73333333333333,10042.666666666666
2026-09-24 13:45:00,중간부하,140,0,207.33333333333331,266.752,474.0853333333333,207.33333333333331,51.83333333333333,7256.666666666666
2026-09-24 14:00:00,중간부하,140,0,246.4,264.631,511.03099999999995,246.4,61.6,8624.0
2026-09-24 14:15:00,중간부하,140,0,240.8,265.352,506.152,240.8,60.2,8428.0
2026-09-24 14:30:00,중간부하,140,0,304.0,265.271,569.271,304.0,76.0,10640.0
2026-09-24 14:45:00,중간부하,140,0,304.0,270.798,574.798,304.0,76.0,10640.0
2026-09-24 15:00:00,중간부하,140,0,293.3333333333333,260.983,554.3163333333333,293.3333333333333,73.33333333333333,10266.666666666666
2026-09-24 15:15:00,중간부하,140,0,238.93333333333334,261.572,500.50533333333334,238.93333333333334,59.733333333333334,8362.666666666666
2026-09-24 15:30:00,중간부하,140,0,429.0,281.624,710.624,429.0,107.25,15015.0
2026-09-24 15:45:00,중간부하,140,0,429.0,262.866,691.866,429.0,107.25,15015.0
2026-09-24 16:00:00,중간부하,140,0,429.0,277.955,706.9549999999999,429.0,107.25,15015.0
2026-09-24 16:15:00,중간부하,140,0,429.0,271.536,700.5360000000001,429.0,107.25,15015.0
2026-09-24 16:30:00,중간부하,140,0,429.0,264.813,693.813,429.0,107.25,15015.0
2026-09-24 16:45:00,중간부하,140,0,293.3333333333333,251.23,544.5633333333333,293.3333333333333,73.33333333333333,10266.666666666666
2026-09-24 17:00:00,최대부하,220,1,231.93333333333334,270.641,502.57433333333336,231.93333333333334,57.983333333333334,12756.333333333334
2026-09-24 17:15:00,최대부하,220,1,249.0,243.981,492.981,249.0,62.25,13695.0
2026-09-24 17:30:00,최대부하,220,1,177.0,137.975,314.975,177.0,44.25,9735.0
2026-09-24 17:45:00,최대부하,220,1,76.33333333333333,130.982,207.31533333333334,76.33333333333333,19.083333333333332,4198.333333333333
2026-09-24 18:00:00,최대부하,220,1,55.0,180.622,235.622,55.0,13.75,3025.0
2026-09-24 18:15:00,최대부하,220,1,55.0,228.064,283.06399999999996,55.0,13.75,3025.0
2026-09-24 18:30:00,최대부하,220,1,55.0,216.218,271.21799999999996,55.0,13.75,3025.0
2026-09-24 18:45:00,최대부하,220,1,127.0,231.463,358.46299999999997,127.0,31.75,6985.0
2026-09-24 19:00:00,최대부하,220,1,127.0,214.949,341.949,127.0,31.75,6985.0
2026-09-24 19:15:00,최대부하,220,1,72.0,222.671,294.671,72.0,18.0,3960.0
2026-09-24 19:30:00,최대부하,220,1,72.0,223.345,295.345,72.0,18.0,3960.0
2026-09-24 19:45:00,최대부하,220,1,72.0,216.407,288.40700000000004,72.0,18.0,3960.0
2026-09-24 20:00:00,중간부하,140,0,156.0,216.952,372.952,156.0,39.0,5460.0
2026-09-24 20:15:00,중간부하,140,0,156.0,235.69,391.69,156.0,39.0,5460.0
2026-09-24 20:30:00,중간부하,140,0,233.33333333333331,201.626,434.95933333333335,233.33333333333331,58.33333333333333,8166.666666666666
2026-09-24 20:45:00,중간부하,140,0,272.0,136.433,408.433,272.0,68.0,9520.0
2026-09-24 21:00:00,중간부하,140,0,272.0,77.192,349.192,272.0,68.0,9520.0
2026-09-24 21:15:00,중간부하,140,0,272.0,52.722,324.722,272.0,68.0,9520.0
2026-09-24 21:30:00,중간부하,140,0,272.0,43.755,315.755,272.0,68.0,9520.0
2026-09-24 21:45:00,중간부하,140,0,272.0,41.743,313.743,272.0,68.0,9520.0
2026-09-24 22:00:00,경부하,90,0,145.0,39.685,184.685,145.0,36.25,3262.5
2026-09-24 22:15:00,경부하,90,0,145.0,36.102,181.102,145.0,36.25,3262.5
2026-09-24 22:30:00,경부하,90,0,145.0,39.482,184.482,145.0,36.25,3262.5
2026-09-24 22:45:00,경부하,90,0,145.0,41.073,186.073,145.0,36.25,3262.5
2026-09-24 23:00:00,경부하,90,0,48.33333333333333,35.87,84.20333333333332,48.33333333333333,12.083333333333332,1087.5
2026-09-24 23:15:00,경부하,90,0,29.0,34.091,63.091,29.0,7.25,652.5
2026-09-24 23:30:00,경부하,90,0,29.0,36.598,65.598,29.0,7.25,652.5
2026-09-24 23:45:00,경부하,90,0,106.33333333333333,39.829,146.16233333333332,106.33333333333333,26.583333333333332,2392.5
2026-09-25 00:00:00,경부하,90,0,145.0,30.361,175.361,145.0,36.25,3262.5
2026-09-25 00:15:00,경부하,90,0,145.0,38.746,183.746,145.0,36.25,3262.5
2026-09-25 00:30:00,경부하,90,0,145.0,35.905,180.905,145.0,36.25,3262.5
2026-09-25 00:45:00,경부하,90,0,145.0,33.632,178.632,145.0,36.25,3262.5
2026-09-25 01:00:00,경부하,90,0,145.0,24.041,169.041,145.0,36.25,3262.5
2026-09-25 01:15:00,경부하,90,0,145.0,21.534,166.534,145.0,36.25,3262.5
2026-09-25 01:30:00,경부하,90,0,145.0,20.223,165.223,145.0,36.25,3262.5
2026-09-25 01:45:00,경부하,90,0,145.0,19.115,164.115,145.0,36.25,3262.5
2026-09-25 02:00:00,경부하,90,0,145.0,22.425,167.425,145.0,36.25,3262.5
2026-09-25 02:15:00,경부하,90,0,145.0,22.317,167.317,145.0,36.25,3262.5
2026-09-25 02:30:00,경부하,90,0,145.0,20.325,165.325,145.0,36.25,3262.5
2026-09-25 02:45:00,경부하,90,0,145.0,21.089,166.089,145.0,36.25,3262.5
2026-09-25 03:00:00,경부하,90,0,145.0,20.312,165.312,145.0,36.25,3262.5
2026-09-25 03:15:00,경부하,90,0,145.0,21.456,166.456,145.0,36.25,3262.5
2026-09-25 03:30:00,경부하,90,0,145.0,19.235,164.235,145.0,36.25,3262.5
2026-09-25 03:45:00,경부하,90,0,48.33333333333333,19.102,67.43533333333333,48.33333333333333,12.083333333333332,1087.5
2026-09-25 04:00:00,경부하,90,0,145.0,19.117,164.117,145.0,36.25,3262.5
2026-09-25 04:15:00,경부하,90,0,145.0,20.109,165.109,145.0,36.25,3262.5
2026-09-25 04:30:00,경부하,90,0,145.0,18.887,163.887,145.0,36.25,3262.5
2026-09-25 04:45:00,경부하,90,0,145.0,18.64,163.64,145.0,36.25,3262.5
2026-09-25 05:00:00,경부하,90,0,145.0,18.962,163.962,145.0,36.25,3262.5
2026-09-25 05:15:00,경부하,90,0,145.0,20.562,165.562,145.0,36.25,3262.5
2026-09-25 05:30:00,경부하,90,0,145.0,21.922,166.922,145.0,36.25,3262.5
2026-09-25 05:45:00,경부하,90,0,145.0,21.122,166.122,145.0,36.25,3262.5
2026-09-25 06:00:00,경부하,90,0,353.0,21.338,374.338,353.0,88.25,7942.5
2026-09-25 06:15:00,경부하,90,0,397.0,21.855,418.855,397.0,99.25,8932.5
2026-09-25 06:30:00,경부하,90,0,397.0,20.911,417.911,397.0,99.25,8932.5
2026-09-25 06:45:00,경부하,90,0,397.0,22.001,419.001,397.0,99.25,8932.5
2026-09-25 07:00:00,경부하,90,0,397.0,21.557,418.557,397.0,99.25,8932.5
2026-09-25 07:15:00,경부하,90,0,397.0,21.214,418.214,397.0,99.25,8932.5
2026-09-25 07:30:00,경부하,90,0,397.0,26.972,423.972,397.0,99.25,8932.5
2026-09-25 07:45:00,경부하,90,0,397.0,26.195,423.195,397.0,99.25,8932.5
2026-09-25 08:00:00,중간부하,140,0,411.93333333333334,156.597,568.5303333333334,411.93333333333334,102.98333333333333,14417.666666666666
2026-09-25 08:15:00,중간부하,140,0,429.0,260.635,689.635,429.0,107.25,15015.0
2026-09-25 08:30:00,중간부하,140,0,429.0,279.825,708.825,429.0,107.25,15015.0
2026-09-25 08:45:00,중간부하,140,0,429.0,290.583,719.5830000000001,429.0,107.25,15015.0
2026-09-25 09:00:00,중간부하,140,0,374.33333333333337,293.703,668.0363333333333,374.33333333333337,93.58333333333334,13101.666666666668
2026-09-25 09:15:00,중간부하,140,0,411.93333333333334,276.915,688.8483333333334,411.93333333333334,102.98333333333333,14417.666666666666
2026-09-25 09:30:00,중간부하,140,0,429.0,264.379,693.379,429.0,107.25,15015.0
2026-09-25 09:45:00,중간부하,140,0,429.0,263.182,692.182,429.0,107.25,15015.0
2026-09-25 10:00:00,최대부하,220,1,429.0,254.578,683.578,429.0,107.25,23595.0
2026-09-25 10:15:00,최대부하,220,1,429.0,258.041,687.0409999999999,429.0,107.25,23595.0
2026-09-25 10:30:00,최대부하,220,1,429.0,251.716,680.716,429.0,107.25,23595.0
2026-09-25 10:45:00,최대부하,220,1,374.0,256.311,630.3109999999999,374.0,93.5,20570.0
2026-09-25 11:00:00,최대부하,220,1,363.3333333333333,262.412,625.7453333333333,363.3333333333333,90.83333333333333,19983.333333333332
2026-09-25 11:15:00,최대부하,220,1,304.0,269.604,573.604,304.0,76.0,16720.0
2026-09-25 11:30:00,최대부하,220,1,304.0,260.805,564.8050000000001,304.0,76.0,16720.0
2026-09-25 11:45:00,최대부하,220,1,304.0,255.243,559.2429999999999,304.0,76.0,16720.0
2026-09-25 12:00:00,중간부하,140,0,246.4,46.342,292.742,246.4,61.6,8624.0
2026-09-25 12:15:00,중간부하,140,0,284.8,24.532,309.332,284.8,71.2,9968.0
2026-09-25 12:30:00,중간부하,140,0,304.0,23.851,327.851,304.0,76.0,10640.0
2026-09-25 12:45:00,중간부하,140,0,304.0,23.976,327.976,304.0,76.0,10640.0
2026-09-25 13:00:00,중간부하,140,0,304.0,174.841,478.841,304.0,76.0,10640.0
2026-09-25 13:15:00,중간부하,140,0,304.0,260.305,564.3050000000001,304.0,76.0,10640.0
2026-09-25 13:30:00,중간부하,140,0,304.0,270.731,574.731,304.0,76.0,10640.0
2026-09-25 13:45:00,중간부하,140,0,304.0,258.359,562.3589999999999,304.0,76.0,10640.0
2026-09-25 14:00:00,중간부하,140,0,304.0,266.001,570.001,304.0,76.0,10640.0
2026-09-25 14:15:00,중간부하,140,0,304.0,269.82,573.8199999999999,304.0,76.0,10640.0
2026-09-25 14:30:00,중간부하,140,0,304.0,270.388,574.3879999999999,304.0,76.0,10640.0
2026-09-25 14:45:00,중간부하,140,0,272.0,266.162,538.162,272.0,68.0,9520.0
2026-09-25 15:00:00,중간부하,140,0,224.0,248.149,472.149,224.0,56.0,7840.0
2026-09-25 15:15:00,중간부하,140,0,214.4,267.525,481.92499999999995,214.4,53.6,7504.0
2026-09-25 15:30:00,중간부하,140,0,252.8,261.2,514.0,252.8,63.2,8848.0
2026-09-25 15:45:00,중간부하,140,0,272.0,255.565,527.565,272.0,68.0,9520.0
2026-09-25 16:00:00,중간부하,140,0,272.0,276.294,548.294,272.0,68.0,9520.0
2026-09-25 16:15:00,중간부하,140,0,272.0,255.948,527.948,272.0,68.0,9520.0
2026-09-25 16:30:00,중간부하,140,0,272.0,278.278,550.278,272.0,68.0,9520.0
2026-09-25 16:45:00,중간부하,140,0,272.0,251.913,523.913,272.0,68.0,9520.0
2026-09-25 17:00:00,최대부하,220,1,272.0,243.877,515.877,272.0,68.0,14960.0
2026-09-25 17:15:00,최대부하,220,1,272.0,235.685,507.685,272.0,68.0,14960.0
2026-09-25 17:30:00,최대부하,220,1,272.0,142.014,414.014,272.0,68.0,14960.0
2026-09-25 17:45:00,최대부하,220,1,272.0,132.378,404.378,272.0,68.0,14960.0
2026-09-25 18:00:00,최대부하,220,1,224.0,158.27,382.27,224.0,56.0,12320.0
2026-09-25 18:15:00,최대부하,220,1,214.4,203.446,417.846,214.4,53.6,11792.0
2026-09-25 18:30:00,최대부하,220,1,208.8,200.544,409.34400000000005,208.8,52.2,11484.0
2026-09-25 18:45:00,최대부하,220,1,272.0,204.748,476.748,272.0,68.0,14960.0
2026-09-25 19:00:00,최대부하,220,1,272.0,202.898,474.898,272.0,68.0,14960.0
2026-09-25 19:15:00,최대부하,220,1,272.0,204.345,476.345,272.0,68.0,14960.0
2026-09-25 19:30:00,최대부하,220,1,272.0,213.591,485.591,272.0,68.0,14960.0
2026-09-25 19:45:00,최대부하,220,1,272.0,210.014,482.014,272.0,68.0,14960.0
2026-09-25 20:00:00,중간부하,140,0,272.0,210.725,482.725,272.0,68.0,9520.0
2026-09-25 20:15:00,중간부하,140,0,272.0,197.949,469.949,272.0,68.0,9520.0
2026-09-25 20:30:00,중간부하,140,0,272.0,189.179,461.179,272.0,68.0,9520.0
2026-09-25 20:45:00,중간부하,140,0,272.0,114.285,386.28499999999997,272.0,68.0,9520.0
2026-09-25 21:00:00,중간부하,140,0,272.0,60.127,332.127,272.0,68.0,9520.0
2026-09-25 21:15:00,중간부하,140,0,224.0,52.508,276.508,224.0,56.0,7840.0
2026-09-25 21:30:00,중간부하,140,0,29.0,46.501,75.501,29.0,7.25,1015.0
2026-09-25 21:45:00,중간부하,140,0,29.0,50.834,79.834,29.0,7.25,1015.0
2026-09-25 22:00:00,경부하,90,0,106.33333333333333,45.177,151.51033333333334,106.33333333333333,26.583333333333332,2392.5
2026-09-25 22:15:00,경부하,90,0,145.0,38.754,183.754,145.0,36.25,3262.5
2026-09-25 22:30:00,경부하,90,0,145.0,47.296,192.296,145.0,36.25,3262.5
2026-09-25 22:45:00,경부하,90,0,145.0,37.343,182.34300000000002,145.0,36.25,3262.5
2026-09-25 23:00:00,경부하,90,0,145.0,38.762,183.762,145.0,36.25,3262.5
2026-09-25 23:15:00,경부하,90,0,145.0,46.49,191.49,145.0,36.25,3262.5
2026-09-25 23:30:00,경부하,90,0,145.0,40.772,185.772,145.0,36.25,3262.5
2026-09-25 23:45:00,경부하,90,0,145.0,42.482,187.482,145.0,36.25,3262.5
2026-09-26 00:00:00,경부하,76,0,145.0,43.126,188.126,145.0,36.25,2755.0
2026-09-26 00:15:00,경부하,76,0,145.0,40.765,185.765,145.0,36.25,2755.0
2026-09-26 00:30:00,경부하,76,0,145.0,38.779,183.779,145.0,36.25,2755.0
2026-09-26 00:45:00,경부하,76,0,145.0,34.83,179.82999999999998,145.0,36.25,2755.0
2026-09-26 01:00:00,경부하,76,0,145.0,35.279,180.279,145.0,36.25,2755.0
2026-09-26 01:15:00,경부하,76,0,145.0,25.721,170.721,145.0,36.25,2755.0
2026-09-26 01:30:00,경부하,76,0,145.0,23.928,168.928,145.0,36.25,2755.0
2026-09-26 01:45:00,경부하,76,0,145.0,21.462,166.462,145.0,36.25,2755.0
2026-09-26 02:00:00,경부하,76,0,48.33333333333333,18.222,66.55533333333332,48.33333333333333,12.083333333333332,918.3333333333333
2026-09-26 02:15:00,경부하,76,0,29.0,20.736,49.736000000000004,29.0,7.25,551.0
2026-09-26 02:30:00,경부하,76,0,29.0,20.572,49.572,29.0,7.25,551.0
2026-09-26 02:45:00,경부하,76,0,106.33333333333333,18.598,124.93133333333333,106.33333333333333,26.583333333333332,2020.3333333333333
2026-09-26 03:00:00,경부하,76,0,145.0,19.308,164.308,145.0,36.25,2755.0
2026-09-26 03:15:00,경부하,76,0,145.0,20.568,165.568,145.0,36.25,2755.0
2026-09-26 03:30:00,경부하,76,0,145.0,18.908,163.90800000000002,145.0,36.25,2755.0
2026-09-26 03:45:00,경부하,76,0,145.0,19.745,164.745,145.0,36.25,2755.0
2026-09-26 04:00:00,경부하,76,0,145.0,20.234,165.234,145.0,36.25,2755.0
2026-09-26 04:15:00,경부하,76,0,145.0,18.193,163.193,145.0,36.25,2755.0
2026-09-26 04:30:00,경부하,76,0,145.0,20.502,165.502,145.0,36.25,2755.0
2026-09-26 04:45:00,경부하,76,0,145.0,19.883,164.883,145.0,36.25,2755.0
2026-09-26 05:00:00,경부하,76,0,145.0,18.612,163.612,145.0,36.25,2755.0
2026-09-26 05:15:00,경부하,76,0,145.0,20.46,165.46,145.0,36.25,2755.0
2026-09-26 05:30:00,경부하,76,0,145.0,18.132,163.132,145.0,36.25,2755.0
2026-09-26 05:45:00,경부하,76,0,145.0,17.727,162.727,145.0,36.25,2755.0
2026-09-26 06:00:00,경부하,76,0,339.4,20.401,359.801,339.4,84.85,6448.599999999999
2026-09-26 06:15:00,경부하,76,0,377.8,18.839,396.639,377.8,94.45,7178.2
2026-09-26 06:30:00,경부하,76,0,397.0,18.765,415.765,397.0,99.25,7543.0
2026-09-26 06:45:00,경부하,76,0,397.0,20.345,417.345,397.0,99.25,7543.0
2026-09-26 07:00:00,경부하,76,0,397.0,17.589,414.589,397.0,99.25,7543.0
2026-09-26 07:15:00,경부하,76,0,397.0,16.712,413.712,397.0,99.25,7543.0
2026-09-26 07:30:00,경부하,76,0,397.0,17.474,414.474,397.0,99.25,7543.0
2026-09-26 07:45:00,경부하,76,0,300.3333333333333,20.316,320.6493333333333,300.3333333333333,75.08333333333333,5706.333333333333
2026-09-26 08:00:00,중간부하,119,0,411.93333333333334,89.882,501.81533333333334,411.93333333333334,102.98333333333333,12255.016666666666
2026-09-26 08:15:00,중간부하,119,0,429.0,148.489,577.489,429.0,107.25,12762.75
2026-09-26 08:30:00,중간부하,119,0,429.0,139.175,568.175,429.0,107.25,12762.75
2026-09-26 08:45:00,중간부하,119,0,429.0,143.964,572.9639999999999,429.0,107.25,12762.75
2026-09-26 09:00:00,중간부하,119,0,381.0,151.455,532.455,381.0,95.25,11334.75
2026-09-26 09:15:00,중간부하,119,0,429.0,146.051,575.0509999999999,429.0,107.25,12762.75
2026-09-26 09:30:00,중간부하,119,0,429.0,142.095,571.095,429.0,107.25,12762.75
2026-09-26 09:45:00,중간부하,119,0,418.3333333333333,145.035,563.3683333333333,418.3333333333333,104.58333333333333,12445.416666666666
2026-09-26 10:00:00,최대부하,187,1,397.0,145.905,542.905,397.0,99.25,18559.75
2026-09-26 10:15:00,최대부하,187,1,411.93333333333334,148.066,559.9993333333333,411.93333333333334,102.98333333333333,19257.883333333335
2026-09-26 10:30:00,최대부하,187,1,385.0,147.628,532.6279999999999,385.0,96.25,17998.75
2026-09-26 10:45:00,최대부하,187,1,429.0,155.062,584.062,429.0,107.25,20055.75
2026-09-26 11:00:00,최대부하,187,1,429.0,142.73,571.73,429.0,107.25,20055.75
2026-09-26 11:15:00,최대부하,187,1,429.0,146.409,575.409,429.0,107.25,20055.75
2026-09-26 11:30:00,최대부하,187,1,429.0,145.442,574.442,429.0,107.25,20055.75
2026-09-26 11:45:00,최대부하,187,1,429.0,106.313,535.313,429.0,107.25,20055.75
2026-09-26 12:00:00,중간부하,119,0,429.0,25.505,454.505,429.0,107.25,12762.75
2026-09-26 12:15:00,중간부하,119,0,371.4,20.312,391.712,371.4,92.85,11049.15
2026-09-26 12:30:00,중간부하,119,0,399.1333333333334,20.444,419.5773333333334,399.1333333333334,99.78333333333335,11874.216666666669
2026-09-26 12:45:00,중간부하,119,0,397.0,20.73,417.73,397.0,99.25,11810.75
2026-09-26 13:00:00,중간부하,119,0,397.0,74.014,471.014,397.0,99.25,11810.75
2026-09-26 13:15:00,중간부하,119,0,397.0,151.325,548.325,397.0,99.25,11810.75
2026-09-26 13:30:00,중간부하,119,0,397.0,151.055,548.0550000000001,397.0,99.25,11810.75
2026-09-26 13:45:00,중간부하,119,0,397.0,154.525,551.525,397.0,99.25,11810.75
2026-09-26 14:00:00,중간부하,119,0,342.0,145.119,487.119,342.0,85.5,10174.5
2026-09-26 14:15:00,중간부하,119,0,342.0,154.367,496.36699999999996,342.0,85.5,10174.5
2026-09-26 14:30:00,중간부하,119,0,342.0,151.035,493.03499999999997,342.0,85.5,10174.5
2026-09-26 14:45:00,중간부하,119,0,374.0,158.344,532.344,374.0,93.5,11126.5
2026-09-26 15:00:00,중간부하,119,0,429.0,153.372,582.3720000000001,429.0,107.25,12762.75
2026-09-26 15:15:00,중간부하,119,0,429.0,156.283,585.283,429.0,107.25,12762.75
2026-09-26 15:30:00,중간부하,119,0,381.0,163.725,544.725,381.0,95.25,11334.75
2026-09-26 15:45:00,중간부하,119,0,429.0,146.872,575.8720000000001,429.0,107.25,12762.75
2026-09-26 16:00:00,중간부하,119,0,429.0,153.275,582.275,429.0,107.25,12762.75
2026-09-26 16:15:00,중간부하,119,0,429.0,148.156,577.156,429.0,107.25,12762.75
2026-09-26 16:30:00,중간부하,119,0,429.0,140.021,569.021,429.0,107.25,12762.75
2026-09-26 16:45:00,중간부하,119,0,429.0,75.312,504.312,429.0,107.25,12762.75
2026-09-26 17:00:00,최대부하,187,1,397.0,38.946,435.946,397.0,99.25,18559.75
2026-09-26 17:15:00,최대부하,187,1,397.0,35.028,432.028,397.0,99.25,18559.75
2026-09-26 17:30:00,최대부하,187,1,397.0,33.513,430.513,397.0,99.25,18559.75
2026-09-26 17:45:00,최대부하,187,1,397.0,34.641,431.641,397.0,99.25,18559.75
2026-09-26 18:00:00,최대부하,187,1,397.0,31.698,428.698,397.0,99.25,18559.75
2026-09-26 18:15:00,최대부하,187,1,397.0,31.564,428.564,397.0,99.25,18559.75
2026-09-26 18:30:00,최대부하,187,1,397.0,28.671,425.671,397.0,99.25,18559.75
2026-09-26 18:45:00,최대부하,187,1,397.0,31.088,428.088,397.0,99.25,18559.75
2026-09-26 19:00:00,최대부하,187,1,397.0,28.996,425.996,397.0,99.25,18559.75
2026-09-26 19:15:00,최대부하,187,1,272.0,26.009,298.009,272.0,68.0,12716.0
2026-09-26 19:30:00,최대부하,187,1,272.0,29.461,301.461,272.0,68.0,12716.0
2026-09-26 19:45:00,최대부하,187,1,217.0,29.867,246.867,217.0,54.25,10144.75
2026-09-26 20:00:00,중간부하,119,0,228.0,29.556,257.556,228.0,57.0,6783.0
2026-09-26 20:15:00,중간부하,119,0,272.0,28.473,300.473,272.0,68.0,8092.0
2026-09-26 20:30:00,중간부하,119,0,272.0,26.323,298.323,272.0,68.0,8092.0
2026-09-26 20:45:00,중간부하,119,0,272.0,25.864,297.864,272.0,68.0,8092.0
2026-09-26 21:00:00,중간부하,119,0,272.0,26.016,298.016,272.0,68.0,8092.0
2026-09-26 21:15:00,중간부하,119,0,272.0,25.37,297.37,272.0,68.0,8092.0
2026-09-26 21:30:00,중간부하,119,0,217.0,26.457,243.457,217.0,54.25,6455.75
2026-09-26 21:45:00,중간부하,119,0,101.0,23.398,124.398,101.0,25.25,3004.75
2026-09-26 22:00:00,경부하,76,0,29.0,25.642,54.641999999999996,29.0,7.25,551.0
2026-09-26 22:15:00,경부하,76,0,106.33333333333333,24.288,130.62133333333333,106.33333333333333,26.583333333333332,2020.3333333333333
2026-09-26 22:30:00,경부하,76,0,145.0,24.244,169.244,145.0,36.25,2755.0
2026-09-26 22:45:00,경부하,76,0,145.0,23.669,168.669,145.0,36.25,2755.0
2026-09-26 23:00:00,경부하,76,0,145.0,23.612,168.612,145.0,36.25,2755.0
2026-09-26 23:15:00,경부하,76,0,145.0,23.451,168.451,145.0,36.25,2755.0
2026-09-26 23:30:00,경부하,76,0,145.0,22.961,167.961,145.0,36.25,2755.0
2026-09-26 23:45:00,경부하,76,0,145.0,21.873,166.873,145.0,36.25,2755.0
2026-09-27 00:00:00,경부하,76,0,145.0,22.248,167.248,145.0,36.25,2755.0
2026-09-27 00:15:00,경부하,76,0,145.0,21.832,166.832,145.0,36.25,2755.0
2026-09-27 00:30:00,경부하,76,0,145.0,19.921,164.921,145.0,36.25,2755.0
2026-09-27 00:45:00,경부하,76,0,145.0,20.232,165.232,145.0,36.25,2755.0
2026-09-27 01:00:00,경부하,76,0,145.0,17.288,162.288,145.0,36.25,2755.0
2026-09-27 01:15:00,경부하,76,0,145.0,15.905,160.905,145.0,36.25,2755.0
2026-09-27 01:30:00,경부하,76,0,145.0,15.657,160.657,145.0,36.25,2755.0
2026-09-27 01:45:00,경부하,76,0,145.0,15.828,160.828,145.0,36.25,2755.0
2026-09-27 02:00:00,경부하,76,0,145.0,15.318,160.318,145.0,36.25,2755.0
2026-09-27 02:15:00,경부하,76,0,145.0,15.278,160.278,145.0,36.25,2755.0
2026-09-27 02:30:00,경부하,76,0,145.0,15.838,160.838,145.0,36.25,2755.0
2026-09-27 02:45:00,경부하,76,0,145.0,15.985,160.985,145.0,36.25,2755.0
2026-09-27 03:00:00,경부하,76,0,145.0,15.722,160.722,145.0,36.25,2755.0
2026-09-27 03:15:00,경부하,76,0,48.33333333333333,15.743,64.07633333333332,48.33333333333333,12.083333333333332,918.3333333333333
2026-09-27 03:30:00,경부하,76,0,145.0,15.731,160.731,145.0,36.25,2755.0
2026-09-27 03:45:00,경부하,76,0,145.0,15.575,160.575,145.0,36.25,2755.0
2026-09-27 04:00:00,경부하,76,0,145.0,15.706,160.706,145.0,36.25,2755.0
2026-09-27 04:15:00,경부하,76,0,145.0,15.354,160.35399999999998,145.0,36.25,2755.0
2026-09-27 04:30:00,경부하,76,0,145.0,15.713,160.713,145.0,36.25,2755.0
2026-09-27 04:45:00,경부하,76,0,145.0,15.895,160.895,145.0,36.25,2755.0
2026-09-27 05:00:00,경부하,76,0,145.0,15.068,160.068,145.0,36.25,2755.0
2026-09-27 05:15:00,경부하,76,0,145.0,14.018,159.018,145.0,36.25,2755.0
2026-09-27 05:30:00,경부하,76,0,145.0,12.866,157.86599999999999,145.0,36.25,2755.0
2026-09-27 05:45:00,경부하,76,0,145.0,12.792,157.792,145.0,36.25,2755.0
2026-09-27 06:00:00,경부하,76,0,353.0,12.713,365.713,353.0,88.25,6707.0
2026-09-27 06:15:00,경부하,76,0,397.0,12.64,409.64,397.0,99.25,7543.0
2026-09-27 06:30:00,경부하,76,0,397.0,12.932,409.932,397.0,99.25,7543.0
2026-09-27 06:45:00,경부하,76,0,397.0,12.771,409.771,397.0,99.25,7543.0
2026-09-27 07:00:00,경부하,76,0,397.0,12.516,409.516,397.0,99.25,7543.0
2026-09-27 07:15:00,경부하,76,0,397.0,12.54,409.54,397.0,99.25,7543.0
2026-09-27 07:30:00,경부하,76,0,397.0,12.668,409.668,397.0,99.25,7543.0
2026-09-27 07:45:00,경부하,76,0,397.0,14.532,411.532,397.0,99.25,7543.0
2026-09-27 08:00:00,중간부하,119,0,411.93333333333334,42.572,454.50533333333334,411.93333333333334,102.98333333333333,12255.016666666666
2026-09-27 08:15:00,중간부하,119,0,429.0,65.489,494.48900000000003,429.0,107.25,12762.75
2026-09-27 08:30:00,중간부하,119,0,429.0,60.635,489.635,429.0,107.25,12762.75
2026-09-27 08:45:00,중간부하,119,0,429.0,65.008,494.008,429.0,107.25,12762.75
2026-09-27 09:00:00,중간부하,119,0,429.0,60.27,489.27,429.0,107.25,12762.75
2026-09-27 09:15:00,중간부하,119,0,284.0,63.161,347.161,284.0,71.0,8449.0
2026-09-27 09:30:00,중간부하,119,0,284.0,68.01,352.01,284.0,71.0,8449.0
2026-09-27 09:45:00,중간부하,119,0,284.0,62.445,346.445,284.0,71.0,8449.0
2026-09-27 10:00:00,최대부하,187,1,284.0,64.752,348.752,284.0,71.0,13277.0
2026-09-27 10:15:00,최대부하,187,1,284.0,64.89,348.89,284.0,71.0,13277.0
2026-09-27 10:30:00,최대부하,187,1,284.0,64.339,348.339,284.0,71.0,13277.0
2026-09-27 10:45:00,최대부하,187,1,273.3333333333333,62.242,335.57533333333333,273.3333333333333,68.33333333333333,12778.333333333332
2026-09-27 11:00:00,최대부하,187,1,269.0,66.597,335.597,269.0,67.25,12575.75
2026-09-27 11:15:00,최대부하,187,1,313.0,62.407,375.407,313.0,78.25,14632.75
2026-09-27 11:30:00,최대부하,187,1,390.3333333333333,64.188,454.5213333333333,390.3333333333333,97.58333333333333,18248.083333333332
2026-09-27 11:45:00,최대부하,187,1,429.0,41.472,470.472,429.0,107.25,20055.75
2026-09-27 12:00:00,중간부하,119,0,429.0,16.96,445.96,429.0,107.25,12762.75
2026-09-27 12:15:00,중간부하,119,0,371.4,16.848,388.248,371.4,92.85,11049.15
2026-09-27 12:30:00,중간부하,119,0,409.8,16.795,426.595,409.8,102.45,12191.550000000001
2026-09-27 12:45:00,중간부하,119,0,429.0,16.46,445.46,429.0,107.25,12762.75
2026-09-27 13:00:00,중간부하,119,0,429.0,37.534,466.534,429.0,107.25,12762.75
2026-09-27 13:15:00,중간부하,119,0,429.0,67.28,496.28,429.0,107.25,12762.75
2026-09-27 13:30:00,중간부하,119,0,429.0,61.742,490.742,429.0,107.25,12762.75
2026-09-27 13:45:00,중간부하,119,0,429.0,62.418,491.418,429.0,107.25,12762.75
2026-09-27 14:00:00,중간부하,119,0,304.0,59.25,363.25,304.0,76.0,9044.0
2026-09-27 14:15:00,중간부하,119,0,304.0,59.904,363.904,304.0,76.0,9044.0
2026-09-27 14:30:00,중간부하,119,0,304.0,59.657,363.657,304.0,76.0,9044.0
2026-09-27 14:45:00,중간부하,119,0,256.0,58.42,314.42,256.0,64.0,7616.0
2026-09-27 15:00:00,중간부하,119,0,371.4,57.632,429.032,371.4,92.85,11049.15
2026-09-27 15:15:00,중간부하,119,0,409.8,57.97,467.77,409.8,102.45,12191.550000000001
2026-09-27 15:30:00,중간부하,119,0,429.0,57.804,486.804,429.0,107.25,12762.75
2026-09-27 15:45:00,중간부하,119,0,429.0,57.182,486.182,429.0,107.25,12762.75
2026-09-27 16:00:00,중간부하,119,0,429.0,57.992,486.992,429.0,107.25,12762.75
2026-09-27 16:15:00,중간부하,119,0,381.0,52.412,433.412,381.0,95.25,11334.75
2026-09-27 16:30:00,중간부하,119,0,429.0,47.272,476.272,429.0,107.25,12762.75
2026-09-27 16:45:00,중간부하,119,0,429.0,25.923,454.923,429.0,107.25,12762.75
2026-09-27 17:00:00,최대부하,187,1,429.0,20.468,449.468,429.0,107.25,20055.75
2026-09-27 17:15:00,최대부하,187,1,397.0,20.326,417.326,397.0,99.25,18559.75
2026-09-27 17:30:00,최대부하,187,1,397.0,19.438,416.438,397.0,99.25,18559.75
2026-09-27 17:45:00,최대부하,187,1,397.0,18.378,415.378,397.0,99.25,18559.75
2026-09-27 18:00:00,최대부하,187,1,397.0,18.608,415.608,397.0,99.25,18559.75
2026-09-27 18:15:00,최대부하,187,1,397.0,18.747,415.747,397.0,99.25,18559.75
2026-09-27 18:30:00,최대부하,187,1,300.3333333333333,19.018,319.3513333333333,300.3333333333333,75.08333333333333,14040.583333333332
2026-09-27 18:45:00,최대부하,187,1,272.0,19.511,291.511,272.0,68.0,12716.0
2026-09-27 19:00:00,최대부하,187,1,272.0,19.579,291.579,272.0,68.0,12716.0
2026-09-27 19:15:00,최대부하,187,1,272.0,19.396,291.396,272.0,68.0,12716.0
2026-09-27 19:30:00,최대부하,187,1,272.0,19.217,291.217,272.0,68.0,12716.0
2026-09-27 19:45:00,최대부하,187,1,272.0,19.61,291.61,272.0,68.0,12716.0
2026-09-27 20:00:00,중간부하,119,0,214.4,19.327,233.727,214.4,53.6,6378.400000000001
2026-09-27 20:15:00,중간부하,119,0,252.8,19.314,272.11400000000003,252.8,63.2,7520.8
2026-09-27 20:30:00,중간부하,119,0,272.0,19.325,291.325,272.0,68.0,8092.0
2026-09-27 20:45:00,중간부하,119,0,272.0,16.784,288.784,272.0,68.0,8092.0
2026-09-27 21:00:00,중간부하,119,0,272.0,16.109,288.109,272.0,68.0,8092.0
2026-09-27 21:15:00,중간부하,119,0,224.0,15.985,239.985,224.0,56.0,6664.0
2026-09-27 21:30:00,중간부하,119,0,200.0,15.941,215.941,200.0,50.0,5950.0
2026-09-27 21:45:00,중간부하,119,0,200.0,15.938,215.938,200.0,50.0,5950.0
2026-09-27 22:00:00,경부하,76,0,145.0,15.539,160.539,145.0,36.25,2755.0
2026-09-27 22:15:00,경부하,76,0,145.0,13.565,158.565,145.0,36.25,2755.0
2026-09-27 22:30:00,경부하,76,0,145.0,12.806,157.806,145.0,36.25,2755.0
2026-09-27 22:45:00,경부하,76,0,145.0,13.003,158.003,145.0,36.25,2755.0
2026-09-27 23:00:00,경부하,76,0,145.0,12.68,157.68,145.0,36.25,2755.0
2026-09-27 23:15:00,경부하,76,0,145.0,12.646,157.64600000000002,145.0,36.25,2755.0
2026-09-27 23:30:00,경부하,76,0,145.0,12.673,157.673,145.0,36.25,2755.0
2026-09-27 23:45:00,경부하,76,0,145.0,12.833,157.833,145.0,36.25,2755.0
2026-09-28 00:00:00,경부하,90,0,145.0,12.85,157.85,145.0,36.25,3262.5
2026-09-28 00:15:00,경부하,90,0,145.0,12.956,157.956,145.0,36.25,3262.5
2026-09-28 00:30:00,경부하,90,0,145.0,13.035,158.035,145.0,36.25,3262.5
2026-09-28 00:45:00,경부하,90,0,29.0,13.085,42.085,29.0,7.25,652.5
2026-09-28 01:00:00,경부하,90,0,29.0,12.997,41.997,29.0,7.25,652.5
2026-09-28 01:15:00,경부하,90,0,106.33333333333333,12.794,119.12733333333333,106.33333333333333,26.583333333333332,2392.5
2026-09-28 01:30:00,경부하,90,0,145.0,13.008,158.008,145.0,36.25,3262.5
2026-09-28 01:45:00,경부하,90,0,145.0,12.882,157.882,145.0,36.25,3262.5
2026-09-28 02:00:00,경부하,90,0,145.0,12.63,157.63,145.0,36.25,3262.5
2026-09-28 02:15:00,경부하,90,0,145.0,12.98,157.98,145.0,36.25,3262.5
2026-09-28 02:30:00,경부하,90,0,145.0,13.34,158.34,145.0,36.25,3262.5
2026-09-28 02:45:00,경부하,90,0,145.0,12.99,157.99,145.0,36.25,3262.5
2026-09-28 03:00:00,경부하,90,0,145.0,12.848,157.848,145.0,36.25,3262.5
2026-09-28 03:15:00,경부하,90,0,48.33333333333333,12.751,61.084333333333326,48.33333333333333,12.083333333333332,1087.5
2026-09-28 03:30:00,경부하,90,0,29.0,12.724,41.724000000000004,29.0,7.25,652.5
2026-09-28 03:45:00,경부하,90,0,29.0,12.756,41.756,29.0,7.25,652.5
2026-09-28 04:00:00,경부하,90,0,106.33333333333333,12.845,119.17833333333333,106.33333333333333,26.583333333333332,2392.5
2026-09-28 04:15:00,경부하,90,0,145.0,12.782,157.782,145.0,36.25,3262.5
2026-09-28 04:30:00,경부하,90,0,145.0,12.925,157.925,145.0,36.25,3262.5
2026-09-28 04:45:00,경부하,90,0,145.0,12.878,157.878,145.0,36.25,3262.5
2026-09-28 05:00:00,경부하,90,0,145.0,12.779,157.779,145.0,36.25,3262.5
2026-09-28 05:15:00,경부하,90,0,145.0,12.618,157.618,145.0,36.25,3262.5
2026-09-28 05:30:00,경부하,90,0,145.0,12.798,157.798,145.0,36.25,3262.5
2026-09-28 05:45:00,경부하,90,0,145.0,12.466,157.466,145.0,36.25,3262.5
2026-09-28 06:00:00,경부하,90,0,214.4,12.367,226.767,214.4,53.6,4824.0
2026-09-28 06:15:00,경부하,90,0,252.8,12.623,265.423,252.8,63.2,5688.0
2026-09-28 06:30:00,경부하,90,0,272.0,12.895,284.895,272.0,68.0,6120.0
2026-09-28 06:45:00,경부하,90,0,272.0,12.731,284.731,272.0,68.0,6120.0
2026-09-28 07:00:00,경부하,90,0,272.0,13.008,285.008,272.0,68.0,6120.0
2026-09-28 07:15:00,경부하,90,0,272.0,15.638,287.638,272.0,68.0,6120.0
2026-09-28 07:30:00,경부하,90,0,272.0,17.853,289.853,272.0,68.0,6120.0
2026-09-28 07:45:00,경부하,90,0,272.0,20.112,292.112,272.0,68.0,6120.0
2026-09-28 08:00:00,중간부하,140,0,304.0,114.752,418.752,304.0,76.0,10640.0
2026-09-28 08:15:00,중간부하,140,0,207.33333333333331,251.374,458.7073333333333,207.33333333333331,51.83333333333333,7256.666666666666
2026-09-28 08:30:00,중간부하,140,0,304.0,265.695,569.6949999999999,304.0,76.0,10640.0
2026-09-28 08:45:00,중간부하,140,0,304.0,276.251,580.251,304.0,76.0,10640.0
2026-09-28 09:00:00,중간부하,140,0,304.0,280.412,584.412,304.0,76.0,10640.0
2026-09-28 09:15:00,중간부하,140,0,304.0,266.788,570.788,304.0,76.0,10640.0
2026-09-28 09:30:00,중간부하,140,0,304.0,285.483,589.483,304.0,76.0,10640.0
2026-09-28 09:45:00,중간부하,140,0,304.0,277.985,581.985,304.0,76.0,10640.0
2026-09-28 10:00:00,최대부하,220,1,212.0,259.021,471.021,212.0,53.0,11660.0
2026-09-28 10:15:00,최대부하,220,1,371.4,269.785,641.185,371.4,92.85,20427.0
2026-09-28 10:30:00,최대부하,220,1,409.8,263.931,673.731,409.8,102.45,22539.0
2026-09-28 10:45:00,최대부하,220,1,411.93333333333334,271.781,683.7143333333333,411.93333333333334,102.98333333333333,22656.333333333332
2026-09-28 11:00:00,최대부하,220,1,429.0,284.783,713.783,429.0,107.25,23595.0
2026-09-28 11:15:00,최대부하,220,1,429.0,271.371,700.371,429.0,107.25,23595.0
2026-09-28 11:30:00,최대부하,220,1,429.0,278.232,707.232,429.0,107.25,23595.0
2026-09-28 11:45:00,최대부하,220,1,370.3333333333333,252.95,623.2833333333333,370.3333333333333,92.58333333333333,20368.333333333332
2026-09-28 12:00:00,중간부하,140,0,411.93333333333334,43.005,454.93833333333333,411.93333333333334,102.98333333333333,14417.666666666666
2026-09-28 12:15:00,중간부하,140,0,429.0,28.669,457.669,429.0,107.25,15015.0
2026-09-28 12:30:00,중간부하,140,0,429.0,27.18,456.18,429.0,107.25,15015.0
2026-09-28 12:45:00,중간부하,140,0,429.0,27.192,456.192,429.0,107.25,15015.0
2026-09-28 13:00:00,중간부하,140,0,429.0,189.26,618.26,429.0,107.25,15015.0
2026-09-28 13:15:00,중간부하,140,0,374.0,278.242,652.242,374.0,93.5,13090.0
2026-09-28 13:30:00,중간부하,140,0,374.0,289.083,663.0830000000001,374.0,93.5,13090.0
2026-09-28 13:45:00,중간부하,140,0,374.0,283.115,657.115,374.0,93.5,13090.0
2026-09-28 14:00:00,중간부하,140,0,305.73333333333335,280.602,586.3353333333333,305.73333333333335,76.43333333333334,10700.666666666668
2026-09-28 14:15:00,중간부하,140,0,322.8,281.37,604.1700000000001,322.8,80.7,11298.0
2026-09-28 14:30:00,중간부하,140,0,397.0,269.744,666.744,397.0,99.25,13895.0
2026-09-28 14:45:00,중간부하,140,0,397.0,265.072,662.072,397.0,99.25,13895.0
2026-09-28 15:00:00,중간부하,140,0,397.0,267.761,664.761,397.0,99.25,13895.0
2026-09-28 15:15:00,중간부하,140,0,397.0,261.191,658.191,397.0,99.25,13895.0
2026-09-28 15:30:00,중간부하,140,0,397.0,274.968,671.9680000000001,397.0,99.25,13895.0
2026-09-28 15:45:00,중간부하,140,0,397.0,276.381,673.381,397.0,99.25,13895.0
2026-09-28 16:00:00,중간부하,140,0,397.0,265.951,662.951,397.0,99.25,13895.0
2026-09-28 16:15:00,중간부하,140,0,429.0,262.306,691.306,429.0,107.25,15015.0
2026-09-28 16:30:00,중간부하,140,0,429.0,274.065,703.065,429.0,107.25,15015.0
2026-09-28 16:45:00,중간부하,140,0,429.0,275.57,704.5699999999999,429.0,107.25,15015.0
2026-09-28 17:00:00,최대부하,220,1,429.0,256.761,685.761,429.0,107.25,23595.0
2026-09-28 17:15:00,최대부하,220,1,381.0,251.72,632.72,381.0,95.25,20955.0
2026-09-28 17:30:00,최대부하,220,1,429.0,144.286,573.2860000000001,429.0,107.25,23595.0
2026-09-28 17:45:00,최대부하,220,1,429.0,128.107,557.107,429.0,107.25,23595.0
2026-09-28 18:00:00,최대부하,220,1,429.0,165.557,594.557,429.0,107.25,23595.0
2026-09-28 18:15:00,최대부하,220,1,429.0,207.442,636.442,429.0,107.25,23595.0
2026-09-28 18:30:00,최대부하,220,1,385.0,218.337,603.337,385.0,96.25,21175.0
2026-09-28 18:45:00,최대부하,220,1,429.0,210.851,639.851,429.0,107.25,23595.0
2026-09-28 19:00:00,최대부하,220,1,429.0,209.525,638.525,429.0,107.25,23595.0
2026-09-28 19:15:00,최대부하,220,1,397.0,221.882,618.8820000000001,397.0,99.25,21835.0
2026-09-28 19:30:00,최대부하,220,1,397.0,222.524,619.524,397.0,99.25,21835.0
2026-09-28 19:45:00,최대부하,220,1,397.0,220.453,617.453,397.0,99.25,21835.0
2026-09-28 20:00:00,중간부하,140,0,397.0,223.052,620.052,397.0,99.25,13895.0
2026-09-28 20:15:00,중간부하,140,0,397.0,214.365,611.365,397.0,99.25,13895.0
2026-09-28 20:30:00,중간부하,140,0,397.0,191.101,588.101,397.0,99.25,13895.0
2026-09-28 20:45:00,중간부하,140,0,397.0,132.022,529.0219999999999,397.0,99.25,13895.0
2026-09-28 21:00:00,중간부하,140,0,397.0,57.185,454.185,397.0,99.25,13895.0
2026-09-28 21:15:00,중간부하,140,0,200.0,44.256,244.256,200.0,50.0,7000.0
2026-09-28 21:30:00,중간부하,140,0,200.0,44.252,244.252,200.0,50.0,7000.0
2026-09-28 21:45:00,중간부하,140,0,145.0,44.954,189.954,145.0,36.25,5075.0
2026-09-28 22:00:00,경부하,90,0,145.0,48.264,193.264,145.0,36.25,3262.5
2026-09-28 22:15:00,경부하,90,0,145.0,38.911,183.911,145.0,36.25,3262.5
2026-09-28 22:30:00,경부하,90,0,145.0,36.838,181.838,145.0,36.25,3262.5
2026-09-28 22:45:00,경부하,90,0,145.0,34.514,179.514,145.0,36.25,3262.5
2026-09-28 23:00:00,경부하,90,0,145.0,34.921,179.921,145.0,36.25,3262.5
2026-09-28 23:15:00,경부하,90,0,145.0,36.772,181.772,145.0,36.25,3262.5
2026-09-28 23:30:00,경부하,90,0,145.0,34.484,179.484,145.0,36.25,3262.5
2026-09-28 23:45:00,경부하,90,0,145.0,36.675,181.675,145.0,36.25,3262.5
2026-09-29 00:00:00,경부하,90,0,145.0,36.114,181.114,145.0,36.25,3262.5
2026-09-29 00:15:00,경부하,90,0,145.0,39.337,184.337,145.0,36.25,3262.5
2026-09-29 00:30:00,경부하,90,0,145.0,37.004,182.004,145.0,36.25,3262.5
2026-09-29 00:45:00,경부하,90,0,145.0,41.599,186.599,145.0,36.25,3262.5
2026-09-29 01:00:00,경부하,90,0,145.0,35.127,180.127,145.0,36.25,3262.5
2026-09-29 01:15:00,경부하,90,0,145.0,24.466,169.466,145.0,36.25,3262.5
2026-09-29 01:30:00,경부하,90,0,145.0,17.961,162.961,145.0,36.25,3262.5
2026-09-29 01:45:00,경부하,90,0,145.0,17.045,162.04500000000002,145.0,36.25,3262.5
2026-09-29 02:00:00,경부하,90,0,145.0,17.12,162.12,145.0,36.25,3262.5
2026-09-29 02:15:00,경부하,90,0,145.0,17.022,162.022,145.0,36.25,3262.5
2026-09-29 02:30:00,경부하,90,0,145.0,16.892,161.892,145.0,36.25,3262.5
2026-09-29 02:45:00,경부하,90,0,145.0,16.721,161.721,145.0,36.25,3262.5
2026-09-29 03:00:00,경부하,90,0,145.0,16.683,161.683,145.0,36.25,3262.5
2026-09-29 03:15:00,경부하,90,0,145.0,16.655,161.655,145.0,36.25,3262.5
2026-09-29 03:30:00,경부하,90,0,145.0,16.456,161.456,145.0,36.25,3262.5
2026-09-29 03:45:00,경부하,90,0,145.0,16.764,161.764,145.0,36.25,3262.5
2026-09-29 04:00:00,경부하,90,0,145.0,16.588,161.588,145.0,36.25,3262.5
2026-09-29 04:15:00,경부하,90,0,145.0,16.348,161.348,145.0,36.25,3262.5
2026-09-29 04:30:00,경부하,90,0,145.0,16.541,161.541,145.0,36.25,3262.5
2026-09-29 04:45:00,경부하,90,0,145.0,16.217,161.21699999999998,145.0,36.25,3262.5
2026-09-29 05:00:00,경부하,90,0,145.0,16.445,161.445,145.0,36.25,3262.5
2026-09-29 05:15:00,경부하,90,0,145.0,16.532,161.532,145.0,36.25,3262.5
2026-09-29 05:30:00,경부하,90,0,145.0,16.422,161.422,145.0,36.25,3262.5
2026-09-29 05:45:00,경부하,90,0,145.0,16.698,161.698,145.0,36.25,3262.5
2026-09-29 06:00:00,경부하,90,0,214.4,16.323,230.723,214.4,53.6,4824.0
2026-09-29 06:15:00,경부하,90,0,252.8,16.122,268.922,252.8,63.2,5688.0
2026-09-29 06:30:00,경부하,90,0,272.0,16.009,288.009,272.0,68.0,6120.0
2026-09-29 06:45:00,경부하,90,0,272.0,15.721,287.721,272.0,68.0,6120.0
2026-09-29 07:00:00,경부하,90,0,272.0,16.168,288.168,272.0,68.0,6120.0
2026-09-29 07:15:00,경부하,90,0,272.0,18.227,290.227,272.0,68.0,6120.0
2026-09-29 07:30:00,경부하,90,0,272.0,21.363,293.363,272.0,68.0,6120.0
2026-09-29 07:45:00,경부하,90,0,156.0,29.263,185.263,156.0,39.0,3510.0
2026-09-29 08:00:00,중간부하,140,0,170.93333333333334,151.495,322.42833333333334,170.93333333333334,42.733333333333334,5982.666666666667
2026-09-29 08:15:00,중간부하,140,0,265.3333333333333,243.643,508.9763333333333,265.3333333333333,66.33333333333333,9286.666666666666
2026-09-29 08:30:00,중간부하,140,0,304.0,265.412,569.412,304.0,76.0,10640.0
2026-09-29 08:45:00,중간부하,140,0,304.0,290.912,594.912,304.0,76.0,10640.0
2026-09-29 09:00:00,중간부하,140,0,293.33333333333337,279.681,573.0143333333333,293.33333333333337,73.33333333333334,10266.666666666668
2026-09-29 09:15:00,중간부하,140,0,304.0,283.746,587.746,304.0,76.0,10640.0
2026-09-29 09:30:00,중간부하,140,0,304.0,279.415,583.415,304.0,76.0,10640.0
2026-09-29 09:45:00,중간부하,140,0,304.0,272.546,576.546,304.0,76.0,10640.0
2026-09-29 10:00:00,최대부하,220,1,256.0,265.441,521.441,256.0,64.0,14080.0
2026-09-29 10:15:00,최대부하,220,1,429.0,261.782,690.7819999999999,429.0,107.25,23595.0
2026-09-29 10:30:00,최대부하,220,1,429.0,275.664,704.664,429.0,107.25,23595.0
2026-09-29 10:45:00,최대부하,220,1,429.0,266.892,695.892,429.0,107.25,23595.0
2026-09-29 11:00:00,최대부하,220,1,397.0,287.107,684.107,397.0,99.25,21835.0
2026-09-29 11:15:00,최대부하,220,1,300.3333333333333,284.135,584.4683333333332,300.3333333333333,75.08333333333333,16518.333333333332
2026-09-29 11:30:00,최대부하,220,1,411.93333333333334,276.332,688.2653333333333,411.93333333333334,102.98333333333333,22656.333333333332
2026-09-29 11:45:00,최대부하,220,1,429.0,273.556,702.556,429.0,107.25,23595.0
2026-09-29 12:00:00,중간부하,140,0,429.0,46.767,475.767,429.0,107.25,15015.0
2026-09-29 12:15:00,중간부하,140,0,429.0,27.72,456.72,429.0,107.25,15015.0
2026-09-29 12:30:00,중간부하,140,0,429.0,26.774,455.774,429.0,107.25,15015.0
2026-09-29 12:45:00,중간부하,140,0,418.3333333333333,27.928,446.2613333333333,418.3333333333333,104.58333333333333,14641.666666666666
2026-09-29 13:00:00,중간부하,140,0,397.0,182.489,579.489,397.0,99.25,13895.0
2026-09-29 13:15:00,중간부하,140,0,397.0,285.736,682.736,397.0,99.25,13895.0
2026-09-29 13:30:00,중간부하,140,0,397.0,286.145,683.145,397.0,99.25,13895.0
2026-09-29 13:45:00,중간부하,140,0,397.0,279.957,676.957,397.0,99.25,13895.0
2026-09-29 14:00:00,중간부하,140,0,397.0,264.714,661.7139999999999,397.0,99.25,13895.0
2026-09-29 14:15:00,중간부하,140,0,339.4,274.39,613.79,339.4,84.85,11879.0
2026-09-29 14:30:00,중간부하,140,0,377.8,268.019,645.819,377.8,94.45,13223.0
2026-09-29 14:45:00,중간부하,140,0,397.0,270.076,667.076,397.0,99.25,13895.0
2026-09-29 15:00:00,중간부하,140,0,397.0,262.217,659.217,397.0,99.25,13895.0
2026-09-29 15:15:00,중간부하,140,0,397.0,268.865,665.865,397.0,99.25,13895.0
2026-09-29 15:30:00,중간부하,140,0,397.0,285.578,682.578,397.0,99.25,13895.0
2026-09-29 15:45:00,중간부하,140,0,397.0,277.58,674.5799999999999,397.0,99.25,13895.0
2026-09-29 16:00:00,중간부하,140,0,397.0,278.23,675.23,397.0,99.25,13895.0
2026-09-29 16:15:00,중간부하,140,0,397.0,276.398,673.398,397.0,99.25,13895.0
2026-09-29 16:30:00,중간부하,140,0,397.0,285.036,682.0360000000001,397.0,99.25,13895.0
2026-09-29 16:45:00,중간부하,140,0,313.0,281.371,594.371,313.0,78.25,10955.0
2026-09-29 17:00:00,최대부하,220,1,313.0,269.065,582.065,313.0,78.25,17215.0
2026-09-29 17:15:00,최대부하,220,1,390.3333333333333,257.127,647.4603333333333,390.3333333333333,97.58333333333333,21468.333333333332
2026-09-29 17:30:00,최대부하,220,1,429.0,158.167,587.167,429.0,107.25,23595.0
2026-09-29 17:45:00,최대부하,220,1,385.0,133.933,518.933,385.0,96.25,21175.0
2026-09-29 18:00:00,최대부하,220,1,429.0,173.995,602.995,429.0,107.25,23595.0
2026-09-29 18:15:00,최대부하,220,1,381.0,228.677,609.677,381.0,95.25,20955.0
2026-09-29 18:30:00,최대부하,220,1,429.0,221.255,650.255,429.0,107.25,23595.0
2026-09-29 18:45:00,최대부하,220,1,429.0,225.055,654.0550000000001,429.0,107.25,23595.0
2026-09-29 19:00:00,최대부하,220,1,397.0,215.646,612.646,397.0,99.25,21835.0
2026-09-29 19:15:00,최대부하,220,1,217.0,224.292,441.29200000000003,217.0,54.25,11935.0
2026-09-29 19:30:00,최대부하,220,1,217.0,224.765,441.765,217.0,54.25,11935.0
2026-09-29 19:45:00,최대부하,220,1,217.0,220.343,437.34299999999996,217.0,54.25,11935.0
2026-09-29 20:00:00,중간부하,140,0,217.0,217.295,434.29499999999996,217.0,54.25,7595.0
2026-09-29 20:15:00,중간부하,140,0,217.0,232.438,449.438,217.0,54.25,7595.0
2026-09-29 20:30:00,중간부하,140,0,217.0,202.0,419.0,217.0,54.25,7595.0
2026-09-29 20:45:00,중간부하,140,0,217.0,123.442,340.442,217.0,54.25,7595.0
2026-09-29 21:00:00,중간부하,140,0,217.0,54.756,271.756,217.0,54.25,7595.0
2026-09-29 21:15:00,중간부하,140,0,217.0,47.072,264.072,217.0,54.25,7595.0
2026-09-29 21:30:00,중간부하,140,0,217.0,44.078,261.078,217.0,54.25,7595.0
2026-09-29 21:45:00,중간부하,140,0,145.0,40.455,185.45499999999998,145.0,36.25,5075.0
2026-09-29 22:00:00,경부하,90,0,145.0,40.695,185.695,145.0,36.25,3262.5
2026-09-29 22:15:00,경부하,90,0,145.0,44.449,189.449,145.0,36.25,3262.5
2026-09-29 22:30:00,경부하,90,0,145.0,41.861,186.861,145.0,36.25,3262.5
2026-09-29 22:45:00,경부하,90,0,145.0,41.546,186.546,145.0,36.25,3262.5
2026-09-29 23:00:00,경부하,90,0,145.0,42.38,187.38,145.0,36.25,3262.5
2026-09-29 23:15:00,경부하,90,0,48.33333333333333,40.47,88.80333333333333,48.33333333333333,12.083333333333332,1087.5
2026-09-29 23:30:00,경부하,90,0,145.0,38.335,183.335,145.0,36.25,3262.5
2026-09-29 23:45:00,경부하,90,0,145.0,38.911,183.911,145.0,36.25,3262.5
2026-09-30 00:00:00,경부하,90,0,145.0,37.418,182.418,145.0,36.25,3262.5
2026-09-30 00:15:00,경부하,90,0,145.0,40.035,185.035,145.0,36.25,3262.5
2026-09-30 00:30:00,경부하,90,0,145.0,40.663,185.663,145.0,36.25,3262.5
2026-09-30 00:45:00,경부하,90,0,145.0,40.911,185.911,145.0,36.25,3262.5
2026-09-30 01:00:00,경부하,90,0,145.0,33.475,178.475,145.0,36.25,3262.5
2026-09-30 01:15:00,경부하,90,0,145.0,22.947,167.947,145.0,36.25,3262.5
2026-09-30 01:30:00,경부하,90,0,145.0,19.222,164.222,145.0,36.25,3262.5
2026-09-30 01:45:00,경부하,90,0,145.0,18.318,163.318,145.0,36.25,3262.5
2026-09-30 02:00:00,경부하,90,0,145.0,18.12,163.12,145.0,36.25,3262.5
2026-09-30 02:15:00,경부하,90,0,145.0,18.145,163.145,145.0,36.25,3262.5
2026-09-30 02:30:00,경부하,90,0,145.0,18.082,163.082,145.0,36.25,3262.5
2026-09-30 02:45:00,경부하,90,0,145.0,17.741,162.74099999999999,145.0,36.25,3262.5
2026-09-30 03:00:00,경부하,90,0,145.0,18.025,163.025,145.0,36.25,3262.5
2026-09-30 03:15:00,경부하,90,0,145.0,18.775,163.775,145.0,36.25,3262.5
2026-09-30 03:30:00,경부하,90,0,145.0,18.358,163.358,145.0,36.25,3262.5
2026-09-30 03:45:00,경부하,90,0,145.0,17.994,162.994,145.0,36.25,3262.5
2026-09-30 04:00:00,경부하,90,0,145.0,18.013,163.013,145.0,36.25,3262.5
2026-09-30 04:15:00,경부하,90,0,145.0,17.742,162.742,145.0,36.25,3262.5
2026-09-30 04:30:00,경부하,90,0,145.0,17.35,162.35,145.0,36.25,3262.5
2026-09-30 04:45:00,경부하,90,0,145.0,17.128,162.128,145.0,36.25,3262.5
2026-09-30 05:00:00,경부하,90,0,145.0,17.232,162.232,145.0,36.25,3262.5
2026-09-30 05:15:00,경부하,90,0,145.0,17.455,162.45499999999998,145.0,36.25,3262.5
2026-09-30 05:30:00,경부하,90,0,145.0,17.556,162.556,145.0,36.25,3262.5
2026-09-30 05:45:00,경부하,90,0,145.0,17.41,162.41,145.0,36.25,3262.5
2026-09-30 06:00:00,경부하,90,0,353.0,17.809,370.809,353.0,88.25,7942.5
2026-09-30 06:15:00,경부하,90,0,397.0,17.996,414.996,397.0,99.25,8932.5
2026-09-30 06:30:00,경부하,90,0,397.0,17.65,414.65,397.0,99.25,8932.5
2026-09-30 06:45:00,경부하,90,0,281.0,17.578,298.578,281.0,70.25,6322.5
2026-09-30 07:00:00,경부하,90,0,281.0,17.262,298.262,281.0,70.25,6322.5
2026-09-30 07:15:00,경부하,90,0,358.3333333333333,19.424,377.7573333333333,358.3333333333333,89.58333333333333,8062.5
2026-09-30 07:30:00,경부하,90,0,397.0,24.39,421.39,397.0,99.25,8932.5
2026-09-30 07:45:00,경부하,90,0,397.0,31.34,428.34,397.0,99.25,8932.5
2026-09-30 08:00:00,중간부하,140,0,411.93333333333334,159.069,571.0023333333334,411.93333333333334,102.98333333333333,14417.666666666666
2026-09-30 08:15:00,중간부하,140,0,429.0,269.942,698.942,429.0,107.25,15015.0
2026-09-30 08:30:00,중간부하,140,0,429.0,284.293,713.293,429.0,107.25,15015.0
2026-09-30 08:45:00,중간부하,140,0,371.4,276.33,647.73,371.4,92.85,12999.0
2026-09-30 09:00:00,중간부하,140,0,284.8,279.042,563.842,284.8,71.2,9968.0
2026-09-30 09:15:00,중간부하,140,0,304.0,286.857,590.857,304.0,76.0,10640.0
2026-09-30 09:30:00,중간부하,140,0,304.0,272.74,576.74,304.0,76.0,10640.0
2026-09-30 09:45:00,중간부하,140,0,304.0,269.892,573.892,304.0,76.0,10640.0
2026-09-30 10:00:00,최대부하,220,1,304.0,256.118,560.1179999999999,304.0,76.0,16720.0
2026-09-30 10:15:00,최대부하,220,1,304.0,267.085,571.085,304.0,76.0,16720.0
2026-09-30 10:30:00,최대부하,220,1,256.0,265.439,521.4390000000001,256.0,64.0,14080.0
2026-09-30 10:45:00,최대부하,220,1,371.4,295.369,666.769,371.4,92.85,20427.0
2026-09-30 11:00:00,최대부하,220,1,399.1333333333334,291.302,690.4353333333333,399.1333333333334,99.78333333333335,21952.333333333336
2026-09-30 11:15:00,최대부하,220,1,397.0,284.038,681.038,397.0,99.25,21835.0
2026-09-30 11:30:00,최대부하,220,1,300.3333333333333,266.75,567.0833333333333,300.3333333333333,75.08333333333333,16518.333333333332
2026-09-30 11:45:00,최대부하,220,1,295.93333333333334,244.678,540.6113333333333,295.93333333333334,73.98333333333333,16276.333333333334
2026-09-30 12:00:00,중간부하,140,0,313.0,40.369,353.369,313.0,78.25,10955.0
2026-09-30 12:15:00,중간부하,140,0,390.3333333333333,27.647,417.9803333333333,390.3333333333333,97.58333333333333,13661.666666666666
2026-09-30 12:30:00,중간부하,140,0,429.0,28.149,457.149,429.0,107.25,15015.0
2026-09-30 12:45:00,중간부하,140,0,429.0,29.332,458.332,429.0,107.25,15015.0
2026-09-30 13:00:00,중간부하,140,0,304.0,171.38,475.38,304.0,76.0,10640.0
2026-09-30 13:15:00,중간부하,140,0,304.0,266.295,570.2950000000001,304.0,76.0,10640.0
2026-09-30 13:30:00,중간부하,140,0,293.3333333333333,258.91,552.2433333333333,293.3333333333333,73.33333333333333,10266.666666666666
2026-09-30 13:45:00,중간부하,140,0,304.0,279.498,583.498,304.0,76.0,10640.0
2026-09-30 14:00:00,중간부하,140,0,304.0,285.861,589.861,304.0,76.0,10640.0
2026-09-30 14:15:00,중간부하,140,0,256.0,272.125,528.125,256.0,64.0,8960.0
2026-09-30 14:30:00,중간부하,140,0,246.4,272.985,519.385,246.4,61.6,8624.0
2026-09-30 14:45:00,중간부하,140,0,284.8,279.835,564.635,284.8,71.2,9968.0
2026-09-30 15:00:00,중간부하,140,0,304.0,270.658,574.658,304.0,76.0,10640.0
2026-09-30 15:15:00,중간부하,140,0,260.0,269.159,529.159,260.0,65.0,9100.0
2026-09-30 15:30:00,중간부하,140,0,304.0,271.022,575.0219999999999,304.0,76.0,10640.0
2026-09-30 15:45:00,중간부하,140,0,304.0,271.092,575.092,304.0,76.0,10640.0
2026-09-30 16:00:00,중간부하,140,0,304.0,264.628,568.6279999999999,304.0,76.0,10640.0
2026-09-30 16:15:00,중간부하,140,0,304.0,280.148,584.148,304.0,76.0,10640.0
2026-09-30 16:30:00,중간부하,140,0,304.0,287.726,591.726,304.0,76.0,10640.0
2026-09-30 16:45:00,중간부하,140,0,304.0,269.837,573.837,304.0,76.0,10640.0
2026-09-30 17:00:00,최대부하,220,1,286.93333333333334,269.621,556.5543333333333,286.93333333333334,71.73333333333333,15781.333333333334
2026-09-30 17:15:00,최대부하,220,1,304.0,251.815,555.815,304.0,76.0,16720.0
2026-09-30 17:30:00,최대부하,220,1,304.0,173.331,477.331,304.0,76.0,16720.0
2026-09-30 17:45:00,최대부하,220,1,304.0,135.333,439.33299999999997,304.0,76.0,16720.0
2026-09-30 18:00:00,최대부하,220,1,304.0,124.455,428.455,304.0,76.0,16720.0
2026-09-30 18:15:00,최대부하,220,1,293.33333333333337,154.137,447.4703333333334,293.33333333333337,73.33333333333334,16133.333333333336
2026-09-30 18:30:00,최대부하,220,1,224.0,151.595,375.595,224.0,56.0,12320.0
2026-09-30 18:45:00,최대부하,220,1,200.0,158.055,358.055,200.0,50.0,11000.0
2026-09-30 19:00:00,최대부하,220,1,200.0,152.064,352.06399999999996,200.0,50.0,11000.0
2026-09-30 19:15:00,최대부하,220,1,200.0,150.662,350.66200000000003,200.0,50.0,11000.0
2026-09-30 19:30:00,최대부하,220,1,200.0,147.891,347.89099999999996,200.0,50.0,11000.0
2026-09-30 19:45:00,최대부하,220,1,103.33333333333333,153.55,256.8833333333333,103.33333333333333,25.833333333333332,5683.333333333333
2026-09-30 20:00:00,중간부하,140,0,200.0,159.595,359.595,200.0,50.0,7000.0
2026-09-30 20:15:00,중간부하,140,0,200.0,154.218,354.21799999999996,200.0,50.0,7000.0
2026-09-30 20:30:00,중간부하,140,0,145.0,133.906,278.906,145.0,36.25,5075.0
2026-09-30 20:45:00,중간부하,140,0,145.0,90.133,235.13299999999998,145.0,36.25,5075.0
2026-09-30 21:00:00,중간부하,140,0,145.0,54.913,199.913,145.0,36.25,5075.0
2026-09-30 21:15:00,중간부하,140,0,145.0,49.363,194.363,145.0,36.25,5075.0
2026-09-30 21:30:00,중간부하,140,0,145.0,48.443,193.44299999999998,145.0,36.25,5075.0
2026-09-30 21:45:00,중간부하,140,0,145.0,39.593,184.59300000000002,145.0,36.25,5075.0
2026-09-30 22:00:00,경부하,90,0,145.0,34.38,179.38,145.0,36.25,3262.5
2026-09-30 22:15:00,경부하,90,0,145.0,32.804,177.804,145.0,36.25,3262.5
2026-09-30 22:30:00,경부하,90,0,145.0,31.518,176.518,145.0,36.25,3262.5
2026-09-30 22:45:00,경부하,90,0,145.0,34.164,179.164,145.0,36.25,3262.5
2026-09-30 23:00:00,경부하,90,0,145.0,33.887,178.887,145.0,36.25,3262.5
2026-09-30 23:15:00,경부하,90,0,145.0,34.529,179.529,145.0,36.25,3262.5
2026-09-30 23:30:00,경부하,90,0,145.0,33.838,178.838,145.0,36.25,3262.5
2026-09-30 23:45:00,경부하,90,0,145.0,30.667,175.667,145.0,36.25,3262.5
2026-10-01 00:00:00,경부하,90,0,145.0,33.367,178.367,145.0,36.25,3262.5
2026-10-01 00:15:00,경부하,90,0,145.0,33.265,178.265,145.0,36.25,3262.5
2026-10-01 00:30:00,경부하,90,0,145.0,31.42,176.42000000000002,145.0,36.25,3262.5
2026-10-01 00:45:00,경부하,90,0,145.0,34.583,179.583,145.0,36.25,3262.5
2026-10-01 01:00:00,경부하,90,0,145.0,30.894,175.894,145.0,36.25,3262.5
2026-10-01 01:15:00,경부하,90,0,145.0,20.935,165.935,145.0,36.25,3262.5
2026-10-01 01:30:00,경부하,90,0,145.0,18.714,163.714,145.0,36.25,3262.5
2026-10-01 01:45:00,경부하,90,0,145.0,19.015,164.015,145.0,36.25,3262.5
2026-10-01 02:00:00,경부하,90,0,145.0,19.253,164.253,145.0,36.25,3262.5
2026-10-01 02:15:00,경부하,90,0,145.0,19.285,164.285,145.0,36.25,3262.5
2026-10-01 02:30:00,경부하,90,0,145.0,18.778,163.778,145.0,36.25,3262.5
2026-10-01 02:45:00,경부하,90,0,145.0,18.864,163.864,145.0,36.25,3262.5
2026-10-01 03:00:00,경부하,90,0,145.0,19.052,164.052,145.0,36.25,3262.5
2026-10-01 03:15:00,경부하,90,0,145.0,18.583,163.583,145.0,36.25,3262.5
2026-10-01 03:30:00,경부하,90,0,145.0,18.577,163.577,145.0,36.25,3262.5
2026-10-01 03:45:00,경부하,90,0,145.0,19.012,164.012,145.0,36.25,3262.5
2026-10-01 04:00:00,경부하,90,0,145.0,19.283,164.28300000000002,145.0,36.25,3262.5
2026-10-01 04:15:00,경부하,90,0,145.0,19.173,164.173,145.0,36.25,3262.5
2026-10-01 04:30:00,경부하,90,0,29.0,18.645,47.644999999999996,29.0,7.25,652.5
2026-10-01 04:45:00,경부하,90,0,29.0,18.767,47.766999999999996,29.0,7.25,652.5
2026-10-01 05:00:00,경부하,90,0,106.33333333333333,18.808,125.14133333333334,106.33333333333333,26.583333333333332,2392.5
2026-10-01 05:15:00,경부하,90,0,145.0,18.412,163.412,145.0,36.25,3262.5
2026-10-01 05:30:00,경부하,90,0,145.0,18.757,163.757,145.0,36.25,3262.5
2026-10-01 05:45:00,경부하,90,0,145.0,19.035,164.035,145.0,36.25,3262.5
2026-10-01 06:00:00,경부하,90,0,295.4,18.143,313.543,295.4,73.85,6646.499999999999
2026-10-01 06:15:00,경부하,90,0,377.8,18.978,396.778,377.8,94.45,8500.5
2026-10-01 06:30:00,경부하,90,0,397.0,18.828,415.828,397.0,99.25,8932.5
2026-10-01 06:45:00,경부하,90,0,300.3333333333333,18.335,318.6683333333333,300.3333333333333,75.08333333333333,6757.5
2026-10-01 07:00:00,경부하,90,0,281.0,18.24,299.24,281.0,70.25,6322.5
2026-10-01 07:15:00,경부하,90,0,281.0,20.425,301.425,281.0,70.25,6322.5
2026-10-01 07:30:00,경부하,90,0,358.3333333333333,23.757,382.0903333333333,358.3333333333333,89.58333333333333,8062.5
2026-10-01 07:45:00,경부하,90,0,397.0,27.183,424.183,397.0,99.25,8932.5
2026-10-01 08:00:00,중간부하,140,0,411.93333333333334,191.397,603.3303333333333,411.93333333333334,102.98333333333333,14417.666666666666
2026-10-01 08:15:00,중간부하,140,0,429.0,305.288,734.288,429.0,107.25,15015.0
2026-10-01 08:30:00,중간부하,140,0,429.0,307.401,736.4010000000001,429.0,107.25,15015.0
2026-10-01 08:45:00,중간부하,140,0,418.3333333333333,323.661,741.9943333333333,418.3333333333333,104.58333333333333,14641.666666666666
2026-10-01 09:00:00,중간부하,140,0,397.0,308.033,705.033,397.0,99.25,13895.0
2026-10-01 09:15:00,중간부하,140,0,397.0,300.822,697.822,397.0,99.25,13895.0
2026-10-01 09:30:00,중간부하,140,0,397.0,298.718,695.7180000000001,397.0,99.25,13895.0
2026-10-01 09:45:00,중간부하,140,0,397.0,292.326,689.326,397.0,99.25,13895.0
2026-10-01 10:00:00,최대부하,220,1,349.0,302.987,651.9870000000001,349.0,87.25,19195.0
2026-10-01 10:15:00,최대부하,220,1,397.0,289.321,686.321,397.0,99.25,21835.0
2026-10-01 10:30:00,최대부하,220,1,300.3333333333333,294.67,595.0033333333333,300.3333333333333,75.08333333333333,16518.333333333332
2026-10-01 10:45:00,최대부하,220,1,397.0,280.6,677.6,397.0,99.25,21835.0
2026-10-01 11:00:00,최대부하,220,1,397.0,285.437,682.437,397.0,99.25,21835.0
2026-10-01 11:15:00,최대부하,220,1,397.0,285.953,682.953,397.0,99.25,21835.0
2026-10-01 11:30:00,최대부하,220,1,397.0,286.922,683.922,397.0,99.25,21835.0
2026-10-01 11:45:00,최대부하,220,1,397.0,276.387,673.387,397.0,99.25,21835.0
2026-10-01 12:00:00,중간부하,140,0,286.93333333333334,49.101,336.03433333333334,286.93333333333334,71.73333333333333,10042.666666666666
2026-10-01 12:15:00,중간부하,140,0,304.0,28.675,332.675,304.0,76.0,10640.0
2026-10-01 12:30:00,중간부하,140,0,304.0,30.302,334.302,304.0,76.0,10640.0
2026-10-01 12:45:00,중간부하,140,0,304.0,33.602,337.602,304.0,76.0,10640.0
2026-10-01 13:00:00,중간부하,140,0,304.0,187.318,491.318,304.0,76.0,10640.0
2026-10-01 13:15:00,중간부하,140,0,304.0,272.024,576.024,304.0,76.0,10640.0
2026-10-01 13:30:00,중간부하,140,0,304.0,272.189,576.1890000000001,304.0,76.0,10640.0
2026-10-01 13:45:00,중간부하,140,0,232.0,266.752,498.752,232.0,58.0,8120.0
2026-10-01 14:00:00,중간부하,140,0,232.0,264.631,496.631,232.0,58.0,8120.0
2026-10-01 14:15:00,중간부하,140,0,232.0,265.352,497.352,232.0,58.0,8120.0
2026-10-01 14:30:00,중간부하,140,0,232.0,265.271,497.271,232.0,58.0,8120.0
2026-10-01 14:45:00,중간부하,140,0,232.0,270.798,502.798,232.0,58.0,8120.0
2026-10-01 15:00:00,중간부하,140,0,221.33333333333334,260.983,482.3163333333333,221.33333333333334,55.333333333333336,7746.666666666667
2026-10-01 15:15:00,중간부하,140,0,200.0,261.572,461.572,200.0,50.0,7000.0
2026-10-01 15:30:00,중간부하,140,0,200.0,281.624,481.624,200.0,50.0,7000.0
2026-10-01 15:45:00,중간부하,140,0,200.0,262.866,462.866,200.0,50.0,7000.0
2026-10-01 16:00:00,중간부하,140,0,200.0,277.955,477.955,200.0,50.0,7000.0
2026-10-01 16:15:00,중간부하,140,0,200.0,271.536,471.536,200.0,50.0,7000.0
2026-10-01 16:30:00,중간부하,140,0,200.0,264.813,464.813,200.0,50.0,7000.0
2026-10-01 16:45:00,중간부하,140,0,200.0,251.23,451.23,200.0,50.0,7000.0
2026-10-01 17:00:00,최대부하,220,1,40.0,270.641,310.641,40.0,10.0,2200.0
2026-10-01 17:15:00,최대부하,220,1,84.0,243.981,327.981,84.0,21.0,4620.0
2026-10-01 17:30:00,최대부하,220,1,161.33333333333331,137.975,299.3083333333333,161.33333333333331,40.33333333333333,8873.333333333332
2026-10-01 17:45:00,최대부하,220,1,200.0,130.982,330.98199999999997,200.0,50.0,11000.0
2026-10-01 18:00:00,최대부하,220,1,200.0,180.622,380.622,200.0,50.0,11000.0
2026-10-01 18:15:00,최대부하,220,1,200.0,228.064,428.06399999999996,200.0,50.0,11000.0
2026-10-01 18:30:00,최대부하,220,1,200.0,216.218,416.21799999999996,200.0,50.0,11000.0
2026-10-01 18:45:00,최대부하,220,1,200.0,231.463,431.46299999999997,200.0,50.0,11000.0
2026-10-01 19:00:00,최대부하,220,1,200.0,214.949,414.949,200.0,50.0,11000.0
2026-10-01 19:15:00,최대부하,220,1,145.0,222.671,367.671,145.0,36.25,7975.0
2026-10-01 19:30:00,최대부하,220,1,145.0,223.345,368.345,145.0,36.25,7975.0
2026-10-01 19:45:00,최대부하,220,1,145.0,216.407,361.40700000000004,145.0,36.25,7975.0
2026-10-01 20:00:00,중간부하,140,0,145.0,216.952,361.952,145.0,36.25,5075.0
2026-10-01 20:15:00,중간부하,140,0,145.0,235.69,380.69,145.0,36.25,5075.0
2026-10-01 20:30:00,중간부하,140,0,145.0,201.626,346.626,145.0,36.25,5075.0
2026-10-01 20:45:00,중간부하,140,0,145.0,136.433,281.433,145.0,36.25,5075.0
2026-10-01 21:00:00,중간부하,140,0,145.0,77.192,222.192,145.0,36.25,5075.0
2026-10-01 21:15:00,중간부하,140,0,145.0,52.722,197.722,145.0,36.25,5075.0
2026-10-01 21:30:00,중간부하,140,0,145.0,43.755,188.755,145.0,36.25,5075.0
2026-10-01 21:45:00,중간부하,140,0,145.0,41.743,186.743,145.0,36.25,5075.0
2026-10-01 22:00:00,경부하,90,0,145.0,39.685,184.685,145.0,36.25,3262.5
2026-10-01 22:15:00,경부하,90,0,145.0,36.102,181.102,145.0,36.25,3262.5
2026-10-01 22:30:00,경부하,90,0,145.0,39.482,184.482,145.0,36.25,3262.5
2026-10-01 22:45:00,경부하,90,0,145.0,41.073,186.073,145.0,36.25,3262.5
2026-10-01 23:00:00,경부하,90,0,145.0,35.87,180.87,145.0,36.25,3262.5
2026-10-01 23:15:00,경부하,90,0,145.0,34.091,179.091,145.0,36.25,3262.5
2026-10-01 23:30:00,경부하,90,0,145.0,36.598,181.598,145.0,36.25,3262.5
2026-10-01 23:45:00,경부하,90,0,145.0,39.829,184.829,145.0,36.25,3262.5
2026-10-02 00:00:00,경부하,90,0,145.0,30.361,175.361,145.0,36.25,3262.5
2026-10-02 00:15:00,경부하,90,0,145.0,38.746,183.746,145.0,36.25,3262.5
2026-10-02 00:30:00,경부하,90,0,145.0,35.905,180.905,145.0,36.25,3262.5
2026-10-02 00:45:00,경부하,90,0,145.0,33.632,178.632,145.0,36.25,3262.5
2026-10-02 01:00:00,경부하,90,0,48.33333333333333,24.041,72.37433333333333,48.33333333333333,12.083333333333332,1087.5
2026-10-02 01:15:00,경부하,90,0,29.0,21.534,50.534,29.0,7.25,652.5
2026-10-02 01:30:00,경부하,90,0,29.0,20.223,49.223,29.0,7.25,652.5
2026-10-02 01:45:00,경부하,90,0,106.33333333333333,19.115,125.44833333333332,106.33333333333333,26.583333333333332,2392.5
2026-10-02 02:00:00,경부하,90,0,145.0,22.425,167.425,145.0,36.25,3262.5
2026-10-02 02:15:00,경부하,90,0,145.0,22.317,167.317,145.0,36.25,3262.5
2026-10-02 02:30:00,경부하,90,0,145.0,20.325,165.325,145.0,36.25,3262.5
2026-10-02 02:45:00,경부하,90,0,145.0,21.089,166.089,145.0,36.25,3262.5
2026-10-02 03:00:00,경부하,90,0,145.0,20.312,165.312,145.0,36.25,3262.5
2026-10-02 03:15:00,경부하,90,0,145.0,21.456,166.456,145.0,36.25,3262.5
2026-10-02 03:30:00,경부하,90,0,145.0,19.235,164.235,145.0,36.25,3262.5
2026-10-02 03:45:00,경부하,90,0,145.0,19.102,164.102,145.0,36.25,3262.5
2026-10-02 04:00:00,경부하,90,0,145.0,19.117,164.117,145.0,36.25,3262.5
2026-10-02 04:15:00,경부하,90,0,145.0,20.109,165.109,145.0,36.25,3262.5
2026-10-02 04:30:00,경부하,90,0,145.0,18.887,163.887,145.0,36.25,3262.5
2026-10-02 04:45:00,경부하,90,0,145.0,18.64,163.64,145.0,36.25,3262.5
2026-10-02 05:00:00,경부하,90,0,145.0,18.962,163.962,145.0,36.25,3262.5
2026-10-02 05:15:00,경부하,90,0,145.0,20.562,165.562,145.0,36.25,3262.5
2026-10-02 05:30:00,경부하,90,0,145.0,21.922,166.922,145.0,36.25,3262.5
2026-10-02 05:45:00,경부하,90,0,145.0,21.122,166.122,145.0,36.25,3262.5
2026-10-02 06:00:00,경부하,90,0,200.0,21.338,221.338,200.0,50.0,4500.0
2026-10-02 06:15:00,경부하,90,0,200.0,21.855,221.855,200.0,50.0,4500.0
2026-10-02 06:30:00,경부하,90,0,200.0,20.911,220.911,200.0,50.0,4500.0
2026-10-02 06:45:00,경부하,90,0,200.0,22.001,222.001,200.0,50.0,4500.0
2026-10-02 07:00:00,경부하,90,0,200.0,21.557,221.557,200.0,50.0,4500.0
2026-10-02 07:15:00,경부하,90,0,200.0,21.214,221.214,200.0,50.0,4500.0
2026-10-02 07:30:00,경부하,90,0,200.0,26.972,226.972,200.0,50.0,4500.0
2026-10-02 07:45:00,경부하,90,0,200.0,26.195,226.195,200.0,50.0,4500.0
2026-10-02 08:00:00,중간부하,140,0,214.93333333333334,156.597,371.5303333333334,214.93333333333334,53.733333333333334,7522.666666666667
2026-10-02 08:15:00,중간부하,140,0,232.0,260.635,492.635,232.0,58.0,8120.0
2026-10-02 08:30:00,중간부하,140,0,232.0,279.825,511.825,232.0,58.0,8120.0
2026-10-02 08:45:00,중간부하,140,0,232.0,290.583,522.5830000000001,232.0,58.0,8120.0
2026-10-02 09:00:00,중간부하,140,0,135.33333333333331,293.703,429.0363333333333,135.33333333333331,33.83333333333333,4736.666666666666
2026-10-02 09:15:00,중간부하,140,0,116.0,276.915,392.915,116.0,29.0,4060.0
2026-10-02 09:30:00,중간부하,140,0,116.0,264.379,380.379,116.0,29.0,4060.0
2026-10-02 09:45:00,중간부하,140,0,193.33333333333331,263.182,456.51533333333333,193.33333333333331,48.33333333333333,6766.666666666666
2026-10-02 10:00:00,최대부하,220,1,232.0,254.578,486.578,232.0,58.0,12760.0
2026-10-02 10:15:00,최대부하,220,1,188.0,258.041,446.041,188.0,47.0,10340.0
2026-10-02 10:30:00,최대부하,220,1,232.0,251.716,483.716,232.0,58.0,12760.0
2026-10-02 10:45:00,최대부하,220,1,232.0,256.311,488.311,232.0,58.0,12760.0
2026-10-02 11:00:00,최대부하,220,1,221.33333333333331,262.412,483.7453333333333,221.33333333333331,55.33333333333333,12173.333333333332
2026-10-02 11:15:00,최대부하,220,1,200.0,269.604,469.604,200.0,50.0,11000.0
2026-10-02 11:30:00,최대부하,220,1,200.0,260.805,460.805,200.0,50.0,11000.0
2026-10-02 11:45:00,최대부하,220,1,103.33333333333333,255.243,358.5763333333333,103.33333333333333,25.833333333333332,5683.333333333333
2026-10-02 12:00:00,중간부하,140,0,98.93333333333334,46.342,145.27533333333332,98.93333333333334,24.733333333333334,3462.666666666667
2026-10-02 12:15:00,중간부하,140,0,116.0,24.532,140.532,116.0,29.0,4060.0
2026-10-02 12:30:00,중간부하,140,0,193.33333333333331,23.851,217.1843333333333,193.33333333333331,48.33333333333333,6766.666666666666
2026-10-02 12:45:00,중간부하,140,0,221.33333333333331,23.976,245.3093333333333,221.33333333333331,55.33333333333333,7746.666666666666
2026-10-02 13:00:00,중간부하,140,0,200.0,174.841,374.841,200.0,50.0,7000.0
2026-10-02 13:15:00,중간부하,140,0,200.0,260.305,460.305,200.0,50.0,7000.0
2026-10-02 13:30:00,중간부하,140,0,200.0,270.731,470.731,200.0,50.0,7000.0
2026-10-02 13:45:00,중간부하,140,0,200.0,258.359,458.359,200.0,50.0,7000.0
2026-10-02 14:00:00,중간부하,140,0,200.0,266.001,466.001,200.0,50.0,7000.0
2026-10-02 14:15:00,중간부하,140,0,200.0,269.82,469.82,200.0,50.0,7000.0
2026-10-02 14:30:00,중간부하,140,0,200.0,270.388,470.388,200.0,50.0,7000.0
2026-10-02 14:45:00,중간부하,140,0,200.0,266.162,466.162,200.0,50.0,7000.0
2026-10-02 15:00:00,중간부하,140,0,200.0,248.149,448.149,200.0,50.0,7000.0
2026-10-02 15:15:00,중간부하,140,0,200.0,267.525,467.525,200.0,50.0,7000.0
2026-10-02 15:30:00,중간부하,140,0,200.0,261.2,461.2,200.0,50.0,7000.0
2026-10-02 15:45:00,중간부하,140,0,200.0,255.565,455.565,200.0,50.0,7000.0
2026-10-02 16:00:00,중간부하,140,0,200.0,276.294,476.294,200.0,50.0,7000.0
2026-10-02 16:15:00,중간부하,140,0,200.0,255.948,455.948,200.0,50.0,7000.0
2026-10-02 16:30:00,중간부하,140,0,200.0,278.278,478.278,200.0,50.0,7000.0
2026-10-02 16:45:00,중간부하,140,0,200.0,251.913,451.913,200.0,50.0,7000.0
2026-10-02 17:00:00,최대부하,220,1,200.0,243.877,443.877,200.0,50.0,11000.0
2026-10-02 17:15:00,최대부하,220,1,200.0,235.685,435.685,200.0,50.0,11000.0
2026-10-02 17:30:00,최대부하,220,1,200.0,142.014,342.014,200.0,50.0,11000.0
2026-10-02 17:45:00,최대부하,220,1,200.0,132.378,332.378,200.0,50.0,11000.0
2026-10-02 18:00:00,최대부하,220,1,200.0,158.27,358.27,200.0,50.0,11000.0
2026-10-02 18:15:00,최대부하,220,1,200.0,203.446,403.446,200.0,50.0,11000.0
2026-10-02 18:30:00,최대부하,220,1,200.0,200.544,400.544,200.0,50.0,11000.0
2026-10-02 18:45:00,최대부하,220,1,200.0,204.748,404.748,200.0,50.0,11000.0
2026-10-02 19:00:00,최대부하,220,1,200.0,202.898,402.898,200.0,50.0,11000.0
2026-10-02 19:15:00,최대부하,220,1,200.0,204.345,404.345,200.0,50.0,11000.0
2026-10-02 19:30:00,최대부하,220,1,103.33333333333333,213.591,316.9243333333333,103.33333333333333,25.833333333333332,5683.333333333333
2026-10-02 19:45:00,최대부하,220,1,55.0,210.014,265.014,55.0,13.75,3025.0
2026-10-02 20:00:00,중간부하,140,0,55.0,210.725,265.725,55.0,13.75,1925.0
2026-10-02 20:15:00,중간부하,140,0,145.0,197.949,342.949,145.0,36.25,5075.0
2026-10-02 20:30:00,중간부하,140,0,145.0,189.179,334.179,145.0,36.25,5075.0
2026-10-02 20:45:00,중간부하,140,0,145.0,114.285,259.28499999999997,145.0,36.25,5075.0
2026-10-02 21:00:00,중간부하,140,0,145.0,60.127,205.127,145.0,36.25,5075.0
2026-10-02 21:15:00,중간부하,140,0,145.0,52.508,197.508,145.0,36.25,5075.0
2026-10-02 21:30:00,중간부하,140,0,145.0,46.501,191.501,145.0,36.25,5075.0
2026-10-02 21:45:00,중간부하,140,0,145.0,50.834,195.834,145.0,36.25,5075.0
2026-10-02 22:00:00,경부하,90,0,145.0,45.177,190.177,145.0,36.25,3262.5
2026-10-02 22:15:00,경부하,90,0,145.0,38.754,183.754,145.0,36.25,3262.5
2026-10-02 22:30:00,경부하,90,0,145.0,47.296,192.296,145.0,36.25,3262.5
2026-10-02 22:45:00,경부하,90,0,145.0,37.343,182.34300000000002,145.0,36.25,3262.5
2026-10-02 23:00:00,경부하,90,0,145.0,38.762,183.762,145.0,36.25,3262.5
2026-10-02 23:15:00,경부하,90,0,145.0,46.49,191.49,145.0,36.25,3262.5
2026-10-02 23:30:00,경부하,90,0,145.0,40.772,185.772,145.0,36.25,3262.5
2026-10-02 23:45:00,경부하,90,0,145.0,42.482,187.482,145.0,36.25,3262.5
2026-10-03 00:00:00,경부하,76,0,145.0,43.126,188.126,145.0,36.25,2755.0
2026-10-03 00:15:00,경부하,76,0,145.0,40.765,185.765,145.0,36.25,2755.0
2026-10-03 00:30:00,경부하,76,0,145.0,38.779,183.779,145.0,36.25,2755.0
2026-10-03 00:45:00,경부하,76,0,145.0,34.83,179.82999999999998,145.0,36.25,2755.0
2026-10-03 01:00:00,경부하,76,0,145.0,35.279,180.279,145.0,36.25,2755.0
2026-10-03 01:15:00,경부하,76,0,145.0,25.721,170.721,145.0,36.25,2755.0
2026-10-03 01:30:00,경부하,76,0,145.0,23.928,168.928,145.0,36.25,2755.0
2026-10-03 01:45:00,경부하,76,0,145.0,21.462,166.462,145.0,36.25,2755.0
2026-10-03 02:00:00,경부하,76,0,145.0,18.222,163.222,145.0,36.25,2755.0
2026-10-03 02:15:00,경부하,76,0,145.0,20.736,165.736,145.0,36.25,2755.0
2026-10-03 02:30:00,경부하,76,0,145.0,20.572,165.572,145.0,36.25,2755.0
2026-10-03 02:45:00,경부하,76,0,145.0,18.598,163.598,145.0,36.25,2755.0
2026-10-03 03:00:00,경부하,76,0,145.0,19.308,164.308,145.0,36.25,2755.0
2026-10-03 03:15:00,경부하,76,0,0.0,20.568,20.568,0.0,0.0,0.0
2026-10-03 03:30:00,경부하,76,0,0.0,18.908,18.908,0.0,0.0,0.0
2026-10-03 03:45:00,경부하,76,0,0.0,19.745,19.745,0.0,0.0,0.0
2026-10-03 04:00:00,경부하,76,0,0.0,20.234,20.234,0.0,0.0,0.0
2026-10-03 04:15:00,경부하,76,0,0.0,18.193,18.193,0.0,0.0,0.0
2026-10-03 04:30:00,경부하,76,0,0.0,20.502,20.502,0.0,0.0,0.0
2026-10-03 04:45:00,경부하,76,0,0.0,19.883,19.883,0.0,0.0,0.0
2026-10-03 05:00:00,경부하,76,0,0.0,18.612,18.612,0.0,0.0,0.0
2026-10-03 05:15:00,경부하,76,0,0.0,20.46,20.46,0.0,0.0,0.0
2026-10-03 05:30:00,경부하,76,0,0.0,18.132,18.132,0.0,0.0,0.0
2026-10-03 05:45:00,경부하,76,0,0.0,17.727,17.727,0.0,0.0,0.0
2026-10-03 06:00:00,경부하,76,0,11.0,20.401,31.401,11.0,2.75,209.0
2026-10-03 06:15:00,경부하,76,0,55.0,18.839,73.839,55.0,13.75,1045.0
2026-10-03 06:30:00,경부하,76,0,55.0,18.765,73.765,55.0,13.75,1045.0
2026-10-03 06:45:00,경부하,76,0,55.0,20.345,75.345,55.0,13.75,1045.0
2026-10-03 07:00:00,경부하,76,0,55.0,17.589,72.589,55.0,13.75,1045.0
2026-10-03 07:15:00,경부하,76,0,55.0,16.712,71.712,55.0,13.75,1045.0
2026-10-03 07:30:00,경부하,76,0,55.0,17.474,72.474,55.0,13.75,1045.0
2026-10-03 07:45:00,경부하,76,0,55.0,20.316,75.316,55.0,13.75,1045.0
2026-10-03 08:00:00,중간부하,119,0,87.0,89.882,176.882,87.0,21.75,2588.25
2026-10-03 08:15:00,중간부하,119,0,87.0,148.489,235.489,87.0,21.75,2588.25
2026-10-03 08:30:00,중간부하,119,0,87.0,139.175,226.175,87.0,21.75,2588.25
2026-10-03 08:45:00,중간부하,119,0,87.0,143.964,230.964,87.0,21.75,2588.25
2026-10-03 09:00:00,중간부하,119,0,87.0,151.455,238.455,87.0,21.75,2588.25
2026-10-03 09:15:00,중간부하,119,0,87.0,146.051,233.051,87.0,21.75,2588.25
2026-10-03 09:30:00,중간부하,119,0,87.0,142.095,229.095,87.0,21.75,2588.25
2026-10-03 09:45:00,중간부하,119,0,87.0,145.035,232.035,87.0,21.75,2588.25
2026-10-03 10:00:00,최대부하,187,1,87.0,145.905,232.905,87.0,21.75,4067.25
2026-10-03 10:15:00,최대부하,187,1,87.0,148.066,235.066,87.0,21.75,4067.25
2026-10-03 10:30:00,최대부하,187,1,87.0,147.628,234.628,87.0,21.75,4067.25
2026-10-03 10:45:00,최대부하,187,1,87.0,155.062,242.062,87.0,21.75,4067.25
2026-10-03 11:00:00,최대부하,187,1,0.0,142.73,142.73,0.0,0.0,0.0
2026-10-03 11:15:00,최대부하,187,1,0.0,146.409,146.409,0.0,0.0,0.0
2026-10-03 11:30:00,최대부하,187,1,0.0,145.442,145.442,0.0,0.0,0.0
2026-10-03 11:45:00,최대부하,187,1,0.0,106.313,106.313,0.0,0.0,0.0
2026-10-03 12:00:00,중간부하,119,0,0.0,25.505,25.505,0.0,0.0,0.0
2026-10-03 12:15:00,중간부하,119,0,0.0,20.312,20.312,0.0,0.0,0.0
2026-10-03 12:30:00,중간부하,119,0,0.0,20.444,20.444,0.0,0.0,0.0
2026-10-03 12:45:00,중간부하,119,0,0.0,20.73,20.73,0.0,0.0,0.0
2026-10-03 13:00:00,중간부하,119,0,0.0,74.014,74.014,0.0,0.0,0.0
2026-10-03 13:15:00,중간부하,119,0,0.0,151.325,151.325,0.0,0.0,0.0
2026-10-03 13:30:00,중간부하,119,0,0.0,151.055,151.055,0.0,0.0,0.0
2026-10-03 13:45:00,중간부하,119,0,0.0,154.525,154.525,0.0,0.0,0.0
2026-10-03 14:00:00,중간부하,119,0,0.0,145.119,145.119,0.0,0.0,0.0
2026-10-03 14:15:00,중간부하,119,0,0.0,154.367,154.367,0.0,0.0,0.0
2026-10-03 14:30:00,중간부하,119,0,0.0,151.035,151.035,0.0,0.0,0.0
2026-10-03 14:45:00,중간부하,119,0,0.0,158.344,158.344,0.0,0.0,0.0
2026-10-03 15:00:00,중간부하,119,0,0.0,153.372,153.372,0.0,0.0,0.0
2026-10-03 15:15:00,중간부하,119,0,0.0,156.283,156.283,0.0,0.0,0.0
2026-10-03 15:30:00,중간부하,119,0,0.0,163.725,163.725,0.0,0.0,0.0
2026-10-03 15:45:00,중간부하,119,0,0.0,146.872,146.872,0.0,0.0,0.0
2026-10-03 16:00:00,중간부하,119,0,0.0,153.275,153.275,0.0,0.0,0.0
2026-10-03 16:15:00,중간부하,119,0,0.0,148.156,148.156,0.0,0.0,0.0
2026-10-03 16:30:00,중간부하,119,0,0.0,140.021,140.021,0.0,0.0,0.0
2026-10-03 16:45:00,중간부하,119,0,0.0,75.312,75.312,0.0,0.0,0.0
2026-10-03 17:00:00,최대부하,187,1,0.0,38.946,38.946,0.0,0.0,0.0
2026-10-03 17:15:00,최대부하,187,1,0.0,35.028,35.028,0.0,0.0,0.0
2026-10-03 17:30:00,최대부하,187,1,0.0,33.513,33.513,0.0,0.0,0.0
2026-10-03 17:45:00,최대부하,187,1,0.0,34.641,34.641,0.0,0.0,0.0
2026-10-03 18:00:00,최대부하,187,1,0.0,31.698,31.698,0.0,0.0,0.0
2026-10-03 18:15:00,최대부하,187,1,0.0,31.564,31.564,0.0,0.0,0.0
2026-10-03 18:30:00,최대부하,187,1,0.0,28.671,28.671,0.0,0.0,0.0
2026-10-03 18:45:00,최대부하,187,1,0.0,31.088,31.088,0.0,0.0,0.0
2026-10-03 19:00:00,최대부하,187,1,0.0,28.996,28.996,0.0,0.0,0.0
2026-10-03 19:15:00,최대부하,187,1,0.0,26.009,26.009,0.0,0.0,0.0
2026-10-03 19:30:00,최대부하,187,1,0.0,29.461,29.461,0.0,0.0,0.0
2026-10-03 19:45:00,최대부하,187,1,0.0,29.867,29.867,0.0,0.0,0.0
2026-10-03 20:00:00,중간부하,119,0,0.0,29.556,29.556,0.0,0.0,0.0
2026-10-03 20:15:00,중간부하,119,0,0.0,28.473,28.473,0.0,0.0,0.0
2026-10-03 20:30:00,중간부하,119,0,0.0,26.323,26.323,0.0,0.0,0.0
2026-10-03 20:45:00,중간부하,119,0,0.0,25.864,25.864,0.0,0.0,0.0
2026-10-03 21:00:00,중간부하,119,0,0.0,26.016,26.016,0.0,0.0,0.0
2026-10-03 21:15:00,중간부하,119,0,0.0,25.37,25.37,0.0,0.0,0.0
2026-10-03 21:30:00,중간부하,119,0,0.0,26.457,26.457,0.0,0.0,0.0
2026-10-03 21:45:00,중간부하,119,0,0.0,23.398,23.398,0.0,0.0,0.0
2026-10-03 22:00:00,경부하,76,0,0.0,25.642,25.642,0.0,0.0,0.0
2026-10-03 22:15:00,경부하,76,0,0.0,24.288,24.288,0.0,0.0,0.0
2026-10-03 22:30:00,경부하,76,0,0.0,24.244,24.244,0.0,0.0,0.0
2026-10-03 22:45:00,경부하,76,0,0.0,23.669,23.669,0.0,0.0,0.0
2026-10-03 23:00:00,경부하,76,0,0.0,23.612,23.612,0.0,0.0,0.0
2026-10-03 23:15:00,경부하,76,0,0.0,23.451,23.451,0.0,0.0,0.0
2026-10-03 23:30:00,경부하,76,0,0.0,22.961,22.961,0.0,0.0,0.0
2026-10-03 23:45:00,경부하,76,0,0.0,21.873,21.873,0.0,0.0,0.0
2026-10-04 00:00:00,경부하,76,0,0.0,22.248,22.248,0.0,0.0,0.0
2026-10-04 00:15:00,경부하,76,0,0.0,21.832,21.832,0.0,0.0,0.0
2026-10-04 00:30:00,경부하,76,0,0.0,19.921,19.921,0.0,0.0,0.0
2026-10-04 00:45:00,경부하,76,0,0.0,20.232,20.232,0.0,0.0,0.0
2026-10-04 01:00:00,경부하,76,0,0.0,17.288,17.288,0.0,0.0,0.0
2026-10-04 01:15:00,경부하,76,0,0.0,15.905,15.905,0.0,0.0,0.0
2026-10-04 01:30:00,경부하,76,0,0.0,15.657,15.657,0.0,0.0,0.0
2026-10-04 01:45:00,경부하,76,0,0.0,15.828,15.828,0.0,0.0,0.0
2026-10-04 02:00:00,경부하,76,0,0.0,15.318,15.318,0.0,0.0,0.0
2026-10-04 02:15:00,경부하,76,0,0.0,15.278,15.278,0.0,0.0,0.0
2026-10-04 02:30:00,경부하,76,0,0.0,15.838,15.838,0.0,0.0,0.0
2026-10-04 02:45:00,경부하,76,0,0.0,15.985,15.985,0.0,0.0,0.0
2026-10-04 03:00:00,경부하,76,0,0.0,15.722,15.722,0.0,0.0,0.0
2026-10-04 03:15:00,경부하,76,0,0.0,15.743,15.743,0.0,0.0,0.0
2026-10-04 03:30:00,경부하,76,0,0.0,15.731,15.731,0.0,0.0,0.0
2026-10-04 03:45:00,경부하,76,0,0.0,15.575,15.575,0.0,0.0,0.0
2026-10-04 04:00:00,경부하,76,0,0.0,15.706,15.706,0.0,0.0,0.0
2026-10-04 04:15:00,경부하,76,0,0.0,15.354,15.354,0.0,0.0,0.0
2026-10-04 04:30:00,경부하,76,0,0.0,15.713,15.713,0.0,0.0,0.0
2026-10-04 04:45:00,경부하,76,0,0.0,15.895,15.895,0.0,0.0,0.0
2026-10-04 05:00:00,경부하,76,0,0.0,15.068,15.068,0.0,0.0,0.0
2026-10-04 05:15:00,경부하,76,0,0.0,14.018,14.018,0.0,0.0,0.0
2026-10-04 05:30:00,경부하,76,0,0.0,12.866,12.866,0.0,0.0,0.0
2026-10-04 05:45:00,경부하,76,0,0.0,12.792,12.792,0.0,0.0,0.0
2026-10-04 06:00:00,경부하,76,0,0.0,12.713,12.713,0.0,0.0,0.0
2026-10-04 06:15:00,경부하,76,0,0.0,12.64,12.64,0.0,0.0,0.0
2026-10-04 06:30:00,경부하,76,0,0.0,12.932,12.932,0.0,0.0,0.0
2026-10-04 06:45:00,경부하,76,0,0.0,12.771,12.771,0.0,0.0,0.0
2026-10-04 07:00:00,경부하,76,0,0.0,12.516,12.516,0.0,0.0,0.0
2026-10-04 07:15:00,경부하,76,0,0.0,12.54,12.54,0.0,0.0,0.0
2026-10-04 07:30:00,경부하,76,0,0.0,12.668,12.668,0.0,0.0,0.0
2026-10-04 07:45:00,경부하,76,0,0.0,14.532,14.532,0.0,0.0,0.0
2026-10-04 08:00:00,중간부하,119,0,0.0,42.572,42.572,0.0,0.0,0.0
2026-10-04 08:15:00,중간부하,119,0,0.0,65.489,65.489,0.0,0.0,0.0
2026-10-04 08:30:00,중간부하,119,0,0.0,60.635,60.635,0.0,0.0,0.0
2026-10-04 08:45:00,중간부하,119,0,0.0,65.008,65.008,0.0,0.0,0.0
2026-10-04 09:00:00,중간부하,119,0,0.0,60.27,60.27,0.0,0.0,0.0
2026-10-04 09:15:00,중간부하,119,0,0.0,63.161,63.161,0.0,0.0,0.0
2026-10-04 09:30:00,중간부하,119,0,0.0,68.01,68.01,0.0,0.0,0.0
2026-10-04 09:45:00,중간부하,119,0,0.0,62.445,62.445,0.0,0.0,0.0
2026-10-04 10:00:00,최대부하,187,1,0.0,64.752,64.752,0.0,0.0,0.0
2026-10-04 10:15:00,최대부하,187,1,0.0,64.89,64.89,0.0,0.0,0.0
2026-10-04 10:30:00,최대부하,187,1,0.0,64.339,64.339,0.0,0.0,0.0
2026-10-04 10:45:00,최대부하,187,1,0.0,62.242,62.242,0.0,0.0,0.0
2026-10-04 11:00:00,최대부하,187,1,0.0,66.597,66.597,0.0,0.0,0.0
2026-10-04 11:15:00,최대부하,187,1,0.0,62.407,62.407,0.0,0.0,0.0
2026-10-04 11:30:00,최대부하,187,1,0.0,64.188,64.188,0.0,0.0,0.0
2026-10-04 11:45:00,최대부하,187,1,0.0,41.472,41.472,0.0,0.0,0.0
2026-10-04 12:00:00,중간부하,119,0,0.0,16.96,16.96,0.0,0.0,0.0
2026-10-04 12:15:00,중간부하,119,0,0.0,16.848,16.848,0.0,0.0,0.0
2026-10-04 12:30:00,중간부하,119,0,0.0,16.795,16.795,0.0,0.0,0.0
2026-10-04 12:45:00,중간부하,119,0,0.0,16.46,16.46,0.0,0.0,0.0
2026-10-04 13:00:00,중간부하,119,0,0.0,37.534,37.534,0.0,0.0,0.0
2026-10-04 13:15:00,중간부하,119,0,0.0,67.28,67.28,0.0,0.0,0.0
2026-10-04 13:30:00,중간부하,119,0,0.0,61.742,61.742,0.0,0.0,0.0
2026-10-04 13:45:00,중간부하,119,0,0.0,62.418,62.418,0.0,0.0,0.0
2026-10-04 14:00:00,중간부하,119,0,0.0,59.25,59.25,0.0,0.0,0.0
2026-10-04 14:15:00,중간부하,119,0,0.0,59.904,59.904,0.0,0.0,0.0
2026-10-04 14:30:00,중간부하,119,0,0.0,59.657,59.657,0.0,0.0,0.0
2026-10-04 14:45:00,중간부하,119,0,0.0,58.42,58.42,0.0,0.0,0.0
2026-10-04 15:00:00,중간부하,119,0,0.0,57.632,57.632,0.0,0.0,0.0
2026-10-04 15:15:00,중간부하,119,0,0.0,57.97,57.97,0.0,0.0,0.0
2026-10-04 15:30:00,중간부하,119,0,0.0,57.804,57.804,0.0,0.0,0.0
2026-10-04 15:45:00,중간부하,119,0,0.0,57.182,57.182,0.0,0.0,0.0
2026-10-04 16:00:00,중간부하,119,0,0.0,57.992,57.992,0.0,0.0,0.0
2026-10-04 16:15:00,중간부하,119,0,0.0,52.412,52.412,0.0,0.0,0.0
2026-10-04 16:30:00,중간부하,119,0,0.0,47.272,47.272,0.0,0.0,0.0
2026-10-04 16:45:00,중간부하,119,0,0.0,25.923,25.923,0.0,0.0,0.0
2026-10-04 17:00:00,최대부하,187,1,0.0,20.468,20.468,0.0,0.0,0.0
2026-10-04 17:15:00,최대부하,187,1,0.0,20.326,20.326,0.0,0.0,0.0
2026-10-04 17:30:00,최대부하,187,1,0.0,19.438,19.438,0.0,0.0,0.0
2026-10-04 17:45:00,최대부하,187,1,0.0,18.378,18.378,0.0,0.0,0.0
2026-10-04 18:00:00,최대부하,187,1,0.0,18.608,18.608,0.0,0.0,0.0
2026-10-04 18:15:00,최대부하,187,1,0.0,18.747,18.747,0.0,0.0,0.0
2026-10-04 18:30:00,최대부하,187,1,0.0,19.018,19.018,0.0,0.0,0.0
2026-10-04 18:45:00,최대부하,187,1,0.0,19.511,19.511,0.0,0.0,0.0
2026-10-04 19:00:00,최대부하,187,1,0.0,19.579,19.579,0.0,0.0,0.0
2026-10-04 19:15:00,최대부하,187,1,0.0,19.396,19.396,0.0,0.0,0.0
2026-10-04 19:30:00,최대부하,187,1,0.0,19.217,19.217,0.0,0.0,0.0
2026-10-04 19:45:00,최대부하,187,1,0.0,19.61,19.61,0.0,0.0,0.0
2026-10-04 20:00:00,중간부하,119,0,0.0,19.327,19.327,0.0,0.0,0.0
2026-10-04 20:15:00,중간부하,119,0,0.0,19.314,19.314,0.0,0.0,0.0
2026-10-04 20:30:00,중간부하,119,0,0.0,19.325,19.325,0.0,0.0,0.0
2026-10-04 20:45:00,중간부하,119,0,0.0,16.784,16.784,0.0,0.0,0.0
2026-10-04 21:00:00,중간부하,119,0,0.0,16.109,16.109,0.0,0.0,0.0
2026-10-04 21:15:00,중간부하,119,0,0.0,15.985,15.985,0.0,0.0,0.0
2026-10-04 21:30:00,중간부하,119,0,0.0,15.941,15.941,0.0,0.0,0.0
2026-10-04 21:45:00,중간부하,119,0,0.0,15.938,15.938,0.0,0.0,0.0
2026-10-04 22:00:00,경부하,76,0,0.0,15.539,15.539,0.0,0.0,0.0
2026-10-04 22:15:00,경부하,76,0,0.0,13.565,13.565,0.0,0.0,0.0
2026-10-04 22:30:00,경부하,76,0,0.0,12.806,12.806,0.0,0.0,0.0
2026-10-04 22:45:00,경부하,76,0,0.0,13.003,13.003,0.0,0.0,0.0
2026-10-04 23:00:00,경부하,76,0,0.0,12.68,12.68,0.0,0.0,0.0
2026-10-04 23:15:00,경부하,76,0,0.0,12.646,12.646,0.0,0.0,0.0
2026-10-04 23:30:00,경부하,76,0,0.0,12.673,12.673,0.0,0.0,0.0
2026-10-04 23:45:00,경부하,76,0,0.0,12.833,12.833,0.0,0.0,0.0
2026-10-05 00:00:00,경부하,90,0,0.0,12.85,12.85,0.0,0.0,0.0
2026-10-05 00:15:00,경부하,90,0,0.0,12.956,12.956,0.0,0.0,0.0
2026-10-05 00:30:00,경부하,90,0,0.0,13.035,13.035,0.0,0.0,0.0
2026-10-05 00:45:00,경부하,90,0,0.0,13.085,13.085,0.0,0.0,0.0
2026-10-05 01:00:00,경부하,90,0,0.0,12.997,12.997,0.0,0.0,0.0
2026-10-05 01:15:00,경부하,90,0,0.0,12.794,12.794,0.0,0.0,0.0
2026-10-05 01:30:00,경부하,90,0,0.0,13.008,13.008,0.0,0.0,0.0
2026-10-05 01:45:00,경부하,90,0,0.0,12.882,12.882,0.0,0.0,0.0
2026-10-05 02:00:00,경부하,90,0,0.0,12.63,12.63,0.0,0.0,0.0
2026-10-05 02:15:00,경부하,90,0,0.0,12.98,12.98,0.0,0.0,0.0
2026-10-05 02:30:00,경부하,90,0,0.0,13.34,13.34,0.0,0.0,0.0
2026-10-05 02:45:00,경부하,90,0,0.0,12.99,12.99,0.0,0.0,0.0
2026-10-05 03:00:00,경부하,90,0,0.0,12.848,12.848,0.0,0.0,0.0
2026-10-05 03:15:00,경부하,90,0,0.0,12.751,12.751,0.0,0.0,0.0
2026-10-05 03:30:00,경부하,90,0,0.0,12.724,12.724,0.0,0.0,0.0
2026-10-05 03:45:00,경부하,90,0,0.0,12.756,12.756,0.0,0.0,0.0
2026-10-05 04:00:00,경부하,90,0,0.0,12.845,12.845,0.0,0.0,0.0
2026-10-05 04:15:00,경부하,90,0,0.0,12.782,12.782,0.0,0.0,0.0
2026-10-05 04:30:00,경부하,90,0,0.0,12.925,12.925,0.0,0.0,0.0
2026-10-05 04:45:00,경부하,90,0,0.0,12.878,12.878,0.0,0.0,0.0
2026-10-05 05:00:00,경부하,90,0,0.0,12.779,12.779,0.0,0.0,0.0
2026-10-05 05:15:00,경부하,90,0,0.0,12.618,12.618,0.0,0.0,0.0
2026-10-05 05:30:00,경부하,90,0,0.0,12.798,12.798,0.0,0.0,0.0
2026-10-05 05:45:00,경부하,90,0,0.0,12.466,12.466,0.0,0.0,0.0
2026-10-05 06:00:00,경부하,90,0,0.0,12.367,12.367,0.0,0.0,0.0
2026-10-05 06:15:00,경부하,90,0,0.0,12.623,12.623,0.0,0.0,0.0
2026-10-05 06:30:00,경부하,90,0,0.0,12.895,12.895,0.0,0.0,0.0
2026-10-05 06:45:00,경부하,90,0,0.0,12.731,12.731,0.0,0.0,0.0
2026-10-05 07:00:00,경부하,90,0,0.0,13.008,13.008,0.0,0.0,0.0
2026-10-05 07:15:00,경부하,90,0,0.0,15.638,15.638,0.0,0.0,0.0
2026-10-05 07:30:00,경부하,90,0,0.0,17.853,17.853,0.0,0.0,0.0
2026-10-05 07:45:00,경부하,90,0,0.0,20.112,20.112,0.0,0.0,0.0
2026-10-05 08:00:00,중간부하,140,0,0.0,114.752,114.752,0.0,0.0,0.0
2026-10-05 08:15:00,중간부하,140,0,0.0,251.374,251.374,0.0,0.0,0.0
2026-10-05 08:30:00,중간부하,140,0,0.0,265.695,265.695,0.0,0.0,0.0
2026-10-05 08:45:00,중간부하,140,0,0.0,276.251,276.251,0.0,0.0,0.0
2026-10-05 09:00:00,중간부하,140,0,0.0,280.412,280.412,0.0,0.0,0.0
2026-10-05 09:15:00,중간부하,140,0,0.0,266.788,266.788,0.0,0.0,0.0
2026-10-05 09:30:00,중간부하,140,0,0.0,285.483,285.483,0.0,0.0,0.0
2026-10-05 09:45:00,중간부하,140,0,0.0,277.985,277.985,0.0,0.0,0.0
2026-10-05 10:00:00,최대부하,220,1,0.0,259.021,259.021,0.0,0.0,0.0
2026-10-05 10:15:00,최대부하,220,1,0.0,269.785,269.785,0.0,0.0,0.0
2026-10-05 10:30:00,최대부하,220,1,0.0,263.931,263.931,0.0,0.0,0.0
2026-10-05 10:45:00,최대부하,220,1,0.0,271.781,271.781,0.0,0.0,0.0
2026-10-05 11:00:00,최대부하,220,1,0.0,284.783,284.783,0.0,0.0,0.0
2026-10-05 11:15:00,최대부하,220,1,0.0,271.371,271.371,0.0,0.0,0.0
2026-10-05 11:30:00,최대부하,220,1,0.0,278.232,278.232,0.0,0.0,0.0
2026-10-05 11:45:00,최대부하,220,1,0.0,252.95,252.95,0.0,0.0,0.0
2026-10-05 12:00:00,중간부하,140,0,0.0,43.005,43.005,0.0,0.0,0.0
2026-10-05 12:15:00,중간부하,140,0,0.0,28.669,28.669,0.0,0.0,0.0
2026-10-05 12:30:00,중간부하,140,0,0.0,27.18,27.18,0.0,0.0,0.0
2026-10-05 12:45:00,중간부하,140,0,0.0,27.192,27.192,0.0,0.0,0.0
2026-10-05 13:00:00,중간부하,140,0,0.0,189.26,189.26,0.0,0.0,0.0
2026-10-05 13:15:00,중간부하,140,0,0.0,278.242,278.242,0.0,0.0,0.0
2026-10-05 13:30:00,중간부하,140,0,0.0,289.083,289.083,0.0,0.0,0.0
2026-10-05 13:45:00,중간부하,140,0,0.0,283.115,283.115,0.0,0.0,0.0
2026-10-05 14:00:00,중간부하,140,0,0.0,280.602,280.602,0.0,0.0,0.0
2026-10-05 14:15:00,중간부하,140,0,0.0,281.37,281.37,0.0,0.0,0.0
2026-10-05 14:30:00,중간부하,140,0,0.0,269.744,269.744,0.0,0.0,0.0
2026-10-05 14:45:00,중간부하,140,0,0.0,265.072,265.072,0.0,0.0,0.0
2026-10-05 15:00:00,중간부하,140,0,0.0,267.761,267.761,0.0,0.0,0.0
2026-10-05 15:15:00,중간부하,140,0,0.0,261.191,261.191,0.0,0.0,0.0
2026-10-05 15:30:00,중간부하,140,0,0.0,274.968,274.968,0.0,0.0,0.0
2026-10-05 15:45:00,중간부하,140,0,0.0,276.381,276.381,0.0,0.0,0.0
2026-10-05 16:00:00,중간부하,140,0,0.0,265.951,265.951,0.0,0.0,0.0
2026-10-05 16:15:00,중간부하,140,0,0.0,262.306,262.306,0.0,0.0,0.0
2026-10-05 16:30:00,중간부하,140,0,0.0,274.065,274.065,0.0,0.0,0.0
2026-10-05 16:45:00,중간부하,140,0,0.0,275.57,275.57,0.0,0.0,0.0
2026-10-05 17:00:00,최대부하,220,1,0.0,256.761,256.761,0.0,0.0,0.0
2026-10-05 17:15:00,최대부하,220,1,0.0,251.72,251.72,0.0,0.0,0.0
2026-10-05 17:30:00,최대부하,220,1,0.0,144.286,144.286,0.0,0.0,0.0
2026-10-05 17:45:00,최대부하,220,1,0.0,128.107,128.107,0.0,0.0,0.0
2026-10-05 18:00:00,최대부하,220,1,0.0,165.557,165.557,0.0,0.0,0.0
2026-10-05 18:15:00,최대부하,220,1,0.0,207.442,207.442,0.0,0.0,0.0
2026-10-05 18:30:00,최대부하,220,1,0.0,218.337,218.337,0.0,0.0,0.0
2026-10-05 18:45:00,최대부하,220,1,0.0,210.851,210.851,0.0,0.0,0.0
2026-10-05 19:00:00,최대부하,220,1,0.0,209.525,209.525,0.0,0.0,0.0
2026-10-05 19:15:00,최대부하,220,1,0.0,221.882,221.882,0.0,0.0,0.0
2026-10-05 19:30:00,최대부하,220,1,0.0,222.524,222.524,0.0,0.0,0.0
2026-10-05 19:45:00,최대부하,220,1,0.0,220.453,220.453,0.0,0.0,0.0
2026-10-05 20:00:00,중간부하,140,0,0.0,223.052,223.052,0.0,0.0,0.0
2026-10-05 20:15:00,중간부하,140,0,0.0,214.365,214.365,0.0,0.0,0.0
2026-10-05 20:30:00,중간부하,140,0,0.0,191.101,191.101,0.0,0.0,0.0
2026-10-05 20:45:00,중간부하,140,0,0.0,132.022,132.022,0.0,0.0,0.0
2026-10-05 21:00:00,중간부하,140,0,0.0,57.185,57.185,0.0,0.0,0.0
2026-10-05 21:15:00,중간부하,140,0,0.0,44.256,44.256,0.0,0.0,0.0
2026-10-05 21:30:00,중간부하,140,0,0.0,44.252,44.252,0.0,0.0,0.0
2026-10-05 21:45:00,중간부하,140,0,0.0,44.954,44.954,0.0,0.0,0.0
2026-10-05 22:00:00,경부하,90,0,0.0,48.264,48.264,0.0,0.0,0.0
2026-10-05 22:15:00,경부하,90,0,0.0,38.911,38.911,0.0,0.0,0.0
2026-10-05 22:30:00,경부하,90,0,0.0,36.838,36.838,0.0,0.0,0.0
2026-10-05 22:45:00,경부하,90,0,0.0,34.514,34.514,0.0,0.0,0.0
2026-10-05 23:00:00,경부하,90,0,0.0,34.921,34.921,0.0,0.0,0.0
2026-10-05 23:15:00,경부하,90,0,0.0,36.772,36.772,0.0,0.0,0.0
2026-10-05 23:30:00,경부하,90,0,0.0,34.484,34.484,0.0,0.0,0.0
2026-10-05 23:45:00,경부하,90,0,0.0,36.675,36.675,0.0,0.0,0.0
2026-10-06 00:00:00,경부하,90,0,0.0,36.114,36.114,0.0,0.0,0.0
2026-10-06 00:15:00,경부하,90,0,0.0,39.337,39.337,0.0,0.0,0.0
2026-10-06 00:30:00,경부하,90,0,0.0,37.004,37.004,0.0,0.0,0.0
2026-10-06 00:45:00,경부하,90,0,0.0,41.599,41.599,0.0,0.0,0.0
2026-10-06 01:00:00,경부하,90,0,0.0,35.127,35.127,0.0,0.0,0.0
2026-10-06 01:15:00,경부하,90,0,0.0,24.466,24.466,0.0,0.0,0.0
2026-10-06 01:30:00,경부하,90,0,0.0,17.961,17.961,0.0,0.0,0.0
2026-10-06 01:45:00,경부하,90,0,0.0,17.045,17.045,0.0,0.0,0.0
2026-10-06 02:00:00,경부하,90,0,0.0,17.12,17.12,0.0,0.0,0.0
2026-10-06 02:15:00,경부하,90,0,0.0,17.022,17.022,0.0,0.0,0.0
2026-10-06 02:30:00,경부하,90,0,0.0,16.892,16.892,0.0,0.0,0.0
2026-10-06 02:45:00,경부하,90,0,0.0,16.721,16.721,0.0,0.0,0.0
2026-10-06 03:00:00,경부하,90,0,0.0,16.683,16.683,0.0,0.0,0.0
2026-10-06 03:15:00,경부하,90,0,0.0,16.655,16.655,0.0,0.0,0.0
2026-10-06 03:30:00,경부하,90,0,0.0,16.456,16.456,0.0,0.0,0.0
2026-10-06 03:45:00,경부하,90,0,0.0,16.764,16.764,0.0,0.0,0.0
2026-10-06 04:00:00,경부하,90,0,0.0,16.588,16.588,0.0,0.0,0.0
2026-10-06 04:15:00,경부하,90,0,0.0,16.348,16.348,0.0,0.0,0.0
2026-10-06 04:30:00,경부하,90,0,0.0,16.541,16.541,0.0,0.0,0.0
2026-10-06 04:45:00,경부하,90,0,0.0,16.217,16.217,0.0,0.0,0.0
2026-10-06 05:00:00,경부하,90,0,0.0,16.445,16.445,0.0,0.0,0.0
2026-10-06 05:15:00,경부하,90,0,0.0,16.532,16.532,0.0,0.0,0.0
2026-10-06 05:30:00,경부하,90,0,0.0,16.422,16.422,0.0,0.0,0.0
2026-10-06 05:45:00,경부하,90,0,0.0,16.698,16.698,0.0,0.0,0.0
2026-10-06 06:00:00,경부하,90,0,0.0,16.323,16.323,0.0,0.0,0.0
2026-10-06 06:15:00,경부하,90,0,0.0,16.122,16.122,0.0,0.0,0.0
2026-10-06 06:30:00,경부하,90,0,0.0,16.009,16.009,0.0,0.0,0.0
2026-10-06 06:45:00,경부하,90,0,0.0,15.721,15.721,0.0,0.0,0.0
2026-10-06 07:00:00,경부하,90,0,0.0,16.168,16.168,0.0,0.0,0.0
2026-10-06 07:15:00,경부하,90,0,0.0,18.227,18.227,0.0,0.0,0.0
2026-10-06 07:30:00,경부하,90,0,0.0,21.363,21.363,0.0,0.0,0.0
2026-10-06 07:45:00,경부하,90,0,0.0,29.263,29.263,0.0,0.0,0.0
2026-10-06 08:00:00,중간부하,140,0,0.0,151.495,151.495,0.0,0.0,0.0
2026-10-06 08:15:00,중간부하,140,0,0.0,243.643,243.643,0.0,0.0,0.0
2026-10-06 08:30:00,중간부하,140,0,0.0,265.412,265.412,0.0,0.0,0.0
2026-10-06 08:45:00,중간부하,140,0,0.0,290.912,290.912,0.0,0.0,0.0
2026-10-06 09:00:00,중간부하,140,0,0.0,279.681,279.681,0.0,0.0,0.0
2026-10-06 09:15:00,중간부하,140,0,0.0,283.746,283.746,0.0,0.0,0.0
2026-10-06 09:30:00,중간부하,140,0,0.0,279.415,279.415,0.0,0.0,0.0
2026-10-06 09:45:00,중간부하,140,0,0.0,272.546,272.546,0.0,0.0,0.0
2026-10-06 10:00:00,최대부하,220,1,0.0,265.441,265.441,0.0,0.0,0.0
2026-10-06 10:15:00,최대부하,220,1,0.0,261.782,261.782,0.0,0.0,0.0
2026-10-06 10:30:00,최대부하,220,1,0.0,275.664,275.664,0.0,0.0,0.0
2026-10-06 10:45:00,최대부하,220,1,0.0,266.892,266.892,0.0,0.0,0.0
2026-10-06 11:00:00,최대부하,220,1,0.0,287.107,287.107,0.0,0.0,0.0
2026-10-06 11:15:00,최대부하,220,1,0.0,284.135,284.135,0.0,0.0,0.0
2026-10-06 11:30:00,최대부하,220,1,0.0,276.332,276.332,0.0,0.0,0.0
2026-10-06 11:45:00,최대부하,220,1,0.0,273.556,273.556,0.0,0.0,0.0
2026-10-06 12:00:00,중간부하,140,0,0.0,46.767,46.767,0.0,0.0,0.0
2026-10-06 12:15:00,중간부하,140,0,0.0,27.72,27.72,0.0,0.0,0.0
2026-10-06 12:30:00,중간부하,140,0,0.0,26.774,26.774,0.0,0.0,0.0
2026-10-06 12:45:00,중간부하,140,0,0.0,27.928,27.928,0.0,0.0,0.0
2026-10-06 13:00:00,중간부하,140,0,0.0,182.489,182.489,0.0,0.0,0.0
2026-10-06 13:15:00,중간부하,140,0,0.0,285.736,285.736,0.0,0.0,0.0
2026-10-06 13:30:00,중간부하,140,0,0.0,286.145,286.145,0.0,0.0,0.0
2026-10-06 13:45:00,중간부하,140,0,0.0,279.957,279.957,0.0,0.0,0.0
2026-10-06 14:00:00,중간부하,140,0,0.0,264.714,264.714,0.0,0.0,0.0
2026-10-06 14:15:00,중간부하,140,0,0.0,274.39,274.39,0.0,0.0,0.0
2026-10-06 14:30:00,중간부하,140,0,0.0,268.019,268.019,0.0,0.0,0.0
2026-10-06 14:45:00,중간부하,140,0,0.0,270.076,270.076,0.0,0.0,0.0
2026-10-06 15:00:00,중간부하,140,0,0.0,262.217,262.217,0.0,0.0,0.0
2026-10-06 15:15:00,중간부하,140,0,0.0,268.865,268.865,0.0,0.0,0.0
2026-10-06 15:30:00,중간부하,140,0,0.0,285.578,285.578,0.0,0.0,0.0
2026-10-06 15:45:00,중간부하,140,0,0.0,277.58,277.58,0.0,0.0,0.0
2026-10-06 16:00:00,중간부하,140,0,0.0,278.23,278.23,0.0,0.0,0.0
2026-10-06 16:15:00,중간부하,140,0,0.0,276.398,276.398,0.0,0.0,0.0
2026-10-06 16:30:00,중간부하,140,0,0.0,285.036,285.036,0.0,0.0,0.0
2026-10-06 16:45:00,중간부하,140,0,0.0,281.371,281.371,0.0,0.0,0.0
2026-10-06 17:00:00,최대부하,220,1,0.0,269.065,269.065,0.0,0.0,0.0
2026-10-06 17:15:00,최대부하,220,1,0.0,257.127,257.127,0.0,0.0,0.0
2026-10-06 17:30:00,최대부하,220,1,0.0,158.167,158.167,0.0,0.0,0.0
2026-10-06 17:45:00,최대부하,220,1,0.0,133.933,133.933,0.0,0.0,0.0
2026-10-06 18:00:00,최대부하,220,1,0.0,173.995,173.995,0.0,0.0,0.0
2026-10-06 18:15:00,최대부하,220,1,0.0,228.677,228.677,0.0,0.0,0.0
2026-10-06 18:30:00,최대부하,220,1,0.0,221.255,221.255,0.0,0.0,0.0
2026-10-06 18:45:00,최대부하,220,1,0.0,225.055,225.055,0.0,0.0,0.0
2026-10-06 19:00:00,최대부하,220,1,0.0,215.646,215.646,0.0,0.0,0.0
2026-10-06 19:15:00,최대부하,220,1,0.0,224.292,224.292,0.0,0.0,0.0
2026-10-06 19:30:00,최대부하,220,1,0.0,224.765,224.765,0.0,0.0,0.0
2026-10-06 19:45:00,최대부하,220,1,0.0,220.343,220.343,0.0,0.0,0.0
2026-10-06 20:00:00,중간부하,140,0,0.0,217.295,217.295,0.0,0.0,0.0
2026-10-06 20:15:00,중간부하,140,0,0.0,232.438,232.438,0.0,0.0,0.0
2026-10-06 20:30:00,중간부하,140,0,0.0,202.0,202.0,0.0,0.0,0.0
2026-10-06 20:45:00,중간부하,140,0,0.0,123.442,123.442,0.0,0.0,0.0
2026-10-06 21:00:00,중간부하,140,0,0.0,54.756,54.756,0.0,0.0,0.0
2026-10-06 21:15:00,중간부하,140,0,0.0,47.072,47.072,0.0,0.0,0.0
2026-10-06 21:30:00,중간부하,140,0,0.0,44.078,44.078,0.0,0.0,0.0
2026-10-06 21:45:00,중간부하,140,0,0.0,40.455,40.455,0.0,0.0,0.0
2026-10-06 22:00:00,경부하,90,0,0.0,40.695,40.695,0.0,0.0,0.0
2026-10-06 22:15:00,경부하,90,0,0.0,44.449,44.449,0.0,0.0,0.0
2026-10-06 22:30:00,경부하,90,0,0.0,41.861,41.861,0.0,0.0,0.0
2026-10-06 22:45:00,경부하,90,0,0.0,41.546,41.546,0.0,0.0,0.0
2026-10-06 23:00:00,경부하,90,0,0.0,42.38,42.38,0.0,0.0,0.0
2026-10-06 23:15:00,경부하,90,0,0.0,40.47,40.47,0.0,0.0,0.0
2026-10-06 23:30:00,경부하,90,0,0.0,38.335,38.335,0.0,0.0,0.0
2026-10-06 23:45:00,경부하,90,0,0.0,38.911,38.911,0.0,0.0,0.0
2026-10-07 00:00:00,경부하,90,0,0.0,37.418,37.418,0.0,0.0,0.0
2026-10-07 00:15:00,경부하,90,0,0.0,40.035,40.035,0.0,0.0,0.0
2026-10-07 00:30:00,경부하,90,0,0.0,40.663,40.663,0.0,0.0,0.0
2026-10-07 00:45:00,경부하,90,0,0.0,40.911,40.911,0.0,0.0,0.0
2026-10-07 01:00:00,경부하,90,0,0.0,33.475,33.475,0.0,0.0,0.0
2026-10-07 01:15:00,경부하,90,0,0.0,22.947,22.947,0.0,0.0,0.0
2026-10-07 01:30:00,경부하,90,0,0.0,19.222,19.222,0.0,0.0,0.0
2026-10-07 01:45:00,경부하,90,0,0.0,18.318,18.318,0.0,0.0,0.0
2026-10-07 02:00:00,경부하,90,0,0.0,18.12,18.12,0.0,0.0,0.0
2026-10-07 02:15:00,경부하,90,0,0.0,18.145,18.145,0.0,0.0,0.0
2026-10-07 02:30:00,경부하,90,0,0.0,18.082,18.082,0.0,0.0,0.0
2026-10-07 02:45:00,경부하,90,0,0.0,17.741,17.741,0.0,0.0,0.0
2026-10-07 03:00:00,경부하,90,0,0.0,18.025,18.025,0.0,0.0,0.0
2026-10-07 03:15:00,경부하,90,0,0.0,18.775,18.775,0.0,0.0,0.0
2026-10-07 03:30:00,경부하,90,0,0.0,18.358,18.358,0.0,0.0,0.0
2026-10-07 03:45:00,경부하,90,0,0.0,17.994,17.994,0.0,0.0,0.0
2026-10-07 04:00:00,경부하,90,0,0.0,18.013,18.013,0.0,0.0,0.0
2026-10-07 04:15:00,경부하,90,0,0.0,17.742,17.742,0.0,0.0,0.0
2026-10-07 04:30:00,경부하,90,0,0.0,17.35,17.35,0.0,0.0,0.0
2026-10-07 04:45:00,경부하,90,0,0.0,17.128,17.128,0.0,0.0,0.0
2026-10-07 05:00:00,경부하,90,0,0.0,17.232,17.232,0.0,0.0,0.0
2026-10-07 05:15:00,경부하,90,0,0.0,17.455,17.455,0.0,0.0,0.0
2026-10-07 05:30:00,경부하,90,0,0.0,17.556,17.556,0.0,0.0,0.0
2026-10-07 05:45:00,경부하,90,0,0.0,17.41,17.41,0.0,0.0,0.0
2026-10-07 06:00:00,경부하,90,0,0.0,17.809,17.809,0.0,0.0,0.0
2026-10-07 06:15:00,경부하,90,0,0.0,17.996,17.996,0.0,0.0,0.0
2026-10-07 06:30:00,경부하,90,0,0.0,17.65,17.65,0.0,0.0,0.0
2026-10-07 06:45:00,경부하,90,0,0.0,17.578,17.578,0.0,0.0,0.0
2026-10-07 07:00:00,경부하,90,0,0.0,17.262,17.262,0.0,0.0,0.0
2026-10-07 07:15:00,경부하,90,0,0.0,19.424,19.424,0.0,0.0,0.0
2026-10-07 07:30:00,경부하,90,0,0.0,24.39,24.39,0.0,0.0,0.0
2026-10-07 07:45:00,경부하,90,0,0.0,31.34,31.34,0.0,0.0,0.0
2026-10-07 08:00:00,중간부하,140,0,0.0,159.069,159.069,0.0,0.0,0.0
2026-10-07 08:15:00,중간부하,140,0,0.0,269.942,269.942,0.0,0.0,0.0
2026-10-07 08:30:00,중간부하,140,0,0.0,284.293,284.293,0.0,0.0,0.0
2026-10-07 08:45:00,중간부하,140,0,0.0,276.33,276.33,0.0,0.0,0.0
2026-10-07 09:00:00,중간부하,140,0,0.0,279.042,279.042,0.0,0.0,0.0
2026-10-07 09:15:00,중간부하,140,0,0.0,286.857,286.857,0.0,0.0,0.0
2026-10-07 09:30:00,중간부하,140,0,0.0,272.74,272.74,0.0,0.0,0.0
2026-10-07 09:45:00,중간부하,140,0,0.0,269.892,269.892,0.0,0.0,0.0
2026-10-07 10:00:00,최대부하,220,1,0.0,256.118,256.118,0.0,0.0,0.0
2026-10-07 10:15:00,최대부하,220,1,0.0,267.085,267.085,0.0,0.0,0.0
2026-10-07 10:30:00,최대부하,220,1,0.0,265.439,265.439,0.0,0.0,0.0
2026-10-07 10:45:00,최대부하,220,1,0.0,295.369,295.369,0.0,0.0,0.0
2026-10-07 11:00:00,최대부하,220,1,0.0,291.302,291.302,0.0,0.0,0.0
2026-10-07 11:15:00,최대부하,220,1,0.0,284.038,284.038,0.0,0.0,0.0
2026-10-07 11:30:00,최대부하,220,1,0.0,266.75,266.75,0.0,0.0,0.0
2026-10-07 11:45:00,최대부하,220,1,0.0,244.678,244.678,0.0,0.0,0.0
2026-10-07 12:00:00,중간부하,140,0,0.0,40.369,40.369,0.0,0.0,0.0
2026-10-07 12:15:00,중간부하,140,0,0.0,27.647,27.647,0.0,0.0,0.0
2026-10-07 12:30:00,중간부하,140,0,0.0,28.149,28.149,0.0,0.0,0.0
2026-10-07 12:45:00,중간부하,140,0,0.0,29.332,29.332,0.0,0.0,0.0
2026-10-07 13:00:00,중간부하,140,0,0.0,171.38,171.38,0.0,0.0,0.0
2026-10-07 13:15:00,중간부하,140,0,0.0,266.295,266.295,0.0,0.0,0.0
2026-10-07 13:30:00,중간부하,140,0,0.0,258.91,258.91,0.0,0.0,0.0
2026-10-07 13:45:00,중간부하,140,0,0.0,279.498,279.498,0.0,0.0,0.0
2026-10-07 14:00:00,중간부하,140,0,0.0,285.861,285.861,0.0,0.0,0.0
2026-10-07 14:15:00,중간부하,140,0,0.0,272.125,272.125,0.0,0.0,0.0
2026-10-07 14:30:00,중간부하,140,0,0.0,272.985,272.985,0.0,0.0,0.0
2026-10-07 14:45:00,중간부하,140,0,0.0,279.835,279.835,0.0,0.0,0.0
2026-10-07 15:00:00,중간부하,140,0,0.0,270.658,270.658,0.0,0.0,0.0
2026-10-07 15:15:00,중간부하,140,0,0.0,269.159,269.159,0.0,0.0,0.0
2026-10-07 15:30:00,중간부하,140,0,0.0,271.022,271.022,0.0,0.0,0.0
2026-10-07 15:45:00,중간부하,140,0,0.0,271.092,271.092,0.0,0.0,0.0
2026-10-07 16:00:00,중간부하,140,0,0.0,264.628,264.628,0.0,0.0,0.0
2026-10-07 16:15:00,중간부하,140,0,0.0,280.148,280.148,0.0,0.0,0.0
2026-10-07 16:30:00,중간부하,140,0,0.0,287.726,287.726,0.0,0.0,0.0
2026-10-07 16:45:00,중간부하,140,0,0.0,269.837,269.837,0.0,0.0,0.0
2026-10-07 17:00:00,최대부하,220,1,0.0,269.621,269.621,0.0,0.0,0.0
2026-10-07 17:15:00,최대부하,220,1,0.0,251.815,251.815,0.0,0.0,0.0
2026-10-07 17:30:00,최대부하,220,1,0.0,173.331,173.331,0.0,0.0,0.0
2026-10-07 17:45:00,최대부하,220,1,0.0,135.333,135.333,0.0,0.0,0.0
2026-10-07 18:00:00,최대부하,220,1,0.0,124.455,124.455,0.0,0.0,0.0
2026-10-07 18:15:00,최대부하,220,1,0.0,154.137,154.137,0.0,0.0,0.0
2026-10-07 18:30:00,최대부하,220,1,0.0,151.595,151.595,0.0,0.0,0.0
2026-10-07 18:45:00,최대부하,220,1,0.0,158.055,158.055,0.0,0.0,0.0
2026-10-07 19:00:00,최대부하,220,1,0.0,152.064,152.064,0.0,0.0,0.0
2026-10-07 19:15:00,최대부하,220,1,0.0,150.662,150.662,0.0,0.0,0.0
2026-10-07 19:30:00,최대부하,220,1,0.0,147.891,147.891,0.0,0.0,0.0
2026-10-07 19:45:00,최대부하,220,1,0.0,153.55,153.55,0.0,0.0,0.0
2026-10-07 20:00:00,중간부하,140,0,0.0,159.595,159.595,0.0,0.0,0.0
2026-10-07 20:15:00,중간부하,140,0,0.0,154.218,154.218,0.0,0.0,0.0
2026-10-07 20:30:00,중간부하,140,0,0.0,133.906,133.906,0.0,0.0,0.0
2026-10-07 20:45:00,중간부하,140,0,0.0,90.133,90.133,0.0,0.0,0.0
2026-10-07 21:00:00,중간부하,140,0,0.0,54.913,54.913,0.0,0.0,0.0
2026-10-07 21:15:00,중간부하,140,0,0.0,49.363,49.363,0.0,0.0,0.0
2026-10-07 21:30:00,중간부하,140,0,0.0,48.443,48.443,0.0,0.0,0.0
2026-10-07 21:45:00,중간부하,140,0,0.0,39.593,39.593,0.0,0.0,0.0
2026-10-07 22:00:00,경부하,90,0,0.0,34.38,34.38,0.0,0.0,0.0
2026-10-07 22:15:00,경부하,90,0,0.0,32.804,32.804,0.0,0.0,0.0
2026-10-07 22:30:00,경부하,90,0,0.0,31.518,31.518,0.0,0.0,0.0
2026-10-07 22:45:00,경부하,90,0,0.0,34.164,34.164,0.0,0.0,0.0
2026-10-07 23:00:00,경부하,90,0,0.0,33.887,33.887,0.0,0.0,0.0
2026-10-07 23:15:00,경부하,90,0,0.0,34.529,34.529,0.0,0.0,0.0
2026-10-07 23:30:00,경부하,90,0,0.0,33.838,33.838,0.0,0.0,0.0
2026-10-07 23:45:00,경부하,90,0,0.0,30.667,30.667,0.0,0.0,0.0
2026-10-08 00:00:00,경부하,90,0,0.0,33.367,33.367,0.0,0.0,0.0
2026-10-08 00:15:00,경부하,90,0,0.0,33.265,33.265,0.0,0.0,0.0
2026-10-08 00:30:00,경부하,90,0,0.0,31.42,31.42,0.0,0.0,0.0
2026-10-08 00:45:00,경부하,90,0,0.0,34.583,34.583,0.0,0.0,0.0
2026-10-08 01:00:00,경부하,90,0,0.0,30.894,30.894,0.0,0.0,0.0
2026-10-08 01:15:00,경부하,90,0,0.0,20.935,20.935,0.0,0.0,0.0
2026-10-08 01:30:00,경부하,90,0,0.0,18.714,18.714,0.0,0.0,0.0
2026-10-08 01:45:00,경부하,90,0,0.0,19.015,19.015,0.0,0.0,0.0
2026-10-08 02:00:00,경부하,90,0,0.0,19.253,19.253,0.0,0.0,0.0
2026-10-08 02:15:00,경부하,90,0,0.0,19.285,19.285,0.0,0.0,0.0
2026-10-08 02:30:00,경부하,90,0,0.0,18.778,18.778,0.0,0.0,0.0
2026-10-08 02:45:00,경부하,90,0,0.0,18.864,18.864,0.0,0.0,0.0
2026-10-08 03:00:00,경부하,90,0,0.0,19.052,19.052,0.0,0.0,0.0
2026-10-08 03:15:00,경부하,90,0,0.0,18.583,18.583,0.0,0.0,0.0
2026-10-08 03:30:00,경부하,90,0,0.0,18.577,18.577,0.0,0.0,0.0
2026-10-08 03:45:00,경부하,90,0,0.0,19.012,19.012,0.0,0.0,0.0
2026-10-08 04:00:00,경부하,90,0,0.0,19.283,19.283,0.0,0.0,0.0
2026-10-08 04:15:00,경부하,90,0,0.0,19.173,19.173,0.0,0.0,0.0
2026-10-08 04:30:00,경부하,90,0,0.0,18.645,18.645,0.0,0.0,0.0
2026-10-08 04:45:00,경부하,90,0,0.0,18.767,18.767,0.0,0.0,0.0
2026-10-08 05:00:00,경부하,90,0,0.0,18.808,18.808,0.0,0.0,0.0
2026-10-08 05:15:00,경부하,90,0,0.0,18.412,18.412,0.0,0.0,0.0
2026-10-08 05:30:00,경부하,90,0,0.0,18.757,18.757,0.0,0.0,0.0
2026-10-08 05:45:00,경부하,90,0,0.0,19.035,19.035,0.0,0.0,0.0
2026-10-08 06:00:00,경부하,90,0,0.0,18.143,18.143,0.0,0.0,0.0
2026-10-08 06:15:00,경부하,90,0,0.0,18.978,18.978,0.0,0.0,0.0
2026-10-08 06:30:00,경부하,90,0,0.0,18.828,18.828,0.0,0.0,0.0
2026-10-08 06:45:00,경부하,90,0,0.0,18.335,18.335,0.0,0.0,0.0
2026-10-08 07:00:00,경부하,90,0,0.0,18.24,18.24,0.0,0.0,0.0
2026-10-08 07:15:00,경부하,90,0,0.0,20.425,20.425,0.0,0.0,0.0
2026-10-08 07:30:00,경부하,90,0,0.0,23.757,23.757,0.0,0.0,0.0
2026-10-08 07:45:00,경부하,90,0,0.0,27.183,27.183,0.0,0.0,0.0
2026-10-08 08:00:00,중간부하,140,0,0.0,191.397,191.397,0.0,0.0,0.0
2026-10-08 08:15:00,중간부하,140,0,0.0,305.288,305.288,0.0,0.0,0.0
2026-10-08 08:30:00,중간부하,140,0,0.0,307.401,307.401,0.0,0.0,0.0
2026-10-08 08:45:00,중간부하,140,0,0.0,323.661,323.661,0.0,0.0,0.0
2026-10-08 09:00:00,중간부하,140,0,0.0,308.033,308.033,0.0,0.0,0.0
2026-10-08 09:15:00,중간부하,140,0,0.0,300.822,300.822,0.0,0.0,0.0
2026-10-08 09:30:00,중간부하,140,0,0.0,298.718,298.718,0.0,0.0,0.0
2026-10-08 09:45:00,중간부하,140,0,0.0,292.326,292.326,0.0,0.0,0.0
2026-10-08 10:00:00,최대부하,220,1,0.0,302.987,302.987,0.0,0.0,0.0
2026-10-08 10:15:00,최대부하,220,1,0.0,289.321,289.321,0.0,0.0,0.0
2026-10-08 10:30:00,최대부하,220,1,0.0,294.67,294.67,0.0,0.0,0.0
2026-10-08 10:45:00,최대부하,220,1,0.0,280.6,280.6,0.0,0.0,0.0
2026-10-08 11:00:00,최대부하,220,1,0.0,285.437,285.437,0.0,0.0,0.0
2026-10-08 11:15:00,최대부하,220,1,0.0,285.953,285.953,0.0,0.0,0.0
2026-10-08 11:30:00,최대부하,220,1,0.0,286.922,286.922,0.0,0.0,0.0
2026-10-08 11:45:00,최대부하,220,1,0.0,276.387,276.387,0.0,0.0,0.0
2026-10-08 12:00:00,중간부하,140,0,0.0,49.101,49.101,0.0,0.0,0.0
2026-10-08 12:15:00,중간부하,140,0,0.0,28.675,28.675,0.0,0.0,0.0
2026-10-08 12:30:00,중간부하,140,0,0.0,30.302,30.302,0.0,0.0,0.0
2026-10-08 12:45:00,중간부하,140,0,0.0,33.602,33.602,0.0,0.0,0.0
2026-10-08 13:00:00,중간부하,140,0,0.0,187.318,187.318,0.0,0.0,0.0
2026-10-08 13:15:00,중간부하,140,0,0.0,272.024,272.024,0.0,0.0,0.0
2026-10-08 13:30:00,중간부하,140,0,0.0,272.189,272.189,0.0,0.0,0.0
2026-10-08 13:45:00,중간부하,140,0,0.0,266.752,266.752,0.0,0.0,0.0
2026-10-08 14:00:00,중간부하,140,0,0.0,264.631,264.631,0.0,0.0,0.0
2026-10-08 14:15:00,중간부하,140,0,0.0,265.352,265.352,0.0,0.0,0.0
2026-10-08 14:30:00,중간부하,140,0,0.0,265.271,265.271,0.0,0.0,0.0
2026-10-08 14:45:00,중간부하,140,0,0.0,270.798,270.798,0.0,0.0,0.0
2026-10-08 15:00:00,중간부하,140,0,0.0,260.983,260.983,0.0,0.0,0.0
2026-10-08 15:15:00,중간부하,140,0,0.0,261.572,261.572,0.0,0.0,0.0
2026-10-08 15:30:00,중간부하,140,0,0.0,281.624,281.624,0.0,0.0,0.0
2026-10-08 15:45:00,중간부하,140,0,0.0,262.866,262.866,0.0,0.0,0.0
2026-10-08 16:00:00,중간부하,140,0,0.0,277.955,277.955,0.0,0.0,0.0
2026-10-08 16:15:00,중간부하,140,0,0.0,271.536,271.536,0.0,0.0,0.0
2026-10-08 16:30:00,중간부하,140,0,0.0,264.813,264.813,0.0,0.0,0.0
2026-10-08 16:45:00,중간부하,140,0,0.0,251.23,251.23,0.0,0.0,0.0
2026-10-08 17:00:00,최대부하,220,1,0.0,270.641,270.641,0.0,0.0,0.0
2026-10-08 17:15:00,최대부하,220,1,0.0,243.981,243.981,0.0,0.0,0.0
2026-10-08 17:30:00,최대부하,220,1,0.0,137.975,137.975,0.0,0.0,0.0
2026-10-08 17:45:00,최대부하,220,1,0.0,130.982,130.982,0.0,0.0,0.0
2026-10-08 18:00:00,최대부하,220,1,0.0,180.622,180.622,0.0,0.0,0.0
2026-10-08 18:15:00,최대부하,220,1,0.0,228.064,228.064,0.0,0.0,0.0
2026-10-08 18:30:00,최대부하,220,1,0.0,216.218,216.218,0.0,0.0,0.0
2026-10-08 18:45:00,최대부하,220,1,0.0,231.463,231.463,0.0,0.0,0.0
2026-10-08 19:00:00,최대부하,220,1,0.0,214.949,214.949,0.0,0.0,0.0
2026-10-08 19:15:00,최대부하,220,1,0.0,222.671,222.671,0.0,0.0,0.0
2026-10-08 19:30:00,최대부하,220,1,0.0,223.345,223.345,0.0,0.0,0.0
2026-10-08 19:45:00,최대부하,220,1,0.0,216.407,216.407,0.0,0.0,0.0
2026-10-08 20:00:00,중간부하,140,0,0.0,216.952,216.952,0.0,0.0,0.0
2026-10-08 20:15:00,중간부하,140,0,0.0,235.69,235.69,0.0,0.0,0.0
2026-10-08 20:30:00,중간부하,140,0,0.0,201.626,201.626,0.0,0.0,0.0
2026-10-08 20:45:00,중간부하,140,0,0.0,136.433,136.433,0.0,0.0,0.0
2026-10-08 21:00:00,중간부하,140,0,0.0,77.192,77.192,0.0,0.0,0.0
2026-10-08 21:15:00,중간부하,140,0,0.0,52.722,52.722,0.0,0.0,0.0
2026-10-08 21:30:00,중간부하,140,0,0.0,43.755,43.755,0.0,0.0,0.0
2026-10-08 21:45:00,중간부하,140,0,0.0,41.743,41.743,0.0,0.0,0.0
2026-10-08 22:00:00,경부하,90,0,0.0,39.685,39.685,0.0,0.0,0.0
2026-10-08 22:15:00,경부하,90,0,0.0,36.102,36.102,0.0,0.0,0.0
2026-10-08 22:30:00,경부하,90,0,0.0,39.482,39.482,0.0,0.0,0.0
2026-10-08 22:45:00,경부하,90,0,0.0,41.073,41.073,0.0,0.0,0.0
2026-10-08 23:00:00,경부하,90,0,0.0,35.87,35.87,0.0,0.0,0.0
2026-10-08 23:15:00,경부하,90,0,0.0,34.091,34.091,0.0,0.0,0.0
2026-10-08 23:30:00,경부하,90,0,0.0,36.598,36.598,0.0,0.0,0.0
2026-10-08 23:45:00,경부하,90,0,0.0,39.829,39.829,0.0,0.0,0.0
2026-10-09 00:00:00,경부하,90,0,0.0,30.361,30.361,0.0,0.0,0.0
2026-10-09 00:15:00,경부하,90,0,0.0,38.746,38.746,0.0,0.0,0.0
2026-10-09 00:30:00,경부하,90,0,0.0,35.905,35.905,0.0,0.0,0.0
2026-10-09 00:45:00,경부하,90,0,0.0,33.632,33.632,0.0,0.0,0.0
2026-10-09 01:00:00,경부하,90,0,0.0,24.041,24.041,0.0,0.0,0.0
2026-10-09 01:15:00,경부하,90,0,0.0,21.534,21.534,0.0,0.0,0.0
2026-10-09 01:30:00,경부하,90,0,0.0,20.223,20.223,0.0,0.0,0.0
2026-10-09 01:45:00,경부하,90,0,0.0,19.115,19.115,0.0,0.0,0.0
2026-10-09 02:00:00,경부하,90,0,0.0,22.425,22.425,0.0,0.0,0.0
2026-10-09 02:15:00,경부하,90,0,0.0,22.317,22.317,0.0,0.0,0.0
2026-10-09 02:30:00,경부하,90,0,0.0,20.325,20.325,0.0,0.0,0.0
2026-10-09 02:45:00,경부하,90,0,0.0,21.089,21.089,0.0,0.0,0.0
2026-10-09 03:00:00,경부하,90,0,0.0,20.312,20.312,0.0,0.0,0.0
2026-10-09 03:15:00,경부하,90,0,0.0,21.456,21.456,0.0,0.0,0.0
2026-10-09 03:30:00,경부하,90,0,0.0,19.235,19.235,0.0,0.0,0.0
2026-10-09 03:45:00,경부하,90,0,0.0,19.102,19.102,0.0,0.0,0.0
2026-10-09 04:00:00,경부하,90,0,0.0,19.117,19.117,0.0,0.0,0.0
2026-10-09 04:15:00,경부하,90,0,0.0,20.109,20.109,0.0,0.0,0.0
2026-10-09 04:30:00,경부하,90,0,0.0,18.887,18.887,0.0,0.0,0.0
2026-10-09 04:45:00,경부하,90,0,0.0,18.64,18.64,0.0,0.0,0.0
2026-10-09 05:00:00,경부하,90,0,0.0,18.962,18.962,0.0,0.0,0.0
2026-10-09 05:15:00,경부하,90,0,0.0,20.562,20.562,0.0,0.0,0.0
2026-10-09 05:30:00,경부하,90,0,0.0,21.922,21.922,0.0,0.0,0.0
2026-10-09 05:45:00,경부하,90,0,0.0,21.122,21.122,0.0,0.0,0.0
2026-10-09 06:00:00,경부하,90,0,0.0,21.338,21.338,0.0,0.0,0.0
2026-10-09 06:15:00,경부하,90,0,0.0,21.855,21.855,0.0,0.0,0.0
2026-10-09 06:30:00,경부하,90,0,0.0,20.911,20.911,0.0,0.0,0.0
2026-10-09 06:45:00,경부하,90,0,0.0,22.001,22.001,0.0,0.0,0.0
2026-10-09 07:00:00,경부하,90,0,0.0,21.557,21.557,0.0,0.0,0.0
2026-10-09 07:15:00,경부하,90,0,0.0,21.214,21.214,0.0,0.0,0.0
2026-10-09 07:30:00,경부하,90,0,0.0,26.972,26.972,0.0,0.0,0.0
2026-10-09 07:45:00,경부하,90,0,0.0,26.195,26.195,0.0,0.0,0.0
2026-10-09 08:00:00,중간부하,140,0,0.0,156.597,156.597,0.0,0.0,0.0
2026-10-09 08:15:00,중간부하,140,0,0.0,260.635,260.635,0.0,0.0,0.0
2026-10-09 08:30:00,중간부하,140,0,0.0,279.825,279.825,0.0,0.0,0.0
2026-10-09 08:45:00,중간부하,140,0,0.0,290.583,290.583,0.0,0.0,0.0
2026-10-09 09:00:00,중간부하,140,0,0.0,293.703,293.703,0.0,0.0,0.0
2026-10-09 09:15:00,중간부하,140,0,0.0,276.915,276.915,0.0,0.0,0.0
2026-10-09 09:30:00,중간부하,140,0,0.0,264.379,264.379,0.0,0.0,0.0
2026-10-09 09:45:00,중간부하,140,0,0.0,263.182,263.182,0.0,0.0,0.0
2026-10-09 10:00:00,최대부하,220,1,0.0,254.578,254.578,0.0,0.0,0.0
2026-10-09 10:15:00,최대부하,220,1,0.0,258.041,258.041,0.0,0.0,0.0
2026-10-09 10:30:00,최대부하,220,1,0.0,251.716,251.716,0.0,0.0,0.0
2026-10-09 10:45:00,최대부하,220,1,0.0,256.311,256.311,0.0,0.0,0.0
2026-10-09 11:00:00,최대부하,220,1,0.0,262.412,262.412,0.0,0.0,0.0
2026-10-09 11:15:00,최대부하,220,1,0.0,269.604,269.604,0.0,0.0,0.0
2026-10-09 11:30:00,최대부하,220,1,0.0,260.805,260.805,0.0,0.0,0.0
2026-10-09 11:45:00,최대부하,220,1,0.0,255.243,255.243,0.0,0.0,0.0
2026-10-09 12:00:00,중간부하,140,0,0.0,46.342,46.342,0.0,0.0,0.0
2026-10-09 12:15:00,중간부하,140,0,0.0,24.532,24.532,0.0,0.0,0.0
2026-10-09 12:30:00,중간부하,140,0,0.0,23.851,23.851,0.0,0.0,0.0
2026-10-09 12:45:00,중간부하,140,0,0.0,23.976,23.976,0.0,0.0,0.0
2026-10-09 13:00:00,중간부하,140,0,0.0,174.841,174.841,0.0,0.0,0.0
2026-10-09 13:15:00,중간부하,140,0,0.0,260.305,260.305,0.0,0.0,0.0
2026-10-09 13:30:00,중간부하,140,0,0.0,270.731,270.731,0.0,0.0,0.0
2026-10-09 13:45:00,중간부하,140,0,0.0,258.359,258.359,0.0,0.0,0.0
2026-10-09 14:00:00,중간부하,140,0,0.0,266.001,266.001,0.0,0.0,0.0
2026-10-09 14:15:00,중간부하,140,0,0.0,269.82,269.82,0.0,0.0,0.0
2026-10-09 14:30:00,중간부하,140,0,0.0,270.388,270.388,0.0,0.0,0.0
2026-10-09 14:45:00,중간부하,140,0,0.0,266.162,266.162,0.0,0.0,0.0
2026-10-09 15:00:00,중간부하,140,0,0.0,248.149,248.149,0.0,0.0,0.0
2026-10-09 15:15:00,중간부하,140,0,0.0,267.525,267.525,0.0,0.0,0.0
2026-10-09 15:30:00,중간부하,140,0,0.0,261.2,261.2,0.0,0.0,0.0
2026-10-09 15:45:00,중간부하,140,0,0.0,255.565,255.565,0.0,0.0,0.0
2026-10-09 16:00:00,중간부하,140,0,0.0,276.294,276.294,0.0,0.0,0.0
2026-10-09 16:15:00,중간부하,140,0,0.0,255.948,255.948,0.0,0.0,0.0
2026-10-09 16:30:00,중간부하,140,0,0.0,278.278,278.278,0.0,0.0,0.0
2026-10-09 16:45:00,중간부하,140,0,0.0,251.913,251.913,0.0,0.0,0.0
2026-10-09 17:00:00,최대부하,220,1,0.0,243.877,243.877,0.0,0.0,0.0
2026-10-09 17:15:00,최대부하,220,1,0.0,235.685,235.685,0.0,0.0,0.0
2026-10-09 17:30:00,최대부하,220,1,0.0,142.014,142.014,0.0,0.0,0.0
2026-10-09 17:45:00,최대부하,220,1,0.0,132.378,132.378,0.0,0.0,0.0
2026-10-09 18:00:00,최대부하,220,1,0.0,158.27,158.27,0.0,0.0,0.0
2026-10-09 18:15:00,최대부하,220,1,0.0,203.446,203.446,0.0,0.0,0.0
2026-10-09 18:30:00,최대부하,220,1,0.0,200.544,200.544,0.0,0.0,0.0
2026-10-09 18:45:00,최대부하,220,1,0.0,204.748,204.748,0.0,0.0,0.0
2026-10-09 19:00:00,최대부하,220,1,0.0,202.898,202.898,0.0,0.0,0.0
2026-10-09 19:15:00,최대부하,220,1,0.0,204.345,204.345,0.0,0.0,0.0
2026-10-09 19:30:00,최대부하,220,1,0.0,213.591,213.591,0.0,0.0,0.0
2026-10-09 19:45:00,최대부하,220,1,0.0,210.014,210.014,0.0,0.0,0.0
2026-10-09 20:00:00,중간부하,140,0,0.0,210.725,210.725,0.0,0.0,0.0
2026-10-09 20:15:00,중간부하,140,0,0.0,197.949,197.949,0.0,0.0,0.0
2026-10-09 20:30:00,중간부하,140,0,0.0,189.179,189.179,0.0,0.0,0.0
2026-10-09 20:45:00,중간부하,140,0,0.0,114.285,114.285,0.0,0.0,0.0
2026-10-09 21:00:00,중간부하,140,0,0.0,60.127,60.127,0.0,0.0,0.0
2026-10-09 21:15:00,중간부하,140,0,0.0,52.508,52.508,0.0,0.0,0.0
2026-10-09 21:30:00,중간부하,140,0,0.0,46.501,46.501,0.0,0.0,0.0
2026-10-09 21:45:00,중간부하,140,0,0.0,50.834,50.834,0.0,0.0,0.0
2026-10-09 22:00:00,경부하,90,0,0.0,45.177,45.177,0.0,0.0,0.0
2026-10-09 22:15:00,경부하,90,0,0.0,38.754,38.754,0.0,0.0,0.0
2026-10-09 22:30:00,경부하,90,0,0.0,47.296,47.296,0.0,0.0,0.0
2026-10-09 22:45:00,경부하,90,0,0.0,37.343,37.343,0.0,0.0,0.0
2026-10-09 23:00:00,경부하,90,0,0.0,38.762,38.762,0.0,0.0,0.0
2026-10-09 23:15:00,경부하,90,0,0.0,46.49,46.49,0.0,0.0,0.0
2026-10-09 23:30:00,경부하,90,0,0.0,40.772,40.772,0.0,0.0,0.0
2026-10-09 23:45:00,경부하,90,0,0.0,42.482,42.482,0.0,0.0,0.0
2026-10-10 00:00:00,경부하,76,0,0.0,43.126,43.126,0.0,0.0,0.0
2026-10-10 00:15:00,경부하,76,0,0.0,40.765,40.765,0.0,0.0,0.0
2026-10-10 00:30:00,경부하,76,0,0.0,38.779,38.779,0.0,0.0,0.0
2026-10-10 00:45:00,경부하,76,0,0.0,34.83,34.83,0.0,0.0,0.0
2026-10-10 01:00:00,경부하,76,0,0.0,35.279,35.279,0.0,0.0,0.0
2026-10-10 01:15:00,경부하,76,0,0.0,25.721,25.721,0.0,0.0,0.0
2026-10-10 01:30:00,경부하,76,0,0.0,23.928,23.928,0.0,0.0,0.0
2026-10-10 01:45:00,경부하,76,0,0.0,21.462,21.462,0.0,0.0,0.0
2026-10-10 02:00:00,경부하,76,0,0.0,18.222,18.222,0.0,0.0,0.0
2026-10-10 02:15:00,경부하,76,0,0.0,20.736,20.736,0.0,0.0,0.0
2026-10-10 02:30:00,경부하,76,0,0.0,20.572,20.572,0.0,0.0,0.0
2026-10-10 02:45:00,경부하,76,0,0.0,18.598,18.598,0.0,0.0,0.0
2026-10-10 03:00:00,경부하,76,0,0.0,19.308,19.308,0.0,0.0,0.0
2026-10-10 03:15:00,경부하,76,0,0.0,20.568,20.568,0.0,0.0,0.0
2026-10-10 03:30:00,경부하,76,0,0.0,18.908,18.908,0.0,0.0,0.0
2026-10-10 03:45:00,경부하,76,0,0.0,19.745,19.745,0.0,0.0,0.0
2026-10-10 04:00:00,경부하,76,0,0.0,20.234,20.234,0.0,0.0,0.0
2026-10-10 04:15:00,경부하,76,0,0.0,18.193,18.193,0.0,0.0,0.0
2026-10-10 04:30:00,경부하,76,0,0.0,20.502,20.502,0.0,0.0,0.0
2026-10-10 04:45:00,경부하,76,0,0.0,19.883,19.883,0.0,0.0,0.0
2026-10-10 05:00:00,경부하,76,0,0.0,18.612,18.612,0.0,0.0,0.0
2026-10-10 05:15:00,경부하,76,0,0.0,20.46,20.46,0.0,0.0,0.0
2026-10-10 05:30:00,경부하,76,0,0.0,18.132,18.132,0.0,0.0,0.0
2026-10-10 05:45:00,경부하,76,0,0.0,17.727,17.727,0.0,0.0,0.0
2026-10-10 06:00:00,경부하,76,0,0.0,20.401,20.401,0.0,0.0,0.0
2026-10-10 06:15:00,경부하,76,0,0.0,18.839,18.839,0.0,0.0,0.0
2026-10-10 06:30:00,경부하,76,0,0.0,18.765,18.765,0.0,0.0,0.0
2026-10-10 06:45:00,경부하,76,0,0.0,20.345,20.345,0.0,0.0,0.0
2026-10-10 07:00:00,경부하,76,0,0.0,17.589,17.589,0.0,0.0,0.0
2026-10-10 07:15:00,경부하,76,0,0.0,16.712,16.712,0.0,0.0,0.0
2026-10-10 07:30:00,경부하,76,0,0.0,17.474,17.474,0.0,0.0,0.0
2026-10-10 07:45:00,경부하,76,0,0.0,20.316,20.316,0.0,0.0,0.0
2026-10-10 08:00:00,중간부하,119,0,0.0,89.882,89.882,0.0,0.0,0.0
2026-10-10 08:15:00,중간부하,119,0,0.0,148.489,148.489,0.0,0.0,0.0
2026-10-10 08:30:00,중간부하,119,0,0.0,139.175,139.175,0.0,0.0,0.0
2026-10-10 08:45:00,중간부하,119,0,0.0,143.964,143.964,0.0,0.0,0.0
2026-10-10 09:00:00,중간부하,119,0,0.0,151.455,151.455,0.0,0.0,0.0
2026-10-10 09:15:00,중간부하,119,0,0.0,146.051,146.051,0.0,0.0,0.0
2026-10-10 09:30:00,중간부하,119,0,0.0,142.095,142.095,0.0,0.0,0.0
2026-10-10 09:45:00,중간부하,119,0,0.0,145.035,145.035,0.0,0.0,0.0
2026-10-10 10:00:00,최대부하,187,1,0.0,145.905,145.905,0.0,0.0,0.0
2026-10-10 10:15:00,최대부하,187,1,0.0,148.066,148.066,0.0,0.0,0.0
2026-10-10 10:30:00,최대부하,187,1,0.0,147.628,147.628,0.0,0.0,0.0
2026-10-10 10:45:00,최대부하,187,1,0.0,155.062,155.062,0.0,0.0,0.0
2026-10-10 11:00:00,최대부하,187,1,0.0,142.73,142.73,0.0,0.0,0.0
2026-10-10 11:15:00,최대부하,187,1,0.0,146.409,146.409,0.0,0.0,0.0
2026-10-10 11:30:00,최대부하,187,1,0.0,145.442,145.442,0.0,0.0,0.0
2026-10-10 11:45:00,최대부하,187,1,0.0,106.313,106.313,0.0,0.0,0.0
2026-10-10 12:00:00,중간부하,119,0,0.0,25.505,25.505,0.0,0.0,0.0
2026-10-10 12:15:00,중간부하,119,0,0.0,20.312,20.312,0.0,0.0,0.0
2026-10-10 12:30:00,중간부하,119,0,0.0,20.444,20.444,0.0,0.0,0.0
2026-10-10 12:45:00,중간부하,119,0,0.0,20.73,20.73,0.0,0.0,0.0
2026-10-10 13:00:00,중간부하,119,0,0.0,74.014,74.014,0.0,0.0,0.0
2026-10-10 13:15:00,중간부하,119,0,0.0,151.325,151.325,0.0,0.0,0.0
2026-10-10 13:30:00,중간부하,119,0,0.0,151.055,151.055,0.0,0.0,0.0
2026-10-10 13:45:00,중간부하,119,0,0.0,154.525,154.525,0.0,0.0,0.0
2026-10-10 14:00:00,중간부하,119,0,0.0,145.119,145.119,0.0,0.0,0.0
2026-10-10 14:15:00,중간부하,119,0,0.0,154.367,154.367,0.0,0.0,0.0
2026-10-10 14:30:00,중간부하,119,0,0.0,151.035,151.035,0.0,0.0,0.0
2026-10-10 14:45:00,중간부하,119,0,0.0,158.344,158.344,0.0,0.0,0.0
2026-10-10 15:00:00,중간부하,119,0,0.0,153.372,153.372,0.0,0.0,0.0
2026-10-10 15:15:00,중간부하,119,0,0.0,156.283,156.283,0.0,0.0,0.0
2026-10-10 15:30:00,중간부하,119,0,0.0,163.725,163.725,0.0,0.0,0.0
2026-10-10 15:45:00,중간부하,119,0,0.0,146.872,146.872,0.0,0.0,0.0
2026-10-10 16:00:00,중간부하,119,0,0.0,153.275,153.275,0.0,0.0,0.0
2026-10-10 16:15:00,중간부하,119,0,0.0,148.156,148.156,0.0,0.0,0.0
2026-10-10 16:30:00,중간부하,119,0,0.0,140.021,140.021,0.0,0.0,0.0
2026-10-10 16:45:00,중간부하,119,0,0.0,75.312,75.312,0.0,0.0,0.0
2026-10-10 17:00:00,최대부하,187,1,0.0,38.946,38.946,0.0,0.0,0.0
2026-10-10 17:15:00,최대부하,187,1,0.0,35.028,35.028,0.0,0.0,0.0
2026-10-10 17:30:00,최대부하,187,1,0.0,33.513,33.513,0.0,0.0,0.0
2026-10-10 17:45:00,최대부하,187,1,0.0,34.641,34.641,0.0,0.0,0.0
2026-10-10 18:00:00,최대부하,187,1,0.0,31.698,31.698,0.0,0.0,0.0
2026-10-10 18:15:00,최대부하,187,1,0.0,31.564,31.564,0.0,0.0,0.0
2026-10-10 18:30:00,최대부하,187,1,0.0,28.671,28.671,0.0,0.0,0.0
2026-10-10 18:45:00,최대부하,187,1,0.0,31.088,31.088,0.0,0.0,0.0
2026-10-10 19:00:00,최대부하,187,1,0.0,28.996,28.996,0.0,0.0,0.0
2026-10-10 19:15:00,최대부하,187,1,0.0,26.009,26.009,0.0,0.0,0.0
2026-10-10 19:30:00,최대부하,187,1,0.0,29.461,29.461,0.0,0.0,0.0
2026-10-10 19:45:00,최대부하,187,1,0.0,29.867,29.867,0.0,0.0,0.0
2026-10-10 20:00:00,중간부하,119,0,0.0,29.556,29.556,0.0,0.0,0.0
2026-10-10 20:15:00,중간부하,119,0,0.0,28.473,28.473,0.0,0.0,0.0
2026-10-10 20:30:00,중간부하,119,0,0.0,26.323,26.323,0.0,0.0,0.0
2026-10-10 20:45:00,중간부하,119,0,0.0,25.864,25.864,0.0,0.0,0.0
2026-10-10 21:00:00,중간부하,119,0,0.0,26.016,26.016,0.0,0.0,0.0
2026-10-10 21:15:00,중간부하,119,0,0.0,25.37,25.37,0.0,0.0,0.0
2026-10-10 21:30:00,중간부하,119,0,0.0,26.457,26.457,0.0,0.0,0.0
2026-10-10 21:45:00,중간부하,119,0,0.0,23.398,23.398,0.0,0.0,0.0
2026-10-10 22:00:00,경부하,76,0,0.0,25.642,25.642,0.0,0.0,0.0
2026-10-10 22:15:00,경부하,76,0,0.0,24.288,24.288,0.0,0.0,0.0
2026-10-10 22:30:00,경부하,76,0,0.0,24.244,24.244,0.0,0.0,0.0
2026-10-10 22:45:00,경부하,76,0,0.0,23.669,23.669,0.0,0.0,0.0
2026-10-10 23:00:00,경부하,76,0,0.0,23.612,23.612,0.0,0.0,0.0
2026-10-10 23:15:00,경부하,76,0,0.0,23.451,23.451,0.0,0.0,0.0
2026-10-10 23:30:00,경부하,76,0,0.0,22.961,22.961,0.0,0.0,0.0
2026-10-10 23:45:00,경부하,76,0,0.0,21.873,21.873,0.0,0.0,0.0
2026-10-11 00:00:00,경부하,76,0,0.0,22.248,22.248,0.0,0.0,0.0
2026-10-11 00:15:00,경부하,76,0,0.0,21.832,21.832,0.0,0.0,0.0
2026-10-11 00:30:00,경부하,76,0,0.0,19.921,19.921,0.0,0.0,0.0
2026-10-11 00:45:00,경부하,76,0,0.0,20.232,20.232,0.0,0.0,0.0
2026-10-11 01:00:00,경부하,76,0,0.0,17.288,17.288,0.0,0.0,0.0
2026-10-11 01:15:00,경부하,76,0,0.0,15.905,15.905,0.0,0.0,0.0
2026-10-11 01:30:00,경부하,76,0,0.0,15.657,15.657,0.0,0.0,0.0
2026-10-11 01:45:00,경부하,76,0,0.0,15.828,15.828,0.0,0.0,0.0
2026-10-11 02:00:00,경부하,76,0,0.0,15.318,15.318,0.0,0.0,0.0
2026-10-11 02:15:00,경부하,76,0,0.0,15.278,15.278,0.0,0.0,0.0
2026-10-11 02:30:00,경부하,76,0,0.0,15.838,15.838,0.0,0.0,0.0
2026-10-11 02:45:00,경부하,76,0,0.0,15.985,15.985,0.0,0.0,0.0
2026-10-11 03:00:00,경부하,76,0,0.0,15.722,15.722,0.0,0.0,0.0
2026-10-11 03:15:00,경부하,76,0,0.0,15.743,15.743,0.0,0.0,0.0
2026-10-11 03:30:00,경부하,76,0,0.0,15.731,15.731,0.0,0.0,0.0
2026-10-11 03:45:00,경부하,76,0,0.0,15.575,15.575,0.0,0.0,0.0
2026-10-11 04:00:00,경부하,76,0,0.0,15.706,15.706,0.0,0.0,0.0
2026-10-11 04:15:00,경부하,76,0,0.0,15.354,15.354,0.0,0.0,0.0
2026-10-11 04:30:00,경부하,76,0,0.0,15.713,15.713,0.0,0.0,0.0
2026-10-11 04:45:00,경부하,76,0,0.0,15.895,15.895,0.0,0.0,0.0
2026-10-11 05:00:00,경부하,76,0,0.0,15.068,15.068,0.0,0.0,0.0
2026-10-11 05:15:00,경부하,76,0,0.0,14.018,14.018,0.0,0.0,0.0
2026-10-11 05:30:00,경부하,76,0,0.0,12.866,12.866,0.0,0.0,0.0
2026-10-11 05:45:00,경부하,76,0,0.0,12.792,12.792,0.0,0.0,0.0
2026-10-11 06:00:00,경부하,76,0,0.0,12.713,12.713,0.0,0.0,0.0
2026-10-11 06:15:00,경부하,76,0,0.0,12.64,12.64,0.0,0.0,0.0
2026-10-11 06:30:00,경부하,76,0,0.0,12.932,12.932,0.0,0.0,0.0
2026-10-11 06:45:00,경부하,76,0,0.0,12.771,12.771,0.0,0.0,0.0
2026-10-11 07:00:00,경부하,76,0,0.0,12.516,12.516,0.0,0.0,0.0
2026-10-11 07:15:00,경부하,76,0,0.0,12.54,12.54,0.0,0.0,0.0
2026-10-11 07:30:00,경부하,76,0,0.0,12.668,12.668,0.0,0.0,0.0
2026-10-11 07:45:00,경부하,76,0,0.0,14.532,14.532,0.0,0.0,0.0
2026-10-11 08:00:00,중간부하,119,0,0.0,42.572,42.572,0.0,0.0,0.0
2026-10-11 08:15:00,중간부하,119,0,0.0,65.489,65.489,0.0,0.0,0.0
2026-10-11 08:30:00,중간부하,119,0,0.0,60.635,60.635,0.0,0.0,0.0
2026-10-11 08:45:00,중간부하,119,0,0.0,65.008,65.008,0.0,0.0,0.0
2026-10-11 09:00:00,중간부하,119,0,0.0,60.27,60.27,0.0,0.0,0.0
2026-10-11 09:15:00,중간부하,119,0,0.0,63.161,63.161,0.0,0.0,0.0
2026-10-11 09:30:00,중간부하,119,0,0.0,68.01,68.01,0.0,0.0,0.0
2026-10-11 09:45:00,중간부하,119,0,0.0,62.445,62.445,0.0,0.0,0.0
2026-10-11 10:00:00,최대부하,187,1,0.0,64.752,64.752,0.0,0.0,0.0
2026-10-11 10:15:00,최대부하,187,1,0.0,64.89,64.89,0.0,0.0,0.0
2026-10-11 10:30:00,최대부하,187,1,0.0,64.339,64.339,0.0,0.0,0.0
2026-10-11 10:45:00,최대부하,187,1,0.0,62.242,62.242,0.0,0.0,0.0
2026-10-11 11:00:00,최대부하,187,1,0.0,66.597,66.597,0.0,0.0,0.0
2026-10-11 11:15:00,최대부하,187,1,0.0,62.407,62.407,0.0,0.0,0.0
2026-10-11 11:30:00,최대부하,187,1,0.0,64.188,64.188,0.0,0.0,0.0
2026-10-11 11:45:00,최대부하,187,1,0.0,41.472,41.472,0.0,0.0,0.0
2026-10-11 12:00:00,중간부하,119,0,0.0,16.96,16.96,0.0,0.0,0.0
2026-10-11 12:15:00,중간부하,119,0,0.0,16.848,16.848,0.0,0.0,0.0
2026-10-11 12:30:00,중간부하,119,0,0.0,16.795,16.795,0.0,0.0,0.0
2026-10-11 12:45:00,중간부하,119,0,0.0,16.46,16.46,0.0,0.0,0.0
2026-10-11 13:00:00,중간부하,119,0,0.0,37.534,37.534,0.0,0.0,0.0
2026-10-11 13:15:00,중간부하,119,0,0.0,67.28,67.28,0.0,0.0,0.0
2026-10-11 13:30:00,중간부하,119,0,0.0,61.742,61.742,0.0,0.0,0.0
2026-10-11 13:45:00,중간부하,119,0,0.0,62.418,62.418,0.0,0.0,0.0
2026-10-11 14:00:00,중간부하,119,0,0.0,59.25,59.25,0.0,0.0,0.0
2026-10-11 14:15:00,중간부하,119,0,0.0,59.904,59.904,0.0,0.0,0.0
2026-10-11 14:30:00,중간부하,119,0,0.0,59.657,59.657,0.0,0.0,0.0
2026-10-11 14:45:00,중간부하,119,0,0.0,58.42,58.42,0.0,0.0,0.0
2026-10-11 15:00:00,중간부하,119,0,0.0,57.632,57.632,0.0,0.0,0.0
2026-10-11 15:15:00,중간부하,119,0,0.0,57.97,57.97,0.0,0.0,0.0
2026-10-11 15:30:00,중간부하,119,0,0.0,57.804,57.804,0.0,0.0,0.0
2026-10-11 15:45:00,중간부하,119,0,0.0,57.182,57.182,0.0,0.0,0.0
2026-10-11 16:00:00,중간부하,119,0,0.0,57.992,57.992,0.0,0.0,0.0
2026-10-11 16:15:00,중간부하,119,0,0.0,52.412,52.412,0.0,0.0,0.0
2026-10-11 16:30:00,중간부하,119,0,0.0,47.272,47.272,0.0,0.0,0.0
2026-10-11 16:45:00,중간부하,119,0,0.0,25.923,25.923,0.0,0.0,0.0
2026-10-11 17:00:00,최대부하,187,1,0.0,20.468,20.468,0.0,0.0,0.0
2026-10-11 17:15:00,최대부하,187,1,0.0,20.326,20.326,0.0,0.0,0.0
2026-10-11 17:30:00,최대부하,187,1,0.0,19.438,19.438,0.0,0.0,0.0
2026-10-11 17:45:00,최대부하,187,1,0.0,18.378,18.378,0.0,0.0,0.0
2026-10-11 18:00:00,최대부하,187,1,0.0,18.608,18.608,0.0,0.0,0.0
2026-10-11 18:15:00,최대부하,187,1,0.0,18.747,18.747,0.0,0.0,0.0
2026-10-11 18:30:00,최대부하,187,1,0.0,19.018,19.018,0.0,0.0,0.0
2026-10-11 18:45:00,최대부하,187,1,0.0,19.511,19.511,0.0,0.0,0.0
2026-10-11 19:00:00,최대부하,187,1,0.0,19.579,19.579,0.0,0.0,0.0
2026-10-11 19:15:00,최대부하,187,1,0.0,19.396,19.396,0.0,0.0,0.0
2026-10-11 19:30:00,최대부하,187,1,0.0,19.217,19.217,0.0,0.0,0.0
2026-10-11 19:45:00,최대부하,187,1,0.0,19.61,19.61,0.0,0.0,0.0
2026-10-11 20:00:00,중간부하,119,0,0.0,19.327,19.327,0.0,0.0,0.0
2026-10-11 20:15:00,중간부하,119,0,0.0,19.314,19.314,0.0,0.0,0.0
2026-10-11 20:30:00,중간부하,119,0,0.0,19.325,19.325,0.0,0.0,0.0
2026-10-11 20:45:00,중간부하,119,0,0.0,16.784,16.784,0.0,0.0,0.0
2026-10-11 21:00:00,중간부하,119,0,0.0,16.109,16.109,0.0,0.0,0.0
2026-10-11 21:15:00,중간부하,119,0,0.0,15.985,15.985,0.0,0.0,0.0
2026-10-11 21:30:00,중간부하,119,0,0.0,15.941,15.941,0.0,0.0,0.0
2026-10-11 21:45:00,중간부하,119,0,0.0,15.938,15.938,0.0,0.0,0.0
2026-10-11 22:00:00,경부하,76,0,0.0,15.539,15.539,0.0,0.0,0.0
2026-10-11 22:15:00,경부하,76,0,0.0,13.565,13.565,0.0,0.0,0.0
2026-10-11 22:30:00,경부하,76,0,0.0,12.806,12.806,0.0,0.0,0.0
2026-10-11 22:45:00,경부하,76,0,0.0,13.003,13.003,0.0,0.0,0.0
2026-10-11 23:00:00,경부하,76,0,0.0,12.68,12.68,0.0,0.0,0.0
2026-10-11 23:15:00,경부하,76,0,0.0,12.646,12.646,0.0,0.0,0.0
2026-10-11 23:30:00,경부하,76,0,0.0,12.673,12.673,0.0,0.0,0.0
2026-10-11 23:45:00,경부하,76,0,0.0,12.833,12.833,0.0,0.0,0.0
2026-10-12 00:00:00,경부하,90,0,0.0,12.85,12.85,0.0,0.0,0.0
2026-10-12 00:15:00,경부하,90,0,0.0,12.956,12.956,0.0,0.0,0.0
2026-10-12 00:30:00,경부하,90,0,0.0,13.035,13.035,0.0,0.0,0.0
2026-10-12 00:45:00,경부하,90,0,0.0,13.085,13.085,0.0,0.0,0.0
2026-10-12 01:00:00,경부하,90,0,0.0,12.997,12.997,0.0,0.0,0.0
2026-10-12 01:15:00,경부하,90,0,0.0,12.794,12.794,0.0,0.0,0.0
2026-10-12 01:30:00,경부하,90,0,0.0,13.008,13.008,0.0,0.0,0.0
2026-10-12 01:45:00,경부하,90,0,0.0,12.882,12.882,0.0,0.0,0.0
2026-10-12 02:00:00,경부하,90,0,0.0,12.63,12.63,0.0,0.0,0.0
2026-10-12 02:15:00,경부하,90,0,0.0,12.98,12.98,0.0,0.0,0.0
2026-10-12 02:30:00,경부하,90,0,0.0,13.34,13.34,0.0,0.0,0.0
2026-10-12 02:45:00,경부하,90,0,0.0,12.99,12.99,0.0,0.0,0.0
2026-10-12 03:00:00,경부하,90,0,0.0,12.848,12.848,0.0,0.0,0.0
2026-10-12 03:15:00,경부하,90,0,0.0,12.751,12.751,0.0,0.0,0.0
2026-10-12 03:30:00,경부하,90,0,0.0,12.724,12.724,0.0,0.0,0.0
2026-10-12 03:45:00,경부하,90,0,0.0,12.756,12.756,0.0,0.0,0.0
2026-10-12 04:00:00,경부하,90,0,0.0,12.845,12.845,0.0,0.0,0.0
2026-10-12 04:15:00,경부하,90,0,0.0,12.782,12.782,0.0,0.0,0.0
2026-10-12 04:30:00,경부하,90,0,0.0,12.925,12.925,0.0,0.0,0.0
2026-10-12 04:45:00,경부하,90,0,0.0,12.878,12.878,0.0,0.0,0.0
2026-10-12 05:00:00,경부하,90,0,0.0,12.779,12.779,0.0,0.0,0.0
2026-10-12 05:15:00,경부하,90,0,0.0,12.618,12.618,0.0,0.0,0.0
2026-10-12 05:30:00,경부하,90,0,0.0,12.798,12.798,0.0,0.0,0.0
2026-10-12 05:45:00,경부하,90,0,0.0,12.466,12.466,0.0,0.0,0.0
2026-10-12 06:00:00,경부하,90,0,0.0,12.367,12.367,0.0,0.0,0.0
2026-10-12 06:15:00,경부하,90,0,0.0,12.623,12.623,0.0,0.0,0.0
2026-10-12 06:30:00,경부하,90,0,0.0,12.895,12.895,0.0,0.0,0.0
2026-10-12 06:45:00,경부하,90,0,0.0,12.731,12.731,0.0,0.0,0.0
2026-10-12 07:00:00,경부하,90,0,0.0,13.008,13.008,0.0,0.0,0.0
2026-10-12 07:15:00,경부하,90,0,0.0,15.638,15.638,0.0,0.0,0.0
2026-10-12 07:30:00,경부하,90,0,0.0,17.853,17.853,0.0,0.0,0.0
2026-10-12 07:45:00,경부하,90,0,0.0,20.112,20.112,0.0,0.0,0.0
2026-10-12 08:00:00,중간부하,140,0,0.0,114.752,114.752,0.0,0.0,0.0
2026-10-12 08:15:00,중간부하,140,0,0.0,251.374,251.374,0.0,0.0,0.0
2026-10-12 08:30:00,중간부하,140,0,0.0,265.695,265.695,0.0,0.0,0.0
2026-10-12 08:45:00,중간부하,140,0,0.0,276.251,276.251,0.0,0.0,0.0
2026-10-12 09:00:00,중간부하,140,0,0.0,280.412,280.412,0.0,0.0,0.0
2026-10-12 09:15:00,중간부하,140,0,0.0,266.788,266.788,0.0,0.0,0.0
2026-10-12 09:30:00,중간부하,140,0,0.0,285.483,285.483,0.0,0.0,0.0
2026-10-12 09:45:00,중간부하,140,0,0.0,277.985,277.985,0.0,0.0,0.0
2026-10-12 10:00:00,최대부하,220,1,0.0,259.021,259.021,0.0,0.0,0.0
2026-10-12 10:15:00,최대부하,220,1,0.0,269.785,269.785,0.0,0.0,0.0
2026-10-12 10:30:00,최대부하,220,1,0.0,263.931,263.931,0.0,0.0,0.0
2026-10-12 10:45:00,최대부하,220,1,0.0,271.781,271.781,0.0,0.0,0.0
2026-10-12 11:00:00,최대부하,220,1,0.0,284.783,284.783,0.0,0.0,0.0
2026-10-12 11:15:00,최대부하,220,1,0.0,271.371,271.371,0.0,0.0,0.0
2026-10-12 11:30:00,최대부하,220,1,0.0,278.232,278.232,0.0,0.0,0.0
2026-10-12 11:45:00,최대부하,220,1,0.0,252.95,252.95,0.0,0.0,0.0
2026-10-12 12:00:00,중간부하,140,0,0.0,43.005,43.005,0.0,0.0,0.0
2026-10-12 12:15:00,중간부하,140,0,0.0,28.669,28.669,0.0,0.0,0.0
2026-10-12 12:30:00,중간부하,140,0,0.0,27.18,27.18,0.0,0.0,0.0
2026-10-12 12:45:00,중간부하,140,0,0.0,27.192,27.192,0.0,0.0,0.0
2026-10-12 13:00:00,중간부하,140,0,0.0,189.26,189.26,0.0,0.0,0.0
2026-10-12 13:15:00,중간부하,140,0,0.0,278.242,278.242,0.0,0.0,0.0
2026-10-12 13:30:00,중간부하,140,0,0.0,289.083,289.083,0.0,0.0,0.0
2026-10-12 13:45:00,중간부하,140,0,0.0,283.115,283.115,0.0,0.0,0.0
2026-10-12 14:00:00,중간부하,140,0,0.0,280.602,280.602,0.0,0.0,0.0
2026-10-12 14:15:00,중간부하,140,0,0.0,281.37,281.37,0.0,0.0,0.0
2026-10-12 14:30:00,중간부하,140,0,0.0,269.744,269.744,0.0,0.0,0.0
2026-10-12 14:45:00,중간부하,140,0,0.0,265.072,265.072,0.0,0.0,0.0
2026-10-12 15:00:00,중간부하,140,0,0.0,267.761,267.761,0.0,0.0,0.0
2026-10-12 15:15:00,중간부하,140,0,0.0,261.191,261.191,0.0,0.0,0.0
2026-10-12 15:30:00,중간부하,140,0,0.0,274.968,274.968,0.0,0.0,0.0
2026-10-12 15:45:00,중간부하,140,0,0.0,276.381,276.381,0.0,0.0,0.0
2026-10-12 16:00:00,중간부하,140,0,0.0,265.951,265.951,0.0,0.0,0.0
2026-10-12 16:15:00,중간부하,140,0,0.0,262.306,262.306,0.0,0.0,0.0
2026-10-12 16:30:00,중간부하,140,0,0.0,274.065,274.065,0.0,0.0,0.0
2026-10-12 16:45:00,중간부하,140,0,0.0,275.57,275.57,0.0,0.0,0.0
2026-10-12 17:00:00,최대부하,220,1,0.0,256.761,256.761,0.0,0.0,0.0
2026-10-12 17:15:00,최대부하,220,1,0.0,251.72,251.72,0.0,0.0,0.0
2026-10-12 17:30:00,최대부하,220,1,0.0,144.286,144.286,0.0,0.0,0.0
2026-10-12 17:45:00,최대부하,220,1,0.0,128.107,128.107,0.0,0.0,0.0
2026-10-12 18:00:00,최대부하,220,1,0.0,165.557,165.557,0.0,0.0,0.0
2026-10-12 18:15:00,최대부하,220,1,0.0,207.442,207.442,0.0,0.0,0.0
2026-10-12 18:30:00,최대부하,220,1,0.0,218.337,218.337,0.0,0.0,0.0
2026-10-12 18:45:00,최대부하,220,1,0.0,210.851,210.851,0.0,0.0,0.0
2026-10-12 19:00:00,최대부하,220,1,0.0,209.525,209.525,0.0,0.0,0.0
2026-10-12 19:15:00,최대부하,220,1,0.0,221.882,221.882,0.0,0.0,0.0
2026-10-12 19:30:00,최대부하,220,1,0.0,222.524,222.524,0.0,0.0,0.0
2026-10-12 19:45:00,최대부하,220,1,0.0,220.453,220.453,0.0,0.0,0.0
2026-10-12 20:00:00,중간부하,140,0,0.0,223.052,223.052,0.0,0.0,0.0
2026-10-12 20:15:00,중간부하,140,0,0.0,214.365,214.365,0.0,0.0,0.0
2026-10-12 20:30:00,중간부하,140,0,0.0,191.101,191.101,0.0,0.0,0.0
2026-10-12 20:45:00,중간부하,140,0,0.0,132.022,132.022,0.0,0.0,0.0
2026-10-12 21:00:00,중간부하,140,0,0.0,57.185,57.185,0.0,0.0,0.0
2026-10-12 21:15:00,중간부하,140,0,0.0,44.256,44.256,0.0,0.0,0.0
2026-10-12 21:30:00,중간부하,140,0,0.0,44.252,44.252,0.0,0.0,0.0
2026-10-12 21:45:00,중간부하,140,0,0.0,44.954,44.954,0.0,0.0,0.0
2026-10-12 22:00:00,경부하,90,0,0.0,48.264,48.264,0.0,0.0,0.0
2026-10-12 22:15:00,경부하,90,0,0.0,38.911,38.911,0.0,0.0,0.0
2026-10-12 22:30:00,경부하,90,0,0.0,36.838,36.838,0.0,0.0,0.0
2026-10-12 22:45:00,경부하,90,0,0.0,34.514,34.514,0.0,0.0,0.0
2026-10-12 23:00:00,경부하,90,0,0.0,34.921,34.921,0.0,0.0,0.0
2026-10-12 23:15:00,경부하,90,0,0.0,36.772,36.772,0.0,0.0,0.0
2026-10-12 23:30:00,경부하,90,0,0.0,34.484,34.484,0.0,0.0,0.0
2026-10-12 23:45:00,경부하,90,0,0.0,36.675,36.675,0.0,0.0,0.0
2026-10-13 00:00:00,경부하,90,0,0.0,36.114,36.114,0.0,0.0,0.0
2026-10-13 00:15:00,경부하,90,0,0.0,39.337,39.337,0.0,0.0,0.0
2026-10-13 00:30:00,경부하,90,0,0.0,37.004,37.004,0.0,0.0,0.0
2026-10-13 00:45:00,경부하,90,0,0.0,41.599,41.599,0.0,0.0,0.0
2026-10-13 01:00:00,경부하,90,0,0.0,35.127,35.127,0.0,0.0,0.0
2026-10-13 01:15:00,경부하,90,0,0.0,24.466,24.466,0.0,0.0,0.0
2026-10-13 01:30:00,경부하,90,0,0.0,17.961,17.961,0.0,0.0,0.0
2026-10-13 01:45:00,경부하,90,0,0.0,17.045,17.045,0.0,0.0,0.0
2026-10-13 02:00:00,경부하,90,0,0.0,17.12,17.12,0.0,0.0,0.0
2026-10-13 02:15:00,경부하,90,0,0.0,17.022,17.022,0.0,0.0,0.0
2026-10-13 02:30:00,경부하,90,0,0.0,16.892,16.892,0.0,0.0,0.0
2026-10-13 02:45:00,경부하,90,0,0.0,16.721,16.721,0.0,0.0,0.0
2026-10-13 03:00:00,경부하,90,0,0.0,16.683,16.683,0.0,0.0,0.0
2026-10-13 03:15:00,경부하,90,0,0.0,16.655,16.655,0.0,0.0,0.0
2026-10-13 03:30:00,경부하,90,0,0.0,16.456,16.456,0.0,0.0,0.0
2026-10-13 03:45:00,경부하,90,0,0.0,16.764,16.764,0.0,0.0,0.0
2026-10-13 04:00:00,경부하,90,0,0.0,16.588,16.588,0.0,0.0,0.0
2026-10-13 04:15:00,경부하,90,0,0.0,16.348,16.348,0.0,0.0,0.0
2026-10-13 04:30:00,경부하,90,0,0.0,16.541,16.541,0.0,0.0,0.0
2026-10-13 04:45:00,경부하,90,0,0.0,16.217,16.217,0.0,0.0,0.0
2026-10-13 05:00:00,경부하,90,0,0.0,16.445,16.445,0.0,0.0,0.0
2026-10-13 05:15:00,경부하,90,0,0.0,16.532,16.532,0.0,0.0,0.0
2026-10-13 05:30:00,경부하,90,0,0.0,16.422,16.422,0.0,0.0,0.0
2026-10-13 05:45:00,경부하,90,0,0.0,16.698,16.698,0.0,0.0,0.0
2026-10-13 06:00:00,경부하,90,0,0.0,16.323,16.323,0.0,0.0,0.0
2026-10-13 06:15:00,경부하,90,0,0.0,16.122,16.122,0.0,0.0,0.0
2026-10-13 06:30:00,경부하,90,0,0.0,16.009,16.009,0.0,0.0,0.0
2026-10-13 06:45:00,경부하,90,0,0.0,15.721,15.721,0.0,0.0,0.0
2026-10-13 07:00:00,경부하,90,0,0.0,16.168,16.168,0.0,0.0,0.0
2026-10-13 07:15:00,경부하,90,0,0.0,18.227,18.227,0.0,0.0,0.0
2026-10-13 07:30:00,경부하,90,0,0.0,21.363,21.363,0.0,0.0,0.0
2026-10-13 07:45:00,경부하,90,0,0.0,29.263,29.263,0.0,0.0,0.0
2026-10-13 08:00:00,중간부하,140,0,0.0,151.495,151.495,0.0,0.0,0.0
2026-10-13 08:15:00,중간부하,140,0,0.0,243.643,243.643,0.0,0.0,0.0
2026-10-13 08:30:00,중간부하,140,0,0.0,265.412,265.412,0.0,0.0,0.0
2026-10-13 08:45:00,중간부하,140,0,0.0,290.912,290.912,0.0,0.0,0.0
2026-10-13 09:00:00,중간부하,140,0,0.0,279.681,279.681,0.0,0.0,0.0
2026-10-13 09:15:00,중간부하,140,0,0.0,283.746,283.746,0.0,0.0,0.0
2026-10-13 09:30:00,중간부하,140,0,0.0,279.415,279.415,0.0,0.0,0.0
2026-10-13 09:45:00,중간부하,140,0,0.0,272.546,272.546,0.0,0.0,0.0
2026-10-13 10:00:00,최대부하,220,1,0.0,265.441,265.441,0.0,0.0,0.0
2026-10-13 10:15:00,최대부하,220,1,0.0,261.782,261.782,0.0,0.0,0.0
2026-10-13 10:30:00,최대부하,220,1,0.0,275.664,275.664,0.0,0.0,0.0
2026-10-13 10:45:00,최대부하,220,1,0.0,266.892,266.892,0.0,0.0,0.0
2026-10-13 11:00:00,최대부하,220,1,0.0,287.107,287.107,0.0,0.0,0.0
2026-10-13 11:15:00,최대부하,220,1,0.0,284.135,284.135,0.0,0.0,0.0
2026-10-13 11:30:00,최대부하,220,1,0.0,276.332,276.332,0.0,0.0,0.0
2026-10-13 11:45:00,최대부하,220,1,0.0,273.556,273.556,0.0,0.0,0.0
2026-10-13 12:00:00,중간부하,140,0,0.0,46.767,46.767,0.0,0.0,0.0
2026-10-13 12:15:00,중간부하,140,0,0.0,27.72,27.72,0.0,0.0,0.0
2026-10-13 12:30:00,중간부하,140,0,0.0,26.774,26.774,0.0,0.0,0.0
2026-10-13 12:45:00,중간부하,140,0,0.0,27.928,27.928,0.0,0.0,0.0
2026-10-13 13:00:00,중간부하,140,0,0.0,182.489,182.489,0.0,0.0,0.0
2026-10-13 13:15:00,중간부하,140,0,0.0,285.736,285.736,0.0,0.0,0.0
2026-10-13 13:30:00,중간부하,140,0,0.0,286.145,286.145,0.0,0.0,0.0
2026-10-13 13:45:00,중간부하,140,0,0.0,279.957,279.957,0.0,0.0,0.0
2026-10-13 14:00:00,중간부하,140,0,0.0,264.714,264.714,0.0,0.0,0.0
2026-10-13 14:15:00,중간부하,140,0,0.0,274.39,274.39,0.0,0.0,0.0
2026-10-13 14:30:00,중간부하,140,0,0.0,268.019,268.019,0.0,0.0,0.0
2026-10-13 14:45:00,중간부하,140,0,0.0,270.076,270.076,0.0,0.0,0.0
2026-10-13 15:00:00,중간부하,140,0,0.0,262.217,262.217,0.0,0.0,0.0
2026-10-13 15:15:00,중간부하,140,0,0.0,268.865,268.865,0.0,0.0,0.0
2026-10-13 15:30:00,중간부하,140,0,0.0,285.578,285.578,0.0,0.0,0.0
2026-10-13 15:45:00,중간부하,140,0,0.0,277.58,277.58,0.0,0.0,0.0
2026-10-13 16:00:00,중간부하,140,0,0.0,278.23,278.23,0.0,0.0,0.0
2026-10-13 16:15:00,중간부하,140,0,0.0,276.398,276.398,0.0,0.0,0.0
2026-10-13 16:30:00,중간부하,140,0,0.0,285.036,285.036,0.0,0.0,0.0
2026-10-13 16:45:00,중간부하,140,0,0.0,281.371,281.371,0.0,0.0,0.0
2026-10-13 17:00:00,최대부하,220,1,0.0,269.065,269.065,0.0,0.0,0.0
2026-10-13 17:15:00,최대부하,220,1,0.0,257.127,257.127,0.0,0.0,0.0
2026-10-13 17:30:00,최대부하,220,1,0.0,158.167,158.167,0.0,0.0,0.0
2026-10-13 17:45:00,최대부하,220,1,0.0,133.933,133.933,0.0,0.0,0.0
2026-10-13 18:00:00,최대부하,220,1,0.0,173.995,173.995,0.0,0.0,0.0
2026-10-13 18:15:00,최대부하,220,1,0.0,228.677,228.677,0.0,0.0,0.0
2026-10-13 18:30:00,최대부하,220,1,0.0,221.255,221.255,0.0,0.0,0.0
2026-10-13 18:45:00,최대부하,220,1,0.0,225.055,225.055,0.0,0.0,0.0
2026-10-13 19:00:00,최대부하,220,1,0.0,215.646,215.646,0.0,0.0,0.0
2026-10-13 19:15:00,최대부하,220,1,0.0,224.292,224.292,0.0,0.0,0.0
2026-10-13 19:30:00,최대부하,220,1,0.0,224.765,224.765,0.0,0.0,0.0
2026-10-13 19:45:00,최대부하,220,1,0.0,220.343,220.343,0.0,0.0,0.0
2026-10-13 20:00:00,중간부하,140,0,0.0,217.295,217.295,0.0,0.0,0.0
2026-10-13 20:15:00,중간부하,140,0,0.0,232.438,232.438,0.0,0.0,0.0
2026-10-13 20:30:00,중간부하,140,0,0.0,202.0,202.0,0.0,0.0,0.0
2026-10-13 20:45:00,중간부하,140,0,0.0,123.442,123.442,0.0,0.0,0.0
2026-10-13 21:00:00,중간부하,140,0,0.0,54.756,54.756,0.0,0.0,0.0
2026-10-13 21:15:00,중간부하,140,0,0.0,47.072,47.072,0.0,0.0,0.0
2026-10-13 21:30:00,중간부하,140,0,0.0,44.078,44.078,0.0,0.0,0.0
2026-10-13 21:45:00,중간부하,140,0,0.0,40.455,40.455,0.0,0.0,0.0
2026-10-13 22:00:00,경부하,90,0,0.0,40.695,40.695,0.0,0.0,0.0
2026-10-13 22:15:00,경부하,90,0,0.0,44.449,44.449,0.0,0.0,0.0
2026-10-13 22:30:00,경부하,90,0,0.0,41.861,41.861,0.0,0.0,0.0
2026-10-13 22:45:00,경부하,90,0,0.0,41.546,41.546,0.0,0.0,0.0
2026-10-13 23:00:00,경부하,90,0,0.0,42.38,42.38,0.0,0.0,0.0
2026-10-13 23:15:00,경부하,90,0,0.0,40.47,40.47,0.0,0.0,0.0
2026-10-13 23:30:00,경부하,90,0,0.0,38.335,38.335,0.0,0.0,0.0
2026-10-13 23:45:00,경부하,90,0,0.0,38.911,38.911,0.0,0.0,0.0
2026-10-14 00:00:00,경부하,90,0,0.0,37.418,37.418,0.0,0.0,0.0
2026-10-14 00:15:00,경부하,90,0,0.0,40.035,40.035,0.0,0.0,0.0
2026-10-14 00:30:00,경부하,90,0,0.0,40.663,40.663,0.0,0.0,0.0
2026-10-14 00:45:00,경부하,90,0,0.0,40.911,40.911,0.0,0.0,0.0
2026-10-14 01:00:00,경부하,90,0,0.0,33.475,33.475,0.0,0.0,0.0
2026-10-14 01:15:00,경부하,90,0,0.0,22.947,22.947,0.0,0.0,0.0
2026-10-14 01:30:00,경부하,90,0,0.0,19.222,19.222,0.0,0.0,0.0
2026-10-14 01:45:00,경부하,90,0,0.0,18.318,18.318,0.0,0.0,0.0
2026-10-14 02:00:00,경부하,90,0,0.0,18.12,18.12,0.0,0.0,0.0
2026-10-14 02:15:00,경부하,90,0,0.0,18.145,18.145,0.0,0.0,0.0
2026-10-14 02:30:00,경부하,90,0,0.0,18.082,18.082,0.0,0.0,0.0
2026-10-14 02:45:00,경부하,90,0,0.0,17.741,17.741,0.0,0.0,0.0
2026-10-14 03:00:00,경부하,90,0,0.0,18.025,18.025,0.0,0.0,0.0
2026-10-14 03:15:00,경부하,90,0,0.0,18.775,18.775,0.0,0.0,0.0
2026-10-14 03:30:00,경부하,90,0,0.0,18.358,18.358,0.0,0.0,0.0
2026-10-14 03:45:00,경부하,90,0,0.0,17.994,17.994,0.0,0.0,0.0
2026-10-14 04:00:00,경부하,90,0,0.0,18.013,18.013,0.0,0.0,0.0
2026-10-14 04:15:00,경부하,90,0,0.0,17.742,17.742,0.0,0.0,0.0
2026-10-14 04:30:00,경부하,90,0,0.0,17.35,17.35,0.0,0.0,0.0
2026-10-14 04:45:00,경부하,90,0,0.0,17.128,17.128,0.0,0.0,0.0
2026-10-14 05:00:00,경부하,90,0,0.0,17.232,17.232,0.0,0.0,0.0
2026-10-14 05:15:00,경부하,90,0,0.0,17.455,17.455,0.0,0.0,0.0
2026-10-14 05:30:00,경부하,90,0,0.0,17.556,17.556,0.0,0.0,0.0
2026-10-14 05:45:00,경부하,90,0,0.0,17.41,17.41,0.0,0.0,0.0
2026-10-14 06:00:00,경부하,90,0,0.0,17.809,17.809,0.0,0.0,0.0
2026-10-14 06:15:00,경부하,90,0,0.0,17.996,17.996,0.0,0.0,0.0
2026-10-14 06:30:00,경부하,90,0,0.0,17.65,17.65,0.0,0.0,0.0
2026-10-14 06:45:00,경부하,90,0,0.0,17.578,17.578,0.0,0.0,0.0
2026-10-14 07:00:00,경부하,90,0,0.0,17.262,17.262,0.0,0.0,0.0
2026-10-14 07:15:00,경부하,90,0,0.0,19.424,19.424,0.0,0.0,0.0
2026-10-14 07:30:00,경부하,90,0,0.0,24.39,24.39,0.0,0.0,0.0
2026-10-14 07:45:00,경부하,90,0,0.0,31.34,31.34,0.0,0.0,0.0
2026-10-14 08:00:00,중간부하,140,0,0.0,159.069,159.069,0.0,0.0,0.0
2026-10-14 08:15:00,중간부하,140,0,0.0,269.942,269.942,0.0,0.0,0.0
2026-10-14 08:30:00,중간부하,140,0,0.0,284.293,284.293,0.0,0.0,0.0
2026-10-14 08:45:00,중간부하,140,0,0.0,276.33,276.33,0.0,0.0,0.0
2026-10-14 09:00:00,중간부하,140,0,0.0,279.042,279.042,0.0,0.0,0.0
2026-10-14 09:15:00,중간부하,140,0,0.0,286.857,286.857,0.0,0.0,0.0
2026-10-14 09:30:00,중간부하,140,0,0.0,272.74,272.74,0.0,0.0,0.0
2026-10-14 09:45:00,중간부하,140,0,0.0,269.892,269.892,0.0,0.0,0.0
2026-10-14 10:00:00,최대부하,220,1,0.0,256.118,256.118,0.0,0.0,0.0
2026-10-14 10:15:00,최대부하,220,1,0.0,267.085,267.085,0.0,0.0,0.0
2026-10-14 10:30:00,최대부하,220,1,0.0,265.439,265.439,0.0,0.0,0.0
2026-10-14 10:45:00,최대부하,220,1,0.0,295.369,295.369,0.0,0.0,0.0
2026-10-14 11:00:00,최대부하,220,1,0.0,291.302,291.302,0.0,0.0,0.0
2026-10-14 11:15:00,최대부하,220,1,0.0,284.038,284.038,0.0,0.0,0.0
2026-10-14 11:30:00,최대부하,220,1,0.0,266.75,266.75,0.0,0.0,0.0
2026-10-14 11:45:00,최대부하,220,1,0.0,244.678,244.678,0.0,0.0,0.0
2026-10-14 12:00:00,중간부하,140,0,0.0,40.369,40.369,0.0,0.0,0.0
2026-10-14 12:15:00,중간부하,140,0,0.0,27.647,27.647,0.0,0.0,0.0
2026-10-14 12:30:00,중간부하,140,0,0.0,28.149,28.149,0.0,0.0,0.0
2026-10-14 12:45:00,중간부하,140,0,0.0,29.332,29.332,0.0,0.0,0.0
2026-10-14 13:00:00,중간부하,140,0,0.0,171.38,171.38,0.0,0.0,0.0
2026-10-14 13:15:00,중간부하,140,0,0.0,266.295,266.295,0.0,0.0,0.0
2026-10-14 13:30:00,중간부하,140,0,0.0,258.91,258.91,0.0,0.0,0.0
2026-10-14 13:45:00,중간부하,140,0,0.0,279.498,279.498,0.0,0.0,0.0
2026-10-14 14:00:00,중간부하,140,0,0.0,285.861,285.861,0.0,0.0,0.0
2026-10-14 14:15:00,중간부하,140,0,0.0,272.125,272.125,0.0,0.0,0.0
2026-10-14 14:30:00,중간부하,140,0,0.0,272.985,272.985,0.0,0.0,0.0
2026-10-14 14:45:00,중간부하,140,0,0.0,279.835,279.835,0.0,0.0,0.0
2026-10-14 15:00:00,중간부하,140,0,0.0,270.658,270.658,0.0,0.0,0.0
2026-10-14 15:15:00,중간부하,140,0,0.0,269.159,269.159,0.0,0.0,0.0
2026-10-14 15:30:00,중간부하,140,0,0.0,271.022,271.022,0.0,0.0,0.0
2026-10-14 15:45:00,중간부하,140,0,0.0,271.092,271.092,0.0,0.0,0.0
2026-10-14 16:00:00,중간부하,140,0,0.0,264.628,264.628,0.0,0.0,0.0
2026-10-14 16:15:00,중간부하,140,0,0.0,280.148,280.148,0.0,0.0,0.0
2026-10-14 16:30:00,중간부하,140,0,0.0,287.726,287.726,0.0,0.0,0.0
2026-10-14 16:45:00,중간부하,140,0,0.0,269.837,269.837,0.0,0.0,0.0
2026-10-14 17:00:00,최대부하,220,1,0.0,269.621,269.621,0.0,0.0,0.0
2026-10-14 17:15:00,최대부하,220,1,0.0,251.815,251.815,0.0,0.0,0.0
2026-10-14 17:30:00,최대부하,220,1,0.0,173.331,173.331,0.0,0.0,0.0
2026-10-14 17:45:00,최대부하,220,1,0.0,135.333,135.333,0.0,0.0,0.0
2026-10-14 18:00:00,최대부하,220,1,0.0,124.455,124.455,0.0,0.0,0.0
2026-10-14 18:15:00,최대부하,220,1,0.0,154.137,154.137,0.0,0.0,0.0
2026-10-14 18:30:00,최대부하,220,1,0.0,151.595,151.595,0.0,0.0,0.0
2026-10-14 18:45:00,최대부하,220,1,0.0,158.055,158.055,0.0,0.0,0.0
2026-10-14 19:00:00,최대부하,220,1,0.0,152.064,152.064,0.0,0.0,0.0
2026-10-14 19:15:00,최대부하,220,1,0.0,150.662,150.662,0.0,0.0,0.0
2026-10-14 19:30:00,최대부하,220,1,0.0,147.891,147.891,0.0,0.0,0.0
2026-10-14 19:45:00,최대부하,220,1,0.0,153.55,153.55,0.0,0.0,0.0
2026-10-14 20:00:00,중간부하,140,0,0.0,159.595,159.595,0.0,0.0,0.0
2026-10-14 20:15:00,중간부하,140,0,0.0,154.218,154.218,0.0,0.0,0.0
2026-10-14 20:30:00,중간부하,140,0,0.0,133.906,133.906,0.0,0.0,0.0
2026-10-14 20:45:00,중간부하,140,0,0.0,90.133,90.133,0.0,0.0,0.0
2026-10-14 21:00:00,중간부하,140,0,0.0,54.913,54.913,0.0,0.0,0.0
2026-10-14 21:15:00,중간부하,140,0,0.0,49.363,49.363,0.0,0.0,0.0
2026-10-14 21:30:00,중간부하,140,0,0.0,48.443,48.443,0.0,0.0,0.0
2026-10-14 21:45:00,중간부하,140,0,0.0,39.593,39.593,0.0,0.0,0.0
2026-10-14 22:00:00,경부하,90,0,0.0,34.38,34.38,0.0,0.0,0.0
2026-10-14 22:15:00,경부하,90,0,0.0,32.804,32.804,0.0,0.0,0.0
2026-10-14 22:30:00,경부하,90,0,0.0,31.518,31.518,0.0,0.0,0.0
2026-10-14 22:45:00,경부하,90,0,0.0,34.164,34.164,0.0,0.0,0.0
2026-10-14 23:00:00,경부하,90,0,0.0,33.887,33.887,0.0,0.0,0.0
2026-10-14 23:15:00,경부하,90,0,0.0,34.529,34.529,0.0,0.0,0.0
2026-10-14 23:30:00,경부하,90,0,0.0,33.838,33.838,0.0,0.0,0.0
2026-10-14 23:45:00,경부하,90,0,0.0,30.667,30.667,0.0,0.0,0.0
2026-10-15 00:00:00,경부하,90,0,0.0,33.367,33.367,0.0,0.0,0.0
2026-10-15 00:15:00,경부하,90,0,0.0,33.265,33.265,0.0,0.0,0.0
2026-10-15 00:30:00,경부하,90,0,0.0,31.42,31.42,0.0,0.0,0.0
2026-10-15 00:45:00,경부하,90,0,0.0,34.583,34.583,0.0,0.0,0.0
2026-10-15 01:00:00,경부하,90,0,0.0,30.894,30.894,0.0,0.0,0.0
2026-10-15 01:15:00,경부하,90,0,0.0,20.935,20.935,0.0,0.0,0.0
2026-10-15 01:30:00,경부하,90,0,0.0,18.714,18.714,0.0,0.0,0.0
2026-10-15 01:45:00,경부하,90,0,0.0,19.015,19.015,0.0,0.0,0.0
2026-10-15 02:00:00,경부하,90,0,0.0,19.253,19.253,0.0,0.0,0.0
2026-10-15 02:15:00,경부하,90,0,0.0,19.285,19.285,0.0,0.0,0.0
2026-10-15 02:30:00,경부하,90,0,0.0,18.778,18.778,0.0,0.0,0.0
2026-10-15 02:45:00,경부하,90,0,0.0,18.864,18.864,0.0,0.0,0.0
2026-10-15 03:00:00,경부하,90,0,0.0,19.052,19.052,0.0,0.0,0.0
2026-10-15 03:15:00,경부하,90,0,0.0,18.583,18.583,0.0,0.0,0.0
2026-10-15 03:30:00,경부하,90,0,0.0,18.577,18.577,0.0,0.0,0.0
2026-10-15 03:45:00,경부하,90,0,0.0,19.012,19.012,0.0,0.0,0.0
2026-10-15 04:00:00,경부하,90,0,0.0,19.283,19.283,0.0,0.0,0.0
2026-10-15 04:15:00,경부하,90,0,0.0,19.173,19.173,0.0,0.0,0.0
2026-10-15 04:30:00,경부하,90,0,0.0,18.645,18.645,0.0,0.0,0.0
2026-10-15 04:45:00,경부하,90,0,0.0,18.767,18.767,0.0,0.0,0.0
2026-10-15 05:00:00,경부하,90,0,0.0,18.808,18.808,0.0,0.0,0.0
2026-10-15 05:15:00,경부하,90,0,0.0,18.412,18.412,0.0,0.0,0.0
2026-10-15 05:30:00,경부하,90,0,0.0,18.757,18.757,0.0,0.0,0.0
2026-10-15 05:45:00,경부하,90,0,0.0,19.035,19.035,0.0,0.0,0.0
2026-10-15 06:00:00,경부하,90,0,0.0,18.143,18.143,0.0,0.0,0.0
2026-10-15 06:15:00,경부하,90,0,0.0,18.978,18.978,0.0,0.0,0.0
2026-10-15 06:30:00,경부하,90,0,0.0,18.828,18.828,0.0,0.0,0.0
2026-10-15 06:45:00,경부하,90,0,0.0,18.335,18.335,0.0,0.0,0.0
2026-10-15 07:00:00,경부하,90,0,0.0,18.24,18.24,0.0,0.0,0.0
2026-10-15 07:15:00,경부하,90,0,0.0,20.425,20.425,0.0,0.0,0.0
2026-10-15 07:30:00,경부하,90,0,0.0,23.757,23.757,0.0,0.0,0.0
2026-10-15 07:45:00,경부하,90,0,0.0,27.183,27.183,0.0,0.0,0.0
2026-10-15 08:00:00,중간부하,140,0,0.0,191.397,191.397,0.0,0.0,0.0
2026-10-15 08:15:00,중간부하,140,0,0.0,305.288,305.288,0.0,0.0,0.0
2026-10-15 08:30:00,중간부하,140,0,0.0,307.401,307.401,0.0,0.0,0.0
2026-10-15 08:45:00,중간부하,140,0,0.0,323.661,323.661,0.0,0.0,0.0
2026-10-15 09:00:00,중간부하,140,0,0.0,308.033,308.033,0.0,0.0,0.0
2026-10-15 09:15:00,중간부하,140,0,0.0,300.822,300.822,0.0,0.0,0.0
2026-10-15 09:30:00,중간부하,140,0,0.0,298.718,298.718,0.0,0.0,0.0
2026-10-15 09:45:00,중간부하,140,0,0.0,292.326,292.326,0.0,0.0,0.0
2026-10-15 10:00:00,최대부하,220,1,0.0,302.987,302.987,0.0,0.0,0.0
2026-10-15 10:15:00,최대부하,220,1,0.0,289.321,289.321,0.0,0.0,0.0
2026-10-15 10:30:00,최대부하,220,1,0.0,294.67,294.67,0.0,0.0,0.0
2026-10-15 10:45:00,최대부하,220,1,0.0,280.6,280.6,0.0,0.0,0.0
2026-10-15 11:00:00,최대부하,220,1,0.0,285.437,285.437,0.0,0.0,0.0
2026-10-15 11:15:00,최대부하,220,1,0.0,285.953,285.953,0.0,0.0,0.0
2026-10-15 11:30:00,최대부하,220,1,0.0,286.922,286.922,0.0,0.0,0.0
2026-10-15 11:45:00,최대부하,220,1,0.0,276.387,276.387,0.0,0.0,0.0
2026-10-15 12:00:00,중간부하,140,0,0.0,49.101,49.101,0.0,0.0,0.0
2026-10-15 12:15:00,중간부하,140,0,0.0,28.675,28.675,0.0,0.0,0.0
2026-10-15 12:30:00,중간부하,140,0,0.0,30.302,30.302,0.0,0.0,0.0
2026-10-15 12:45:00,중간부하,140,0,0.0,33.602,33.602,0.0,0.0,0.0
2026-10-15 13:00:00,중간부하,140,0,0.0,187.318,187.318,0.0,0.0,0.0
2026-10-15 13:15:00,중간부하,140,0,0.0,272.024,272.024,0.0,0.0,0.0
2026-10-15 13:30:00,중간부하,140,0,0.0,272.189,272.189,0.0,0.0,0.0
2026-10-15 13:45:00,중간부하,140,0,0.0,266.752,266.752,0.0,0.0,0.0
2026-10-15 14:00:00,중간부하,140,0,0.0,264.631,264.631,0.0,0.0,0.0
2026-10-15 14:15:00,중간부하,140,0,0.0,265.352,265.352,0.0,0.0,0.0
2026-10-15 14:30:00,중간부하,140,0,0.0,265.271,265.271,0.0,0.0,0.0
2026-10-15 14:45:00,중간부하,140,0,0.0,270.798,270.798,0.0,0.0,0.0
2026-10-15 15:00:00,중간부하,140,0,0.0,260.983,260.983,0.0,0.0,0.0
2026-10-15 15:15:00,중간부하,140,0,0.0,261.572,261.572,0.0,0.0,0.0
2026-10-15 15:30:00,중간부하,140,0,0.0,281.624,281.624,0.0,0.0,0.0
2026-10-15 15:45:00,중간부하,140,0,0.0,262.866,262.866,0.0,0.0,0.0
2026-10-15 16:00:00,중간부하,140,0,0.0,277.955,277.955,0.0,0.0,0.0
2026-10-15 16:15:00,중간부하,140,0,0.0,271.536,271.536,0.0,0.0,0.0
2026-10-15 16:30:00,중간부하,140,0,0.0,264.813,264.813,0.0,0.0,0.0
2026-10-15 16:45:00,중간부하,140,0,0.0,251.23,251.23,0.0,0.0,0.0
2026-10-15 17:00:00,최대부하,220,1,0.0,270.641,270.641,0.0,0.0,0.0
2026-10-15 17:15:00,최대부하,220,1,0.0,243.981,243.981,0.0,0.0,0.0
2026-10-15 17:30:00,최대부하,220,1,0.0,137.975,137.975,0.0,0.0,0.0
2026-10-15 17:45:00,최대부하,220,1,0.0,130.982,130.982,0.0,0.0,0.0
2026-10-15 18:00:00,최대부하,220,1,0.0,180.622,180.622,0.0,0.0,0.0
2026-10-15 18:15:00,최대부하,220,1,0.0,228.064,228.064,0.0,0.0,0.0
2026-10-15 18:30:00,최대부하,220,1,0.0,216.218,216.218,0.0,0.0,0.0
2026-10-15 18:45:00,최대부하,220,1,0.0,231.463,231.463,0.0,0.0,0.0
2026-10-15 19:00:00,최대부하,220,1,0.0,214.949,214.949,0.0,0.0,0.0
2026-10-15 19:15:00,최대부하,220,1,0.0,222.671,222.671,0.0,0.0,0.0
2026-10-15 19:30:00,최대부하,220,1,0.0,223.345,223.345,0.0,0.0,0.0
2026-10-15 19:45:00,최대부하,220,1,0.0,216.407,216.407,0.0,0.0,0.0
2026-10-15 20:00:00,중간부하,140,0,0.0,216.952,216.952,0.0,0.0,0.0
2026-10-15 20:15:00,중간부하,140,0,0.0,235.69,235.69,0.0,0.0,0.0
2026-10-15 20:30:00,중간부하,140,0,0.0,201.626,201.626,0.0,0.0,0.0
2026-10-15 20:45:00,중간부하,140,0,0.0,136.433,136.433,0.0,0.0,0.0
2026-10-15 21:00:00,중간부하,140,0,0.0,77.192,77.192,0.0,0.0,0.0
2026-10-15 21:15:00,중간부하,140,0,0.0,52.722,52.722,0.0,0.0,0.0
2026-10-15 21:30:00,중간부하,140,0,0.0,43.755,43.755,0.0,0.0,0.0
2026-10-15 21:45:00,중간부하,140,0,0.0,41.743,41.743,0.0,0.0,0.0
2026-10-15 22:00:00,경부하,90,0,0.0,39.685,39.685,0.0,0.0,0.0
2026-10-15 22:15:00,경부하,90,0,0.0,36.102,36.102,0.0,0.0,0.0
2026-10-15 22:30:00,경부하,90,0,0.0,39.482,39.482,0.0,0.0,0.0
2026-10-15 22:45:00,경부하,90,0,0.0,41.073,41.073,0.0,0.0,0.0
2026-10-15 23:00:00,경부하,90,0,0.0,35.87,35.87,0.0,0.0,0.0
2026-10-15 23:15:00,경부하,90,0,0.0,34.091,34.091,0.0,0.0,0.0
2026-10-15 23:30:00,경부하,90,0,0.0,36.598,36.598,0.0,0.0,0.0
2026-10-15 23:45:00,경부하,90,0,0.0,39.829,39.829,0.0,0.0,0.0
2026-10-16 00:00:00,경부하,90,0,0.0,30.361,30.361,0.0,0.0,0.0
2026-10-16 00:15:00,경부하,90,0,0.0,38.746,38.746,0.0,0.0,0.0
2026-10-16 00:30:00,경부하,90,0,0.0,35.905,35.905,0.0,0.0,0.0
2026-10-16 00:45:00,경부하,90,0,0.0,33.632,33.632,0.0,0.0,0.0
2026-10-16 01:00:00,경부하,90,0,0.0,24.041,24.041,0.0,0.0,0.0
2026-10-16 01:15:00,경부하,90,0,0.0,21.534,21.534,0.0,0.0,0.0
2026-10-16 01:30:00,경부하,90,0,0.0,20.223,20.223,0.0,0.0,0.0
2026-10-16 01:45:00,경부하,90,0,0.0,19.115,19.115,0.0,0.0,0.0
2026-10-16 02:00:00,경부하,90,0,0.0,22.425,22.425,0.0,0.0,0.0
2026-10-16 02:15:00,경부하,90,0,0.0,22.317,22.317,0.0,0.0,0.0
2026-10-16 02:30:00,경부하,90,0,0.0,20.325,20.325,0.0,0.0,0.0
2026-10-16 02:45:00,경부하,90,0,0.0,21.089,21.089,0.0,0.0,0.0
2026-10-16 03:00:00,경부하,90,0,0.0,20.312,20.312,0.0,0.0,0.0
2026-10-16 03:15:00,경부하,90,0,0.0,21.456,21.456,0.0,0.0,0.0
2026-10-16 03:30:00,경부하,90,0,0.0,19.235,19.235,0.0,0.0,0.0
2026-10-16 03:45:00,경부하,90,0,0.0,19.102,19.102,0.0,0.0,0.0
2026-10-16 04:00:00,경부하,90,0,0.0,19.117,19.117,0.0,0.0,0.0
2026-10-16 04:15:00,경부하,90,0,0.0,20.109,20.109,0.0,0.0,0.0
2026-10-16 04:30:00,경부하,90,0,0.0,18.887,18.887,0.0,0.0,0.0
2026-10-16 04:45:00,경부하,90,0,0.0,18.64,18.64,0.0,0.0,0.0
2026-10-16 05:00:00,경부하,90,0,0.0,18.962,18.962,0.0,0.0,0.0
2026-10-16 05:15:00,경부하,90,0,0.0,20.562,20.562,0.0,0.0,0.0
2026-10-16 05:30:00,경부하,90,0,0.0,21.922,21.922,0.0,0.0,0.0
2026-10-16 05:45:00,경부하,90,0,0.0,21.122,21.122,0.0,0.0,0.0
2026-10-16 06:00:00,경부하,90,0,0.0,21.338,21.338,0.0,0.0,0.0
2026-10-16 06:15:00,경부하,90,0,0.0,21.855,21.855,0.0,0.0,0.0
2026-10-16 06:30:00,경부하,90,0,0.0,20.911,20.911,0.0,0.0,0.0
2026-10-16 06:45:00,경부하,90,0,0.0,22.001,22.001,0.0,0.0,0.0
2026-10-16 07:00:00,경부하,90,0,0.0,21.557,21.557,0.0,0.0,0.0
2026-10-16 07:15:00,경부하,90,0,0.0,21.214,21.214,0.0,0.0,0.0
2026-10-16 07:30:00,경부하,90,0,0.0,26.972,26.972,0.0,0.0,0.0
2026-10-16 07:45:00,경부하,90,0,0.0,26.195,26.195,0.0,0.0,0.0
2026-10-16 08:00:00,중간부하,140,0,0.0,156.597,156.597,0.0,0.0,0.0
2026-10-16 08:15:00,중간부하,140,0,0.0,260.635,260.635,0.0,0.0,0.0
2026-10-16 08:30:00,중간부하,140,0,0.0,279.825,279.825,0.0,0.0,0.0
2026-10-16 08:45:00,중간부하,140,0,0.0,290.583,290.583,0.0,0.0,0.0
2026-10-16 09:00:00,중간부하,140,0,0.0,293.703,293.703,0.0,0.0,0.0
2026-10-16 09:15:00,중간부하,140,0,0.0,276.915,276.915,0.0,0.0,0.0
2026-10-16 09:30:00,중간부하,140,0,0.0,264.379,264.379,0.0,0.0,0.0
2026-10-16 09:45:00,중간부하,140,0,0.0,263.182,263.182,0.0,0.0,0.0
2026-10-16 10:00:00,최대부하,220,1,0.0,254.578,254.578,0.0,0.0,0.0
2026-10-16 10:15:00,최대부하,220,1,0.0,258.041,258.041,0.0,0.0,0.0
2026-10-16 10:30:00,최대부하,220,1,0.0,251.716,251.716,0.0,0.0,0.0
2026-10-16 10:45:00,최대부하,220,1,0.0,256.311,256.311,0.0,0.0,0.0
2026-10-16 11:00:00,최대부하,220,1,0.0,262.412,262.412,0.0,0.0,0.0
2026-10-16 11:15:00,최대부하,220,1,0.0,269.604,269.604,0.0,0.0,0.0
2026-10-16 11:30:00,최대부하,220,1,0.0,260.805,260.805,0.0,0.0,0.0
2026-10-16 11:45:00,최대부하,220,1,0.0,255.243,255.243,0.0,0.0,0.0
2026-10-16 12:00:00,중간부하,140,0,0.0,46.342,46.342,0.0,0.0,0.0
2026-10-16 12:15:00,중간부하,140,0,0.0,24.532,24.532,0.0,0.0,0.0
2026-10-16 12:30:00,중간부하,140,0,0.0,23.851,23.851,0.0,0.0,0.0
2026-10-16 12:45:00,중간부하,140,0,0.0,23.976,23.976,0.0,0.0,0.0
2026-10-16 13:00:00,중간부하,140,0,0.0,174.841,174.841,0.0,0.0,0.0
2026-10-16 13:15:00,중간부하,140,0,0.0,260.305,260.305,0.0,0.0,0.0
2026-10-16 13:30:00,중간부하,140,0,0.0,270.731,270.731,0.0,0.0,0.0
2026-10-16 13:45:00,중간부하,140,0,0.0,258.359,258.359,0.0,0.0,0.0
2026-10-16 14:00:00,중간부하,140,0,0.0,266.001,266.001,0.0,0.0,0.0
2026-10-16 14:15:00,중간부하,140,0,0.0,269.82,269.82,0.0,0.0,0.0
2026-10-16 14:30:00,중간부하,140,0,0.0,270.388,270.388,0.0,0.0,0.0
2026-10-16 14:45:00,중간부하,140,0,0.0,266.162,266.162,0.0,0.0,0.0
2026-10-16 15:00:00,중간부하,140,0,0.0,248.149,248.149,0.0,0.0,0.0
2026-10-16 15:15:00,중간부하,140,0,0.0,267.525,267.525,0.0,0.0,0.0
2026-10-16 15:30:00,중간부하,140,0,0.0,261.2,261.2,0.0,0.0,0.0
2026-10-16 15:45:00,중간부하,140,0,0.0,255.565,255.565,0.0,0.0,0.0
2026-10-16 16:00:00,중간부하,140,0,0.0,276.294,276.294,0.0,0.0,0.0
2026-10-16 16:15:00,중간부하,140,0,0.0,255.948,255.948,0.0,0.0,0.0
2026-10-16 16:30:00,중간부하,140,0,0.0,278.278,278.278,0.0,0.0,0.0
2026-10-16 16:45:00,중간부하,140,0,0.0,251.913,251.913,0.0,0.0,0.0
2026-10-16 17:00:00,최대부하,220,1,0.0,243.877,243.877,0.0,0.0,0.0
2026-10-16 17:15:00,최대부하,220,1,0.0,235.685,235.685,0.0,0.0,0.0
2026-10-16 17:30:00,최대부하,220,1,0.0,142.014,142.014,0.0,0.0,0.0
2026-10-16 17:45:00,최대부하,220,1,0.0,132.378,132.378,0.0,0.0,0.0
2026-10-16 18:00:00,최대부하,220,1,0.0,158.27,158.27,0.0,0.0,0.0
2026-10-16 18:15:00,최대부하,220,1,0.0,203.446,203.446,0.0,0.0,0.0
2026-10-16 18:30:00,최대부하,220,1,0.0,200.544,200.544,0.0,0.0,0.0
2026-10-16 18:45:00,최대부하,220,1,0.0,204.748,204.748,0.0,0.0,0.0
2026-10-16 19:00:00,최대부하,220,1,0.0,202.898,202.898,0.0,0.0,0.0
2026-10-16 19:15:00,최대부하,220,1,0.0,204.345,204.345,0.0,0.0,0.0
2026-10-16 19:30:00,최대부하,220,1,0.0,213.591,213.591,0.0,0.0,0.0
2026-10-16 19:45:00,최대부하,220,1,0.0,210.014,210.014,0.0,0.0,0.0
2026-10-16 20:00:00,중간부하,140,0,0.0,210.725,210.725,0.0,0.0,0.0
2026-10-16 20:15:00,중간부하,140,0,0.0,197.949,197.949,0.0,0.0,0.0
2026-10-16 20:30:00,중간부하,140,0,0.0,189.179,189.179,0.0,0.0,0.0
2026-10-16 20:45:00,중간부하,140,0,0.0,114.285,114.285,0.0,0.0,0.0
2026-10-16 21:00:00,중간부하,140,0,0.0,60.127,60.127,0.0,0.0,0.0
2026-10-16 21:15:00,중간부하,140,0,0.0,52.508,52.508,0.0,0.0,0.0
2026-10-16 21:30:00,중간부하,140,0,0.0,46.501,46.501,0.0,0.0,0.0
2026-10-16 21:45:00,중간부하,140,0,0.0,50.834,50.834,0.0,0.0,0.0
2026-10-16 22:00:00,경부하,90,0,0.0,45.177,45.177,0.0,0.0,0.0
2026-10-16 22:15:00,경부하,90,0,0.0,38.754,38.754,0.0,0.0,0.0
2026-10-16 22:30:00,경부하,90,0,0.0,47.296,47.296,0.0,0.0,0.0
2026-10-16 22:45:00,경부하,90,0,0.0,37.343,37.343,0.0,0.0,0.0
2026-10-16 23:00:00,경부하,90,0,0.0,38.762,38.762,0.0,0.0,0.0
2026-10-16 23:15:00,경부하,90,0,0.0,46.49,46.49,0.0,0.0,0.0
2026-10-16 23:30:00,경부하,90,0,0.0,40.772,40.772,0.0,0.0,0.0
2026-10-16 23:45:00,경부하,90,0,0.0,42.482,42.482,0.0,0.0,0.0
2026-10-17 00:00:00,경부하,76,0,0.0,43.126,43.126,0.0,0.0,0.0
2026-10-17 00:15:00,경부하,76,0,0.0,40.765,40.765,0.0,0.0,0.0
2026-10-17 00:30:00,경부하,76,0,0.0,38.779,38.779,0.0,0.0,0.0
2026-10-17 00:45:00,경부하,76,0,0.0,34.83,34.83,0.0,0.0,0.0
2026-10-17 01:00:00,경부하,76,0,0.0,35.279,35.279,0.0,0.0,0.0
2026-10-17 01:15:00,경부하,76,0,0.0,25.721,25.721,0.0,0.0,0.0
2026-10-17 01:30:00,경부하,76,0,0.0,23.928,23.928,0.0,0.0,0.0
2026-10-17 01:45:00,경부하,76,0,0.0,21.462,21.462,0.0,0.0,0.0
2026-10-17 02:00:00,경부하,76,0,0.0,18.222,18.222,0.0,0.0,0.0
2026-10-17 02:15:00,경부하,76,0,0.0,20.736,20.736,0.0,0.0,0.0
2026-10-17 02:30:00,경부하,76,0,0.0,20.572,20.572,0.0,0.0,0.0
2026-10-17 02:45:00,경부하,76,0,0.0,18.598,18.598,0.0,0.0,0.0
2026-10-17 03:00:00,경부하,76,0,0.0,19.308,19.308,0.0,0.0,0.0
2026-10-17 03:15:00,경부하,76,0,0.0,20.568,20.568,0.0,0.0,0.0
2026-10-17 03:30:00,경부하,76,0,0.0,18.908,18.908,0.0,0.0,0.0
2026-10-17 03:45:00,경부하,76,0,0.0,19.745,19.745,0.0,0.0,0.0
2026-10-17 04:00:00,경부하,76,0,0.0,20.234,20.234,0.0,0.0,0.0
2026-10-17 04:15:00,경부하,76,0,0.0,18.193,18.193,0.0,0.0,0.0
2026-10-17 04:30:00,경부하,76,0,0.0,20.502,20.502,0.0,0.0,0.0
2026-10-17 04:45:00,경부하,76,0,0.0,19.883,19.883,0.0,0.0,0.0
2026-10-17 05:00:00,경부하,76,0,0.0,18.612,18.612,0.0,0.0,0.0
2026-10-17 05:15:00,경부하,76,0,0.0,20.46,20.46,0.0,0.0,0.0
2026-10-17 05:30:00,경부하,76,0,0.0,18.132,18.132,0.0,0.0,0.0
2026-10-17 05:45:00,경부하,76,0,0.0,17.727,17.727,0.0,0.0,0.0
2026-10-17 06:00:00,경부하,76,0,0.0,20.401,20.401,0.0,0.0,0.0
2026-10-17 06:15:00,경부하,76,0,0.0,18.839,18.839,0.0,0.0,0.0
2026-10-17 06:30:00,경부하,76,0,0.0,18.765,18.765,0.0,0.0,0.0
2026-10-17 06:45:00,경부하,76,0,0.0,20.345,20.345,0.0,0.0,0.0
2026-10-17 07:00:00,경부하,76,0,0.0,17.589,17.589,0.0,0.0,0.0
2026-10-17 07:15:00,경부하,76,0,0.0,16.712,16.712,0.0,0.0,0.0
2026-10-17 07:30:00,경부하,76,0,0.0,17.474,17.474,0.0,0.0,0.0
2026-10-17 07:45:00,경부하,76,0,0.0,20.316,20.316,0.0,0.0,0.0
2026-10-17 08:00:00,중간부하,119,0,0.0,89.882,89.882,0.0,0.0,0.0
2026-10-17 08:15:00,중간부하,119,0,0.0,148.489,148.489,0.0,0.0,0.0
2026-10-17 08:30:00,중간부하,119,0,0.0,139.175,139.175,0.0,0.0,0.0
2026-10-17 08:45:00,중간부하,119,0,0.0,143.964,143.964,0.0,0.0,0.0
2026-10-17 09:00:00,중간부하,119,0,0.0,151.455,151.455,0.0,0.0,0.0
2026-10-17 09:15:00,중간부하,119,0,0.0,146.051,146.051,0.0,0.0,0.0
2026-10-17 09:30:00,중간부하,119,0,0.0,142.095,142.095,0.0,0.0,0.0
2026-10-17 09:45:00,중간부하,119,0,0.0,145.035,145.035,0.0,0.0,0.0
2026-10-17 10:00:00,최대부하,187,1,0.0,145.905,145.905,0.0,0.0,0.0
2026-10-17 10:15:00,최대부하,187,1,0.0,148.066,148.066,0.0,0.0,0.0
2026-10-17 10:30:00,최대부하,187,1,0.0,147.628,147.628,0.0,0.0,0.0
2026-10-17 10:45:00,최대부하,187,1,0.0,155.062,155.062,0.0,0.0,0.0
2026-10-17 11:00:00,최대부하,187,1,0.0,142.73,142.73,0.0,0.0,0.0
2026-10-17 11:15:00,최대부하,187,1,0.0,146.409,146.409,0.0,0.0,0.0
2026-10-17 11:30:00,최대부하,187,1,0.0,145.442,145.442,0.0,0.0,0.0
2026-10-17 11:45:00,최대부하,187,1,0.0,106.313,106.313,0.0,0.0,0.0
2026-10-17 12:00:00,중간부하,119,0,0.0,25.505,25.505,0.0,0.0,0.0
2026-10-17 12:15:00,중간부하,119,0,0.0,20.312,20.312,0.0,0.0,0.0
2026-10-17 12:30:00,중간부하,119,0,0.0,20.444,20.444,0.0,0.0,0.0
2026-10-17 12:45:00,중간부하,119,0,0.0,20.73,20.73,0.0,0.0,0.0
2026-10-17 13:00:00,중간부하,119,0,0.0,74.014,74.014,0.0,0.0,0.0
2026-10-17 13:15:00,중간부하,119,0,0.0,151.325,151.325,0.0,0.0,0.0
2026-10-17 13:30:00,중간부하,119,0,0.0,151.055,151.055,0.0,0.0,0.0
2026-10-17 13:45:00,중간부하,119,0,0.0,154.525,154.525,0.0,0.0,0.0
2026-10-17 14:00:00,중간부하,119,0,0.0,145.119,145.119,0.0,0.0,0.0
2026-10-17 14:15:00,중간부하,119,0,0.0,154.367,154.367,0.0,0.0,0.0
2026-10-17 14:30:00,중간부하,119,0,0.0,151.035,151.035,0.0,0.0,0.0
2026-10-17 14:45:00,중간부하,119,0,0.0,158.344,158.344,0.0,0.0,0.0
2026-10-17 15:00:00,중간부하,119,0,0.0,153.372,153.372,0.0,0.0,0.0
2026-10-17 15:15:00,중간부하,119,0,0.0,156.283,156.283,0.0,0.0,0.0
2026-10-17 15:30:00,중간부하,119,0,0.0,163.725,163.725,0.0,0.0,0.0
2026-10-17 15:45:00,중간부하,119,0,0.0,146.872,146.872,0.0,0.0,0.0
2026-10-17 16:00:00,중간부하,119,0,0.0,153.275,153.275,0.0,0.0,0.0
2026-10-17 16:15:00,중간부하,119,0,0.0,148.156,148.156,0.0,0.0,0.0
2026-10-17 16:30:00,중간부하,119,0,0.0,140.021,140.021,0.0,0.0,0.0
2026-10-17 16:45:00,중간부하,119,0,0.0,75.312,75.312,0.0,0.0,0.0
2026-10-17 17:00:00,최대부하,187,1,0.0,38.946,38.946,0.0,0.0,0.0
2026-10-17 17:15:00,최대부하,187,1,0.0,35.028,35.028,0.0,0.0,0.0
2026-10-17 17:30:00,최대부하,187,1,0.0,33.513,33.513,0.0,0.0,0.0
2026-10-17 17:45:00,최대부하,187,1,0.0,34.641,34.641,0.0,0.0,0.0
2026-10-17 18:00:00,최대부하,187,1,0.0,31.698,31.698,0.0,0.0,0.0
2026-10-17 18:15:00,최대부하,187,1,0.0,31.564,31.564,0.0,0.0,0.0
2026-10-17 18:30:00,최대부하,187,1,0.0,28.671,28.671,0.0,0.0,0.0
2026-10-17 18:45:00,최대부하,187,1,0.0,31.088,31.088,0.0,0.0,0.0
2026-10-17 19:00:00,최대부하,187,1,0.0,28.996,28.996,0.0,0.0,0.0
2026-10-17 19:15:00,최대부하,187,1,0.0,26.009,26.009,0.0,0.0,0.0
2026-10-17 19:30:00,최대부하,187,1,0.0,29.461,29.461,0.0,0.0,0.0
2026-10-17 19:45:00,최대부하,187,1,0.0,29.867,29.867,0.0,0.0,0.0
2026-10-17 20:00:00,중간부하,119,0,0.0,29.556,29.556,0.0,0.0,0.0
2026-10-17 20:15:00,중간부하,119,0,0.0,28.473,28.473,0.0,0.0,0.0
2026-10-17 20:30:00,중간부하,119,0,0.0,26.323,26.323,0.0,0.0,0.0
2026-10-17 20:45:00,중간부하,119,0,0.0,25.864,25.864,0.0,0.0,0.0
2026-10-17 21:00:00,중간부하,119,0,0.0,26.016,26.016,0.0,0.0,0.0
2026-10-17 21:15:00,중간부하,119,0,0.0,25.37,25.37,0.0,0.0,0.0
2026-10-17 21:30:00,중간부하,119,0,0.0,26.457,26.457,0.0,0.0,0.0
2026-10-17 21:45:00,중간부하,119,0,0.0,23.398,23.398,0.0,0.0,0.0
2026-10-17 22:00:00,경부하,76,0,0.0,25.642,25.642,0.0,0.0,0.0
2026-10-17 22:15:00,경부하,76,0,0.0,24.288,24.288,0.0,0.0,0.0
2026-10-17 22:30:00,경부하,76,0,0.0,24.244,24.244,0.0,0.0,0.0
2026-10-17 22:45:00,경부하,76,0,0.0,23.669,23.669,0.0,0.0,0.0
2026-10-17 23:00:00,경부하,76,0,0.0,23.612,23.612,0.0,0.0,0.0
2026-10-17 23:15:00,경부하,76,0,0.0,23.451,23.451,0.0,0.0,0.0
2026-10-17 23:30:00,경부하,76,0,0.0,22.961,22.961,0.0,0.0,0.0
2026-10-17 23:45:00,경부하,76,0,0.0,21.873,21.873,0.0,0.0,0.0
2026-10-18 00:00:00,경부하,76,0,0.0,22.248,22.248,0.0,0.0,0.0
2026-10-18 00:15:00,경부하,76,0,0.0,21.832,21.832,0.0,0.0,0.0
2026-10-18 00:30:00,경부하,76,0,0.0,19.921,19.921,0.0,0.0,0.0
2026-10-18 00:45:00,경부하,76,0,0.0,20.232,20.232,0.0,0.0,0.0
2026-10-18 01:00:00,경부하,76,0,0.0,17.288,17.288,0.0,0.0,0.0
2026-10-18 01:15:00,경부하,76,0,0.0,15.905,15.905,0.0,0.0,0.0
2026-10-18 01:30:00,경부하,76,0,0.0,15.657,15.657,0.0,0.0,0.0
2026-10-18 01:45:00,경부하,76,0,0.0,15.828,15.828,0.0,0.0,0.0
2026-10-18 02:00:00,경부하,76,0,0.0,15.318,15.318,0.0,0.0,0.0
2026-10-18 02:15:00,경부하,76,0,0.0,15.278,15.278,0.0,0.0,0.0
2026-10-18 02:30:00,경부하,76,0,0.0,15.838,15.838,0.0,0.0,0.0
2026-10-18 02:45:00,경부하,76,0,0.0,15.985,15.985,0.0,0.0,0.0
2026-10-18 03:00:00,경부하,76,0,0.0,15.722,15.722,0.0,0.0,0.0
2026-10-18 03:15:00,경부하,76,0,0.0,15.743,15.743,0.0,0.0,0.0
2026-10-18 03:30:00,경부하,76,0,0.0,15.731,15.731,0.0,0.0,0.0
2026-10-18 03:45:00,경부하,76,0,0.0,15.575,15.575,0.0,0.0,0.0
2026-10-18 04:00:00,경부하,76,0,0.0,15.706,15.706,0.0,0.0,0.0
2026-10-18 04:15:00,경부하,76,0,0.0,15.354,15.354,0.0,0.0,0.0
2026-10-18 04:30:00,경부하,76,0,0.0,15.713,15.713,0.0,0.0,0.0
2026-10-18 04:45:00,경부하,76,0,0.0,15.895,15.895,0.0,0.0,0.0
2026-10-18 05:00:00,경부하,76,0,0.0,15.068,15.068,0.0,0.0,0.0
2026-10-18 05:15:00,경부하,76,0,0.0,14.018,14.018,0.0,0.0,0.0
2026-10-18 05:30:00,경부하,76,0,0.0,12.866,12.866,0.0,0.0,0.0
2026-10-18 05:45:00,경부하,76,0,0.0,12.792,12.792,0.0,0.0,0.0
2026-10-18 06:00:00,경부하,76,0,0.0,12.713,12.713,0.0,0.0,0.0
2026-10-18 06:15:00,경부하,76,0,0.0,12.64,12.64,0.0,0.0,0.0
2026-10-18 06:30:00,경부하,76,0,0.0,12.932,12.932,0.0,0.0,0.0
2026-10-18 06:45:00,경부하,76,0,0.0,12.771,12.771,0.0,0.0,0.0
2026-10-18 07:00:00,경부하,76,0,0.0,12.516,12.516,0.0,0.0,0.0
2026-10-18 07:15:00,경부하,76,0,0.0,12.54,12.54,0.0,0.0,0.0
2026-10-18 07:30:00,경부하,76,0,0.0,12.668,12.668,0.0,0.0,0.0
2026-10-18 07:45:00,경부하,76,0,0.0,14.532,14.532,0.0,0.0,0.0
2026-10-18 08:00:00,중간부하,119,0,0.0,42.572,42.572,0.0,0.0,0.0
2026-10-18 08:15:00,중간부하,119,0,0.0,65.489,65.489,0.0,0.0,0.0
2026-10-18 08:30:00,중간부하,119,0,0.0,60.635,60.635,0.0,0.0,0.0
2026-10-18 08:45:00,중간부하,119,0,0.0,65.008,65.008,0.0,0.0,0.0
2026-10-18 09:00:00,중간부하,119,0,0.0,60.27,60.27,0.0,0.0,0.0
2026-10-18 09:15:00,중간부하,119,0,0.0,63.161,63.161,0.0,0.0,0.0
2026-10-18 09:30:00,중간부하,119,0,0.0,68.01,68.01,0.0,0.0,0.0
2026-10-18 09:45:00,중간부하,119,0,0.0,62.445,62.445,0.0,0.0,0.0
2026-10-18 10:00:00,최대부하,187,1,0.0,64.752,64.752,0.0,0.0,0.0
2026-10-18 10:15:00,최대부하,187,1,0.0,64.89,64.89,0.0,0.0,0.0
2026-10-18 10:30:00,최대부하,187,1,0.0,64.339,64.339,0.0,0.0,0.0
2026-10-18 10:45:00,최대부하,187,1,0.0,62.242,62.242,0.0,0.0,0.0
2026-10-18 11:00:00,최대부하,187,1,0.0,66.597,66.597,0.0,0.0,0.0
2026-10-18 11:15:00,최대부하,187,1,0.0,62.407,62.407,0.0,0.0,0.0
2026-10-18 11:30:00,최대부하,187,1,0.0,64.188,64.188,0.0,0.0,0.0
2026-10-18 11:45:00,최대부하,187,1,0.0,41.472,41.472,0.0,0.0,0.0
2026-10-18 12:00:00,중간부하,119,0,0.0,16.96,16.96,0.0,0.0,0.0
2026-10-18 12:15:00,중간부하,119,0,0.0,16.848,16.848,0.0,0.0,0.0
2026-10-18 12:30:00,중간부하,119,0,0.0,16.795,16.795,0.0,0.0,0.0
2026-10-18 12:45:00,중간부하,119,0,0.0,16.46,16.46,0.0,0.0,0.0
2026-10-18 13:00:00,중간부하,119,0,0.0,37.534,37.534,0.0,0.0,0.0
2026-10-18 13:15:00,중간부하,119,0,0.0,67.28,67.28,0.0,0.0,0.0
2026-10-18 13:30:00,중간부하,119,0,0.0,61.742,61.742,0.0,0.0,0.0
2026-10-18 13:45:00,중간부하,119,0,0.0,62.418,62.418,0.0,0.0,0.0
2026-10-18 14:00:00,중간부하,119,0,0.0,59.25,59.25,0.0,0.0,0.0
2026-10-18 14:15:00,중간부하,119,0,0.0,59.904,59.904,0.0,0.0,0.0
2026-10-18 14:30:00,중간부하,119,0,0.0,59.657,59.657,0.0,0.0,0.0
2026-10-18 14:45:00,중간부하,119,0,0.0,58.42,58.42,0.0,0.0,0.0
2026-10-18 15:00:00,중간부하,119,0,0.0,57.632,57.632,0.0,0.0,0.0
2026-10-18 15:15:00,중간부하,119,0,0.0,57.97,57.97,0.0,0.0,0.0
2026-10-18 15:30:00,중간부하,119,0,0.0,57.804,57.804,0.0,0.0,0.0
2026-10-18 15:45:00,중간부하,119,0,0.0,57.182,57.182,0.0,0.0,0.0
2026-10-18 16:00:00,중간부하,119,0,0.0,57.992,57.992,0.0,0.0,0.0
2026-10-18 16:15:00,중간부하,119,0,0.0,52.412,52.412,0.0,0.0,0.0
2026-10-18 16:30:00,중간부하,119,0,0.0,47.272,47.272,0.0,0.0,0.0
2026-10-18 16:45:00,중간부하,119,0,0.0,25.923,25.923,0.0,0.0,0.0
2026-10-18 17:00:00,최대부하,187,1,0.0,20.468,20.468,0.0,0.0,0.0
2026-10-18 17:15:00,최대부하,187,1,0.0,20.326,20.326,0.0,0.0,0.0
2026-10-18 17:30:00,최대부하,187,1,0.0,19.438,19.438,0.0,0.0,0.0
2026-10-18 17:45:00,최대부하,187,1,0.0,18.378,18.378,0.0,0.0,0.0
2026-10-18 18:00:00,최대부하,187,1,0.0,18.608,18.608,0.0,0.0,0.0
2026-10-18 18:15:00,최대부하,187,1,0.0,18.747,18.747,0.0,0.0,0.0
2026-10-18 18:30:00,최대부하,187,1,0.0,19.018,19.018,0.0,0.0,0.0
2026-10-18 18:45:00,최대부하,187,1,0.0,19.511,19.511,0.0,0.0,0.0
2026-10-18 19:00:00,최대부하,187,1,0.0,19.579,19.579,0.0,0.0,0.0
2026-10-18 19:15:00,최대부하,187,1,0.0,19.396,19.396,0.0,0.0,0.0
2026-10-18 19:30:00,최대부하,187,1,0.0,19.217,19.217,0.0,0.0,0.0
2026-10-18 19:45:00,최대부하,187,1,0.0,19.61,19.61,0.0,0.0,0.0
2026-10-18 20:00:00,중간부하,119,0,0.0,19.327,19.327,0.0,0.0,0.0
2026-10-18 20:15:00,중간부하,119,0,0.0,19.314,19.314,0.0,0.0,0.0
2026-10-18 20:30:00,중간부하,119,0,0.0,19.325,19.325,0.0,0.0,0.0
2026-10-18 20:45:00,중간부하,119,0,0.0,16.784,16.784,0.0,0.0,0.0
2026-10-18 21:00:00,중간부하,119,0,0.0,16.109,16.109,0.0,0.0,0.0
2026-10-18 21:15:00,중간부하,119,0,0.0,15.985,15.985,0.0,0.0,0.0
2026-10-18 21:30:00,중간부하,119,0,0.0,15.941,15.941,0.0,0.0,0.0
2026-10-18 21:45:00,중간부하,119,0,0.0,15.938,15.938,0.0,0.0,0.0
2026-10-18 22:00:00,경부하,76,0,0.0,15.539,15.539,0.0,0.0,0.0
2026-10-18 22:15:00,경부하,76,0,0.0,13.565,13.565,0.0,0.0,0.0
2026-10-18 22:30:00,경부하,76,0,0.0,12.806,12.806,0.0,0.0,0.0
2026-10-18 22:45:00,경부하,76,0,0.0,13.003,13.003,0.0,0.0,0.0
2026-10-18 23:00:00,경부하,76,0,0.0,12.68,12.68,0.0,0.0,0.0
2026-10-18 23:15:00,경부하,76,0,0.0,12.646,12.646,0.0,0.0,0.0
2026-10-18 23:30:00,경부하,76,0,0.0,12.673,12.673,0.0,0.0,0.0
2026-10-18 23:45:00,경부하,76,0,0.0,12.833,12.833,0.0,0.0,0.0
2026-10-19 00:00:00,경부하,90,0,0.0,12.85,12.85,0.0,0.0,0.0
2026-10-19 00:15:00,경부하,90,0,0.0,12.956,12.956,0.0,0.0,0.0
2026-10-19 00:30:00,경부하,90,0,0.0,13.035,13.035,0.0,0.0,0.0
2026-10-19 00:45:00,경부하,90,0,0.0,13.085,13.085,0.0,0.0,0.0
2026-10-19 01:00:00,경부하,90,0,0.0,12.997,12.997,0.0,0.0,0.0
2026-10-19 01:15:00,경부하,90,0,0.0,12.794,12.794,0.0,0.0,0.0
2026-10-19 01:30:00,경부하,90,0,0.0,13.008,13.008,0.0,0.0,0.0
2026-10-19 01:45:00,경부하,90,0,0.0,12.882,12.882,0.0,0.0,0.0
2026-10-19 02:00:00,경부하,90,0,0.0,12.63,12.63,0.0,0.0,0.0
2026-10-19 02:15:00,경부하,90,0,0.0,12.98,12.98,0.0,0.0,0.0
2026-10-19 02:30:00,경부하,90,0,0.0,13.34,13.34,0.0,0.0,0.0
2026-10-19 02:45:00,경부하,90,0,0.0,12.99,12.99,0.0,0.0,0.0
2026-10-19 03:00:00,경부하,90,0,0.0,12.848,12.848,0.0,0.0,0.0
2026-10-19 03:15:00,경부하,90,0,0.0,12.751,12.751,0.0,0.0,0.0
2026-10-19 03:30:00,경부하,90,0,0.0,12.724,12.724,0.0,0.0,0.0
2026-10-19 03:45:00,경부하,90,0,0.0,12.756,12.756,0.0,0.0,0.0
2026-10-19 04:00:00,경부하,90,0,0.0,12.845,12.845,0.0,0.0,0.0
2026-10-19 04:15:00,경부하,90,0,0.0,12.782,12.782,0.0,0.0,0.0
2026-10-19 04:30:00,경부하,90,0,0.0,12.925,12.925,0.0,0.0,0.0
2026-10-19 04:45:00,경부하,90,0,0.0,12.878,12.878,0.0,0.0,0.0
2026-10-19 05:00:00,경부하,90,0,0.0,12.779,12.779,0.0,0.0,0.0
2026-10-19 05:15:00,경부하,90,0,0.0,12.618,12.618,0.0,0.0,0.0
2026-10-19 05:30:00,경부하,90,0,0.0,12.798,12.798,0.0,0.0,0.0
2026-10-19 05:45:00,경부하,90,0,0.0,12.466,12.466,0.0,0.0,0.0
2026-10-19 06:00:00,경부하,90,0,0.0,12.367,12.367,0.0,0.0,0.0
2026-10-19 06:15:00,경부하,90,0,0.0,12.623,12.623,0.0,0.0,0.0
2026-10-19 06:30:00,경부하,90,0,0.0,12.895,12.895,0.0,0.0,0.0
2026-10-19 06:45:00,경부하,90,0,0.0,12.731,12.731,0.0,0.0,0.0
2026-10-19 07:00:00,경부하,90,0,0.0,13.008,13.008,0.0,0.0,0.0
2026-10-19 07:15:00,경부하,90,0,0.0,15.638,15.638,0.0,0.0,0.0
2026-10-19 07:30:00,경부하,90,0,0.0,17.853,17.853,0.0,0.0,0.0
2026-10-19 07:45:00,경부하,90,0,0.0,20.112,20.112,0.0,0.0,0.0
2026-10-19 08:00:00,중간부하,140,0,0.0,114.752,114.752,0.0,0.0,0.0
2026-10-19 08:15:00,중간부하,140,0,0.0,251.374,251.374,0.0,0.0,0.0
2026-10-19 08:30:00,중간부하,140,0,0.0,265.695,265.695,0.0,0.0,0.0
2026-10-19 08:45:00,중간부하,140,0,0.0,276.251,276.251,0.0,0.0,0.0
2026-10-19 09:00:00,중간부하,140,0,0.0,280.412,280.412,0.0,0.0,0.0
2026-10-19 09:15:00,중간부하,140,0,0.0,266.788,266.788,0.0,0.0,0.0
2026-10-19 09:30:00,중간부하,140,0,0.0,285.483,285.483,0.0,0.0,0.0
2026-10-19 09:45:00,중간부하,140,0,0.0,277.985,277.985,0.0,0.0,0.0
2026-10-19 10:00:00,최대부하,220,1,0.0,259.021,259.021,0.0,0.0,0.0
2026-10-19 10:15:00,최대부하,220,1,0.0,269.785,269.785,0.0,0.0,0.0
2026-10-19 10:30:00,최대부하,220,1,0.0,263.931,263.931,0.0,0.0,0.0
2026-10-19 10:45:00,최대부하,220,1,0.0,271.781,271.781,0.0,0.0,0.0
2026-10-19 11:00:00,최대부하,220,1,0.0,284.783,284.783,0.0,0.0,0.0
2026-10-19 11:15:00,최대부하,220,1,0.0,271.371,271.371,0.0,0.0,0.0
2026-10-19 11:30:00,최대부하,220,1,0.0,278.232,278.232,0.0,0.0,0.0
2026-10-19 11:45:00,최대부하,220,1,0.0,252.95,252.95,0.0,0.0,0.0
2026-10-19 12:00:00,중간부하,140,0,0.0,43.005,43.005,0.0,0.0,0.0
2026-10-19 12:15:00,중간부하,140,0,0.0,28.669,28.669,0.0,0.0,0.0
2026-10-19 12:30:00,중간부하,140,0,0.0,27.18,27.18,0.0,0.0,0.0
2026-10-19 12:45:00,중간부하,140,0,0.0,27.192,27.192,0.0,0.0,0.0
2026-10-19 13:00:00,중간부하,140,0,0.0,189.26,189.26,0.0,0.0,0.0
2026-10-19 13:15:00,중간부하,140,0,0.0,278.242,278.242,0.0,0.0,0.0
2026-10-19 13:30:00,중간부하,140,0,0.0,289.083,289.083,0.0,0.0,0.0
2026-10-19 13:45:00,중간부하,140,0,0.0,283.115,283.115,0.0,0.0,0.0
2026-10-19 14:00:00,중간부하,140,0,0.0,280.602,280.602,0.0,0.0,0.0
2026-10-19 14:15:00,중간부하,140,0,0.0,281.37,281.37,0.0,0.0,0.0
2026-10-19 14:30:00,중간부하,140,0,0.0,269.744,269.744,0.0,0.0,0.0
2026-10-19 14:45:00,중간부하,140,0,0.0,265.072,265.072,0.0,0.0,0.0
2026-10-19 15:00:00,중간부하,140,0,0.0,267.761,267.761,0.0,0.0,0.0
2026-10-19 15:15:00,중간부하,140,0,0.0,261.191,261.191,0.0,0.0,0.0
2026-10-19 15:30:00,중간부하,140,0,0.0,274.968,274.968,0.0,0.0,0.0
2026-10-19 15:45:00,중간부하,140,0,0.0,276.381,276.381,0.0,0.0,0.0
2026-10-19 16:00:00,중간부하,140,0,0.0,265.951,265.951,0.0,0.0,0.0
2026-10-19 16:15:00,중간부하,140,0,0.0,262.306,262.306,0.0,0.0,0.0
2026-10-19 16:30:00,중간부하,140,0,0.0,274.065,274.065,0.0,0.0,0.0
2026-10-19 16:45:00,중간부하,140,0,0.0,275.57,275.57,0.0,0.0,0.0
2026-10-19 17:00:00,최대부하,220,1,0.0,256.761,256.761,0.0,0.0,0.0
2026-10-19 17:15:00,최대부하,220,1,0.0,251.72,251.72,0.0,0.0,0.0
2026-10-19 17:30:00,최대부하,220,1,0.0,144.286,144.286,0.0,0.0,0.0
2026-10-19 17:45:00,최대부하,220,1,0.0,128.107,128.107,0.0,0.0,0.0
2026-10-19 18:00:00,최대부하,220,1,0.0,165.557,165.557,0.0,0.0,0.0
2026-10-19 18:15:00,최대부하,220,1,0.0,207.442,207.442,0.0,0.0,0.0
2026-10-19 18:30:00,최대부하,220,1,0.0,218.337,218.337,0.0,0.0,0.0
2026-10-19 18:45:00,최대부하,220,1,0.0,210.851,210.851,0.0,0.0,0.0
2026-10-19 19:00:00,최대부하,220,1,0.0,209.525,209.525,0.0,0.0,0.0
2026-10-19 19:15:00,최대부하,220,1,0.0,221.882,221.882,0.0,0.0,0.0
2026-10-19 19:30:00,최대부하,220,1,0.0,222.524,222.524,0.0,0.0,0.0
2026-10-19 19:45:00,최대부하,220,1,0.0,220.453,220.453,0.0,0.0,0.0
2026-10-19 20:00:00,중간부하,140,0,0.0,223.052,223.052,0.0,0.0,0.0
2026-10-19 20:15:00,중간부하,140,0,0.0,214.365,214.365,0.0,0.0,0.0
2026-10-19 20:30:00,중간부하,140,0,0.0,191.101,191.101,0.0,0.0,0.0
2026-10-19 20:45:00,중간부하,140,0,0.0,132.022,132.022,0.0,0.0,0.0
2026-10-19 21:00:00,중간부하,140,0,0.0,57.185,57.185,0.0,0.0,0.0
2026-10-19 21:15:00,중간부하,140,0,0.0,44.256,44.256,0.0,0.0,0.0
2026-10-19 21:30:00,중간부하,140,0,0.0,44.252,44.252,0.0,0.0,0.0
2026-10-19 21:45:00,중간부하,140,0,0.0,44.954,44.954,0.0,0.0,0.0
2026-10-19 22:00:00,경부하,90,0,0.0,48.264,48.264,0.0,0.0,0.0
2026-10-19 22:15:00,경부하,90,0,0.0,38.911,38.911,0.0,0.0,0.0
2026-10-19 22:30:00,경부하,90,0,0.0,36.838,36.838,0.0,0.0,0.0
2026-10-19 22:45:00,경부하,90,0,0.0,34.514,34.514,0.0,0.0,0.0
2026-10-19 23:00:00,경부하,90,0,0.0,34.921,34.921,0.0,0.0,0.0
2026-10-19 23:15:00,경부하,90,0,0.0,36.772,36.772,0.0,0.0,0.0
2026-10-19 23:30:00,경부하,90,0,0.0,34.484,34.484,0.0,0.0,0.0
2026-10-19 23:45:00,경부하,90,0,0.0,36.675,36.675,0.0,0.0,0.0
2026-10-20 00:00:00,경부하,90,0,0.0,36.114,36.114,0.0,0.0,0.0
2026-10-20 00:15:00,경부하,90,0,0.0,39.337,39.337,0.0,0.0,0.0
2026-10-20 00:30:00,경부하,90,0,0.0,37.004,37.004,0.0,0.0,0.0
2026-10-20 00:45:00,경부하,90,0,0.0,41.599,41.599,0.0,0.0,0.0
2026-10-20 01:00:00,경부하,90,0,0.0,35.127,35.127,0.0,0.0,0.0
2026-10-20 01:15:00,경부하,90,0,0.0,24.466,24.466,0.0,0.0,0.0
2026-10-20 01:30:00,경부하,90,0,0.0,17.961,17.961,0.0,0.0,0.0
2026-10-20 01:45:00,경부하,90,0,0.0,17.045,17.045,0.0,0.0,0.0
2026-10-20 02:00:00,경부하,90,0,0.0,17.12,17.12,0.0,0.0,0.0
2026-10-20 02:15:00,경부하,90,0,0.0,17.022,17.022,0.0,0.0,0.0
2026-10-20 02:30:00,경부하,90,0,0.0,16.892,16.892,0.0,0.0,0.0
2026-10-20 02:45:00,경부하,90,0,0.0,16.721,16.721,0.0,0.0,0.0
2026-10-20 03:00:00,경부하,90,0,0.0,16.683,16.683,0.0,0.0,0.0
2026-10-20 03:15:00,경부하,90,0,0.0,16.655,16.655,0.0,0.0,0.0
2026-10-20 03:30:00,경부하,90,0,0.0,16.456,16.456,0.0,0.0,0.0
2026-10-20 03:45:00,경부하,90,0,0.0,16.764,16.764,0.0,0.0,0.0
2026-10-20 04:00:00,경부하,90,0,0.0,16.588,16.588,0.0,0.0,0.0
2026-10-20 04:15:00,경부하,90,0,0.0,16.348,16.348,0.0,0.0,0.0
2026-10-20 04:30:00,경부하,90,0,0.0,16.541,16.541,0.0,0.0,0.0
2026-10-20 04:45:00,경부하,90,0,0.0,16.217,16.217,0.0,0.0,0.0
2026-10-20 05:00:00,경부하,90,0,0.0,16.445,16.445,0.0,0.0,0.0
2026-10-20 05:15:00,경부하,90,0,0.0,16.532,16.532,0.0,0.0,0.0
2026-10-20 05:30:00,경부하,90,0,0.0,16.422,16.422,0.0,0.0,0.0
2026-10-20 05:45:00,경부하,90,0,0.0,16.698,16.698,0.0,0.0,0.0
2026-10-20 06:00:00,경부하,90,0,0.0,16.323,16.323,0.0,0.0,0.0
2026-10-20 06:15:00,경부하,90,0,0.0,16.122,16.122,0.0,0.0,0.0
2026-10-20 06:30:00,경부하,90,0,0.0,16.009,16.009,0.0,0.0,0.0
2026-10-20 06:45:00,경부하,90,0,0.0,15.721,15.721,0.0,0.0,0.0
2026-10-20 07:00:00,경부하,90,0,0.0,16.168,16.168,0.0,0.0,0.0
2026-10-20 07:15:00,경부하,90,0,0.0,18.227,18.227,0.0,0.0,0.0
2026-10-20 07:30:00,경부하,90,0,0.0,21.363,21.363,0.0,0.0,0.0
2026-10-20 07:45:00,경부하,90,0,0.0,29.263,29.263,0.0,0.0,0.0
2026-10-20 08:00:00,중간부하,140,0,0.0,151.495,151.495,0.0,0.0,0.0
2026-10-20 08:15:00,중간부하,140,0,0.0,243.643,243.643,0.0,0.0,0.0
2026-10-20 08:30:00,중간부하,140,0,0.0,265.412,265.412,0.0,0.0,0.0
2026-10-20 08:45:00,중간부하,140,0,0.0,290.912,290.912,0.0,0.0,0.0
2026-10-20 09:00:00,중간부하,140,0,0.0,279.681,279.681,0.0,0.0,0.0
2026-10-20 09:15:00,중간부하,140,0,0.0,283.746,283.746,0.0,0.0,0.0
2026-10-20 09:30:00,중간부하,140,0,0.0,279.415,279.415,0.0,0.0,0.0
2026-10-20 09:45:00,중간부하,140,0,0.0,272.546,272.546,0.0,0.0,0.0
2026-10-20 10:00:00,최대부하,220,1,0.0,265.441,265.441,0.0,0.0,0.0
2026-10-20 10:15:00,최대부하,220,1,0.0,261.782,261.782,0.0,0.0,0.0
2026-10-20 10:30:00,최대부하,220,1,0.0,275.664,275.664,0.0,0.0,0.0
2026-10-20 10:45:00,최대부하,220,1,0.0,266.892,266.892,0.0,0.0,0.0
2026-10-20 11:00:00,최대부하,220,1,0.0,287.107,287.107,0.0,0.0,0.0
2026-10-20 11:15:00,최대부하,220,1,0.0,284.135,284.135,0.0,0.0,0.0
2026-10-20 11:30:00,최대부하,220,1,0.0,276.332,276.332,0.0,0.0,0.0
2026-10-20 11:45:00,최대부하,220,1,0.0,273.556,273.556,0.0,0.0,0.0
2026-10-20 12:00:00,중간부하,140,0,0.0,46.767,46.767,0.0,0.0,0.0
2026-10-20 12:15:00,중간부하,140,0,0.0,27.72,27.72,0.0,0.0,0.0
2026-10-20 12:30:00,중간부하,140,0,0.0,26.774,26.774,0.0,0.0,0.0
2026-10-20 12:45:00,중간부하,140,0,0.0,27.928,27.928,0.0,0.0,0.0
2026-10-20 13:00:00,중간부하,140,0,0.0,182.489,182.489,0.0,0.0,0.0
2026-10-20 13:15:00,중간부하,140,0,0.0,285.736,285.736,0.0,0.0,0.0
2026-10-20 13:30:00,중간부하,140,0,0.0,286.145,286.145,0.0,0.0,0.0
2026-10-20 13:45:00,중간부하,140,0,0.0,279.957,279.957,0.0,0.0,0.0
2026-10-20 14:00:00,중간부하,140,0,0.0,264.714,264.714,0.0,0.0,0.0
2026-10-20 14:15:00,중간부하,140,0,0.0,274.39,274.39,0.0,0.0,0.0
2026-10-20 14:30:00,중간부하,140,0,0.0,268.019,268.019,0.0,0.0,0.0
2026-10-20 14:45:00,중간부하,140,0,0.0,270.076,270.076,0.0,0.0,0.0
2026-10-20 15:00:00,중간부하,140,0,0.0,262.217,262.217,0.0,0.0,0.0
2026-10-20 15:15:00,중간부하,140,0,0.0,268.865,268.865,0.0,0.0,0.0
2026-10-20 15:30:00,중간부하,140,0,0.0,285.578,285.578,0.0,0.0,0.0
2026-10-20 15:45:00,중간부하,140,0,0.0,277.58,277.58,0.0,0.0,0.0
2026-10-20 16:00:00,중간부하,140,0,0.0,278.23,278.23,0.0,0.0,0.0
2026-10-20 16:15:00,중간부하,140,0,0.0,276.398,276.398,0.0,0.0,0.0
2026-10-20 16:30:00,중간부하,140,0,0.0,285.036,285.036,0.0,0.0,0.0
2026-10-20 16:45:00,중간부하,140,0,0.0,281.371,281.371,0.0,0.0,0.0
2026-10-20 17:00:00,최대부하,220,1,0.0,269.065,269.065,0.0,0.0,0.0
2026-10-20 17:15:00,최대부하,220,1,0.0,257.127,257.127,0.0,0.0,0.0
2026-10-20 17:30:00,최대부하,220,1,0.0,158.167,158.167,0.0,0.0,0.0
2026-10-20 17:45:00,최대부하,220,1,0.0,133.933,133.933,0.0,0.0,0.0
2026-10-20 18:00:00,최대부하,220,1,0.0,173.995,173.995,0.0,0.0,0.0
2026-10-20 18:15:00,최대부하,220,1,0.0,228.677,228.677,0.0,0.0,0.0
2026-10-20 18:30:00,최대부하,220,1,0.0,221.255,221.255,0.0,0.0,0.0
2026-10-20 18:45:00,최대부하,220,1,0.0,225.055,225.055,0.0,0.0,0.0
2026-10-20 19:00:00,최대부하,220,1,0.0,215.646,215.646,0.0,0.0,0.0
2026-10-20 19:15:00,최대부하,220,1,0.0,224.292,224.292,0.0,0.0,0.0
2026-10-20 19:30:00,최대부하,220,1,0.0,224.765,224.765,0.0,0.0,0.0
2026-10-20 19:45:00,최대부하,220,1,0.0,220.343,220.343,0.0,0.0,0.0
2026-10-20 20:00:00,중간부하,140,0,0.0,217.295,217.295,0.0,0.0,0.0
2026-10-20 20:15:00,중간부하,140,0,0.0,232.438,232.438,0.0,0.0,0.0
2026-10-20 20:30:00,중간부하,140,0,0.0,202.0,202.0,0.0,0.0,0.0
2026-10-20 20:45:00,중간부하,140,0,0.0,123.442,123.442,0.0,0.0,0.0
2026-10-20 21:00:00,중간부하,140,0,0.0,54.756,54.756,0.0,0.0,0.0
2026-10-20 21:15:00,중간부하,140,0,0.0,47.072,47.072,0.0,0.0,0.0
2026-10-20 21:30:00,중간부하,140,0,0.0,44.078,44.078,0.0,0.0,0.0
2026-10-20 21:45:00,중간부하,140,0,0.0,40.455,40.455,0.0,0.0,0.0
2026-10-20 22:00:00,경부하,90,0,0.0,40.695,40.695,0.0,0.0,0.0
2026-10-20 22:15:00,경부하,90,0,0.0,44.449,44.449,0.0,0.0,0.0
2026-10-20 22:30:00,경부하,90,0,0.0,41.861,41.861,0.0,0.0,0.0
2026-10-20 22:45:00,경부하,90,0,0.0,41.546,41.546,0.0,0.0,0.0
2026-10-20 23:00:00,경부하,90,0,0.0,42.38,42.38,0.0,0.0,0.0
2026-10-20 23:15:00,경부하,90,0,0.0,40.47,40.47,0.0,0.0,0.0
2026-10-20 23:30:00,경부하,90,0,0.0,38.335,38.335,0.0,0.0,0.0
2026-10-20 23:45:00,경부하,90,0,0.0,38.911,38.911,0.0,0.0,0.0
2026-10-21 00:00:00,경부하,90,0,0.0,37.418,37.418,0.0,0.0,0.0
2026-10-21 00:15:00,경부하,90,0,0.0,40.035,40.035,0.0,0.0,0.0
2026-10-21 00:30:00,경부하,90,0,0.0,40.663,40.663,0.0,0.0,0.0
2026-10-21 00:45:00,경부하,90,0,0.0,40.911,40.911,0.0,0.0,0.0
2026-10-21 01:00:00,경부하,90,0,0.0,33.475,33.475,0.0,0.0,0.0
2026-10-21 01:15:00,경부하,90,0,0.0,22.947,22.947,0.0,0.0,0.0
2026-10-21 01:30:00,경부하,90,0,0.0,19.222,19.222,0.0,0.0,0.0
2026-10-21 01:45:00,경부하,90,0,0.0,18.318,18.318,0.0,0.0,0.0
2026-10-21 02:00:00,경부하,90,0,0.0,18.12,18.12,0.0,0.0,0.0
2026-10-21 02:15:00,경부하,90,0,0.0,18.145,18.145,0.0,0.0,0.0
2026-10-21 02:30:00,경부하,90,0,0.0,18.082,18.082,0.0,0.0,0.0
2026-10-21 02:45:00,경부하,90,0,0.0,17.741,17.741,0.0,0.0,0.0
2026-10-21 03:00:00,경부하,90,0,0.0,18.025,18.025,0.0,0.0,0.0
2026-10-21 03:15:00,경부하,90,0,0.0,18.775,18.775,0.0,0.0,0.0
2026-10-21 03:30:00,경부하,90,0,0.0,18.358,18.358,0.0,0.0,0.0
2026-10-21 03:45:00,경부하,90,0,0.0,17.994,17.994,0.0,0.0,0.0
2026-10-21 04:00:00,경부하,90,0,0.0,18.013,18.013,0.0,0.0,0.0
2026-10-21 04:15:00,경부하,90,0,0.0,17.742,17.742,0.0,0.0,0.0
2026-10-21 04:30:00,경부하,90,0,0.0,17.35,17.35,0.0,0.0,0.0
2026-10-21 04:45:00,경부하,90,0,0.0,17.128,17.128,0.0,0.0,0.0
2026-10-21 05:00:00,경부하,90,0,0.0,17.232,17.232,0.0,0.0,0.0
2026-10-21 05:15:00,경부하,90,0,0.0,17.455,17.455,0.0,0.0,0.0
2026-10-21 05:30:00,경부하,90,0,0.0,17.556,17.556,0.0,0.0,0.0
2026-10-21 05:45:00,경부하,90,0,0.0,17.41,17.41,0.0,0.0,0.0
2026-10-21 06:00:00,경부하,90,0,0.0,17.809,17.809,0.0,0.0,0.0
2026-10-21 06:15:00,경부하,90,0,0.0,17.996,17.996,0.0,0.0,0.0
2026-10-21 06:30:00,경부하,90,0,0.0,17.65,17.65,0.0,0.0,0.0
2026-10-21 06:45:00,경부하,90,0,0.0,17.578,17.578,0.0,0.0,0.0
2026-10-21 07:00:00,경부하,90,0,0.0,17.262,17.262,0.0,0.0,0.0
2026-10-21 07:15:00,경부하,90,0,0.0,19.424,19.424,0.0,0.0,0.0
2026-10-21 07:30:00,경부하,90,0,0.0,24.39,24.39,0.0,0.0,0.0
2026-10-21 07:45:00,경부하,90,0,0.0,31.34,31.34,0.0,0.0,0.0
2026-10-21 08:00:00,중간부하,140,0,0.0,159.069,159.069,0.0,0.0,0.0
2026-10-21 08:15:00,중간부하,140,0,0.0,269.942,269.942,0.0,0.0,0.0
2026-10-21 08:30:00,중간부하,140,0,0.0,284.293,284.293,0.0,0.0,0.0
2026-10-21 08:45:00,중간부하,140,0,0.0,276.33,276.33,0.0,0.0,0.0
2026-10-21 09:00:00,중간부하,140,0,0.0,279.042,279.042,0.0,0.0,0.0
2026-10-21 09:15:00,중간부하,140,0,0.0,286.857,286.857,0.0,0.0,0.0
2026-10-21 09:30:00,중간부하,140,0,0.0,272.74,272.74,0.0,0.0,0.0
2026-10-21 09:45:00,중간부하,140,0,0.0,269.892,269.892,0.0,0.0,0.0
2026-10-21 10:00:00,최대부하,220,1,0.0,256.118,256.118,0.0,0.0,0.0
2026-10-21 10:15:00,최대부하,220,1,0.0,267.085,267.085,0.0,0.0,0.0
2026-10-21 10:30:00,최대부하,220,1,0.0,265.439,265.439,0.0,0.0,0.0
2026-10-21 10:45:00,최대부하,220,1,0.0,295.369,295.369,0.0,0.0,0.0
2026-10-21 11:00:00,최대부하,220,1,0.0,291.302,291.302,0.0,0.0,0.0
2026-10-21 11:15:00,최대부하,220,1,0.0,284.038,284.038,0.0,0.0,0.0
2026-10-21 11:30:00,최대부하,220,1,0.0,266.75,266.75,0.0,0.0,0.0
2026-10-21 11:45:00,최대부하,220,1,0.0,244.678,244.678,0.0,0.0,0.0
2026-10-21 12:00:00,중간부하,140,0,0.0,40.369,40.369,0.0,0.0,0.0
2026-10-21 12:15:00,중간부하,140,0,0.0,27.647,27.647,0.0,0.0,0.0
2026-10-21 12:30:00,중간부하,140,0,0.0,28.149,28.149,0.0,0.0,0.0
2026-10-21 12:45:00,중간부하,140,0,0.0,29.332,29.332,0.0,0.0,0.0
2026-10-21 13:00:00,중간부하,140,0,0.0,171.38,171.38,0.0,0.0,0.0
2026-10-21 13:15:00,중간부하,140,0,0.0,266.295,266.295,0.0,0.0,0.0
2026-10-21 13:30:00,중간부하,140,0,0.0,258.91,258.91,0.0,0.0,0.0
2026-10-21 13:45:00,중간부하,140,0,0.0,279.498,279.498,0.0,0.0,0.0
2026-10-21 14:00:00,중간부하,140,0,0.0,285.861,285.861,0.0,0.0,0.0
2026-10-21 14:15:00,중간부하,140,0,0.0,272.125,272.125,0.0,0.0,0.0
2026-10-21 14:30:00,중간부하,140,0,0.0,272.985,272.985,0.0,0.0,0.0
2026-10-21 14:45:00,중간부하,140,0,0.0,279.835,279.835,0.0,0.0,0.0
2026-10-21 15:00:00,중간부하,140,0,0.0,270.658,270.658,0.0,0.0,0.0
2026-10-21 15:15:00,중간부하,140,0,0.0,269.159,269.159,0.0,0.0,0.0
2026-10-21 15:30:00,중간부하,140,0,0.0,271.022,271.022,0.0,0.0,0.0
2026-10-21 15:45:00,중간부하,140,0,0.0,271.092,271.092,0.0,0.0,0.0
2026-10-21 16:00:00,중간부하,140,0,0.0,264.628,264.628,0.0,0.0,0.0
2026-10-21 16:15:00,중간부하,140,0,0.0,280.148,280.148,0.0,0.0,0.0
2026-10-21 16:30:00,중간부하,140,0,0.0,287.726,287.726,0.0,0.0,0.0
2026-10-21 16:45:00,중간부하,140,0,0.0,269.837,269.837,0.0,0.0,0.0
2026-10-21 17:00:00,최대부하,220,1,0.0,269.621,269.621,0.0,0.0,0.0
2026-10-21 17:15:00,최대부하,220,1,0.0,251.815,251.815,0.0,0.0,0.0
2026-10-21 17:30:00,최대부하,220,1,0.0,173.331,173.331,0.0,0.0,0.0
2026-10-21 17:45:00,최대부하,220,1,0.0,135.333,135.333,0.0,0.0,0.0
2026-10-21 18:00:00,최대부하,220,1,0.0,124.455,124.455,0.0,0.0,0.0
2026-10-21 18:15:00,최대부하,220,1,0.0,154.137,154.137,0.0,0.0,0.0
2026-10-21 18:30:00,최대부하,220,1,0.0,151.595,151.595,0.0,0.0,0.0
2026-10-21 18:45:00,최대부하,220,1,0.0,158.055,158.055,0.0,0.0,0.0
2026-10-21 19:00:00,최대부하,220,1,0.0,152.064,152.064,0.0,0.0,0.0
2026-10-21 19:15:00,최대부하,220,1,0.0,150.662,150.662,0.0,0.0,0.0
2026-10-21 19:30:00,최대부하,220,1,0.0,147.891,147.891,0.0,0.0,0.0
2026-10-21 19:45:00,최대부하,220,1,0.0,153.55,153.55,0.0,0.0,0.0
2026-10-21 20:00:00,중간부하,140,0,0.0,159.595,159.595,0.0,0.0,0.0
2026-10-21 20:15:00,중간부하,140,0,0.0,154.218,154.218,0.0,0.0,0.0
2026-10-21 20:30:00,중간부하,140,0,0.0,133.906,133.906,0.0,0.0,0.0
2026-10-21 20:45:00,중간부하,140,0,0.0,90.133,90.133,0.0,0.0,0.0
2026-10-21 21:00:00,중간부하,140,0,0.0,54.913,54.913,0.0,0.0,0.0
2026-10-21 21:15:00,중간부하,140,0,0.0,49.363,49.363,0.0,0.0,0.0
2026-10-21 21:30:00,중간부하,140,0,0.0,48.443,48.443,0.0,0.0,0.0
2026-10-21 21:45:00,중간부하,140,0,0.0,39.593,39.593,0.0,0.0,0.0
2026-10-21 22:00:00,경부하,90,0,0.0,34.38,34.38,0.0,0.0,0.0
2026-10-21 22:15:00,경부하,90,0,0.0,32.804,32.804,0.0,0.0,0.0
2026-10-21 22:30:00,경부하,90,0,0.0,31.518,31.518,0.0,0.0,0.0
2026-10-21 22:45:00,경부하,90,0,0.0,34.164,34.164,0.0,0.0,0.0
2026-10-21 23:00:00,경부하,90,0,0.0,33.887,33.887,0.0,0.0,0.0
2026-10-21 23:15:00,경부하,90,0,0.0,34.529,34.529,0.0,0.0,0.0
2026-10-21 23:30:00,경부하,90,0,0.0,33.838,33.838,0.0,0.0,0.0
2026-10-21 23:45:00,경부하,90,0,0.0,30.667,30.667,0.0,0.0,0.0
2026-10-22 00:00:00,경부하,90,0,0.0,33.367,33.367,0.0,0.0,0.0
2026-10-22 00:15:00,경부하,90,0,0.0,33.265,33.265,0.0,0.0,0.0
2026-10-22 00:30:00,경부하,90,0,0.0,31.42,31.42,0.0,0.0,0.0
2026-10-22 00:45:00,경부하,90,0,0.0,34.583,34.583,0.0,0.0,0.0
2026-10-22 01:00:00,경부하,90,0,0.0,30.894,30.894,0.0,0.0,0.0
2026-10-22 01:15:00,경부하,90,0,0.0,20.935,20.935,0.0,0.0,0.0
2026-10-22 01:30:00,경부하,90,0,0.0,18.714,18.714,0.0,0.0,0.0
2026-10-22 01:45:00,경부하,90,0,0.0,19.015,19.015,0.0,0.0,0.0
2026-10-22 02:00:00,경부하,90,0,0.0,19.253,19.253,0.0,0.0,0.0
2026-10-22 02:15:00,경부하,90,0,0.0,19.285,19.285,0.0,0.0,0.0
2026-10-22 02:30:00,경부하,90,0,0.0,18.778,18.778,0.0,0.0,0.0
2026-10-22 02:45:00,경부하,90,0,0.0,18.864,18.864,0.0,0.0,0.0
2026-10-22 03:00:00,경부하,90,0,0.0,19.052,19.052,0.0,0.0,0.0
2026-10-22 03:15:00,경부하,90,0,0.0,18.583,18.583,0.0,0.0,0.0
2026-10-22 03:30:00,경부하,90,0,0.0,18.577,18.577,0.0,0.0,0.0
2026-10-22 03:45:00,경부하,90,0,0.0,19.012,19.012,0.0,0.0,0.0
2026-10-22 04:00:00,경부하,90,0,0.0,19.283,19.283,0.0,0.0,0.0
2026-10-22 04:15:00,경부하,90,0,0.0,19.173,19.173,0.0,0.0,0.0
2026-10-22 04:30:00,경부하,90,0,0.0,18.645,18.645,0.0,0.0,0.0
2026-10-22 04:45:00,경부하,90,0,0.0,18.767,18.767,0.0,0.0,0.0
2026-10-22 05:00:00,경부하,90,0,0.0,18.808,18.808,0.0,0.0,0.0
2026-10-22 05:15:00,경부하,90,0,0.0,18.412,18.412,0.0,0.0,0.0
2026-10-22 05:30:00,경부하,90,0,0.0,18.757,18.757,0.0,0.0,0.0
2026-10-22 05:45:00,경부하,90,0,0.0,19.035,19.035,0.0,0.0,0.0
2026-10-22 06:00:00,경부하,90,0,0.0,18.143,18.143,0.0,0.0,0.0
2026-10-22 06:15:00,경부하,90,0,0.0,18.978,18.978,0.0,0.0,0.0
2026-10-22 06:30:00,경부하,90,0,0.0,18.828,18.828,0.0,0.0,0.0
2026-10-22 06:45:00,경부하,90,0,0.0,18.335,18.335,0.0,0.0,0.0
2026-10-22 07:00:00,경부하,90,0,0.0,18.24,18.24,0.0,0.0,0.0
2026-10-22 07:15:00,경부하,90,0,0.0,20.425,20.425,0.0,0.0,0.0
2026-10-22 07:30:00,경부하,90,0,0.0,23.757,23.757,0.0,0.0,0.0
2026-10-22 07:45:00,경부하,90,0,0.0,27.183,27.183,0.0,0.0,0.0
2026-10-22 08:00:00,중간부하,140,0,0.0,191.397,191.397,0.0,0.0,0.0
2026-10-22 08:15:00,중간부하,140,0,0.0,305.288,305.288,0.0,0.0,0.0
2026-10-22 08:30:00,중간부하,140,0,0.0,307.401,307.401,0.0,0.0,0.0
2026-10-22 08:45:00,중간부하,140,0,0.0,323.661,323.661,0.0,0.0,0.0
2026-10-22 09:00:00,중간부하,140,0,0.0,308.033,308.033,0.0,0.0,0.0
2026-10-22 09:15:00,중간부하,140,0,0.0,300.822,300.822,0.0,0.0,0.0
2026-10-22 09:30:00,중간부하,140,0,0.0,298.718,298.718,0.0,0.0,0.0
2026-10-22 09:45:00,중간부하,140,0,0.0,292.326,292.326,0.0,0.0,0.0
2026-10-22 10:00:00,최대부하,220,1,0.0,302.987,302.987,0.0,0.0,0.0
2026-10-22 10:15:00,최대부하,220,1,0.0,289.321,289.321,0.0,0.0,0.0
2026-10-22 10:30:00,최대부하,220,1,0.0,294.67,294.67,0.0,0.0,0.0
2026-10-22 10:45:00,최대부하,220,1,0.0,280.6,280.6,0.0,0.0,0.0
2026-10-22 11:00:00,최대부하,220,1,0.0,285.437,285.437,0.0,0.0,0.0
2026-10-22 11:15:00,최대부하,220,1,0.0,285.953,285.953,0.0,0.0,0.0
2026-10-22 11:30:00,최대부하,220,1,0.0,286.922,286.922,0.0,0.0,0.0
2026-10-22 11:45:00,최대부하,220,1,0.0,276.387,276.387,0.0,0.0,0.0
2026-10-22 12:00:00,중간부하,140,0,0.0,49.101,49.101,0.0,0.0,0.0
2026-10-22 12:15:00,중간부하,140,0,0.0,28.675,28.675,0.0,0.0,0.0
2026-10-22 12:30:00,중간부하,140,0,0.0,30.302,30.302,0.0,0.0,0.0
2026-10-22 12:45:00,중간부하,140,0,0.0,33.602,33.602,0.0,0.0,0.0
2026-10-22 13:00:00,중간부하,140,0,0.0,187.318,187.318,0.0,0.0,0.0
2026-10-22 13:15:00,중간부하,140,0,0.0,272.024,272.024,0.0,0.0,0.0
2026-10-22 13:30:00,중간부하,140,0,0.0,272.189,272.189,0.0,0.0,0.0
2026-10-22 13:45:00,중간부하,140,0,0.0,266.752,266.752,0.0,0.0,0.0
2026-10-22 14:00:00,중간부하,140,0,0.0,264.631,264.631,0.0,0.0,0.0
2026-10-22 14:15:00,중간부하,140,0,0.0,265.352,265.352,0.0,0.0,0.0
2026-10-22 14:30:00,중간부하,140,0,0.0,265.271,265.271,0.0,0.0,0.0
2026-10-22 14:45:00,중간부하,140,0,0.0,270.798,270.798,0.0,0.0,0.0
2026-10-22 15:00:00,중간부하,140,0,0.0,260.983,260.983,0.0,0.0,0.0
2026-10-22 15:15:00,중간부하,140,0,0.0,261.572,261.572,0.0,0.0,0.0
2026-10-22 15:30:00,중간부하,140,0,0.0,281.624,281.624,0.0,0.0,0.0
2026-10-22 15:45:00,중간부하,140,0,0.0,262.866,262.866,0.0,0.0,0.0
2026-10-22 16:00:00,중간부하,140,0,0.0,277.955,277.955,0.0,0.0,0.0
2026-10-22 16:15:00,중간부하,140,0,0.0,271.536,271.536,0.0,0.0,0.0
2026-10-22 16:30:00,중간부하,140,0,0.0,264.813,264.813,0.0,0.0,0.0
2026-10-22 16:45:00,중간부하,140,0,0.0,251.23,251.23,0.0,0.0,0.0
2026-10-22 17:00:00,최대부하,220,1,0.0,270.641,270.641,0.0,0.0,0.0
2026-10-22 17:15:00,최대부하,220,1,0.0,243.981,243.981,0.0,0.0,0.0
2026-10-22 17:30:00,최대부하,220,1,0.0,137.975,137.975,0.0,0.0,0.0
2026-10-22 17:45:00,최대부하,220,1,0.0,130.982,130.982,0.0,0.0,0.0
2026-10-22 18:00:00,최대부하,220,1,0.0,180.622,180.622,0.0,0.0,0.0
2026-10-22 18:15:00,최대부하,220,1,0.0,228.064,228.064,0.0,0.0,0.0
2026-10-22 18:30:00,최대부하,220,1,0.0,216.218,216.218,0.0,0.0,0.0
2026-10-22 18:45:00,최대부하,220,1,0.0,231.463,231.463,0.0,0.0,0.0
2026-10-22 19:00:00,최대부하,220,1,0.0,214.949,214.949,0.0,0.0,0.0
2026-10-22 19:15:00,최대부하,220,1,0.0,222.671,222.671,0.0,0.0,0.0
2026-10-22 19:30:00,최대부하,220,1,0.0,223.345,223.345,0.0,0.0,0.0
2026-10-22 19:45:00,최대부하,220,1,0.0,216.407,216.407,0.0,0.0,0.0
2026-10-22 20:00:00,중간부하,140,0,0.0,216.952,216.952,0.0,0.0,0.0
2026-10-22 20:15:00,중간부하,140,0,0.0,235.69,235.69,0.0,0.0,0.0
2026-10-22 20:30:00,중간부하,140,0,0.0,201.626,201.626,0.0,0.0,0.0
2026-10-22 20:45:00,중간부하,140,0,0.0,136.433,136.433,0.0,0.0,0.0
2026-10-22 21:00:00,중간부하,140,0,0.0,77.192,77.192,0.0,0.0,0.0
2026-10-22 21:15:00,중간부하,140,0,0.0,52.722,52.722,0.0,0.0,0.0
2026-10-22 21:30:00,중간부하,140,0,0.0,43.755,43.755,0.0,0.0,0.0
2026-10-22 21:45:00,중간부하,140,0,0.0,41.743,41.743,0.0,0.0,0.0
2026-10-22 22:00:00,경부하,90,0,0.0,39.685,39.685,0.0,0.0,0.0
2026-10-22 22:15:00,경부하,90,0,0.0,36.102,36.102,0.0,0.0,0.0
2026-10-22 22:30:00,경부하,90,0,0.0,39.482,39.482,0.0,0.0,0.0
2026-10-22 22:45:00,경부하,90,0,0.0,41.073,41.073,0.0,0.0,0.0
2026-10-22 23:00:00,경부하,90,0,0.0,35.87,35.87,0.0,0.0,0.0
2026-10-22 23:15:00,경부하,90,0,0.0,34.091,34.091,0.0,0.0,0.0
2026-10-22 23:30:00,경부하,90,0,0.0,36.598,36.598,0.0,0.0,0.0
2026-10-22 23:45:00,경부하,90,0,0.0,39.829,39.829,0.0,0.0,0.0
2026-10-23 00:00:00,경부하,90,0,0.0,30.361,30.361,0.0,0.0,0.0
2026-10-23 00:15:00,경부하,90,0,0.0,38.746,38.746,0.0,0.0,0.0
2026-10-23 00:30:00,경부하,90,0,0.0,35.905,35.905,0.0,0.0,0.0
2026-10-23 00:45:00,경부하,90,0,0.0,33.632,33.632,0.0,0.0,0.0
2026-10-23 01:00:00,경부하,90,0,0.0,24.041,24.041,0.0,0.0,0.0
2026-10-23 01:15:00,경부하,90,0,0.0,21.534,21.534,0.0,0.0,0.0
2026-10-23 01:30:00,경부하,90,0,0.0,20.223,20.223,0.0,0.0,0.0
2026-10-23 01:45:00,경부하,90,0,0.0,19.115,19.115,0.0,0.0,0.0
2026-10-23 02:00:00,경부하,90,0,0.0,22.425,22.425,0.0,0.0,0.0
2026-10-23 02:15:00,경부하,90,0,0.0,22.317,22.317,0.0,0.0,0.0
2026-10-23 02:30:00,경부하,90,0,0.0,20.325,20.325,0.0,0.0,0.0
2026-10-23 02:45:00,경부하,90,0,0.0,21.089,21.089,0.0,0.0,0.0
2026-10-23 03:00:00,경부하,90,0,0.0,20.312,20.312,0.0,0.0,0.0
2026-10-23 03:15:00,경부하,90,0,0.0,21.456,21.456,0.0,0.0,0.0
2026-10-23 03:30:00,경부하,90,0,0.0,19.235,19.235,0.0,0.0,0.0
2026-10-23 03:45:00,경부하,90,0,0.0,19.102,19.102,0.0,0.0,0.0
2026-10-23 04:00:00,경부하,90,0,0.0,19.117,19.117,0.0,0.0,0.0
2026-10-23 04:15:00,경부하,90,0,0.0,20.109,20.109,0.0,0.0,0.0
2026-10-23 04:30:00,경부하,90,0,0.0,18.887,18.887,0.0,0.0,0.0
2026-10-23 04:45:00,경부하,90,0,0.0,18.64,18.64,0.0,0.0,0.0
2026-10-23 05:00:00,경부하,90,0,0.0,18.962,18.962,0.0,0.0,0.0
2026-10-23 05:15:00,경부하,90,0,0.0,20.562,20.562,0.0,0.0,0.0
2026-10-23 05:30:00,경부하,90,0,0.0,21.922,21.922,0.0,0.0,0.0
2026-10-23 05:45:00,경부하,90,0,0.0,21.122,21.122,0.0,0.0,0.0
2026-10-23 06:00:00,경부하,90,0,0.0,21.338,21.338,0.0,0.0,0.0
2026-10-23 06:15:00,경부하,90,0,0.0,21.855,21.855,0.0,0.0,0.0
2026-10-23 06:30:00,경부하,90,0,0.0,20.911,20.911,0.0,0.0,0.0
2026-10-23 06:45:00,경부하,90,0,0.0,22.001,22.001,0.0,0.0,0.0
2026-10-23 07:00:00,경부하,90,0,0.0,21.557,21.557,0.0,0.0,0.0
2026-10-23 07:15:00,경부하,90,0,0.0,21.214,21.214,0.0,0.0,0.0
2026-10-23 07:30:00,경부하,90,0,0.0,26.972,26.972,0.0,0.0,0.0
2026-10-23 07:45:00,경부하,90,0,0.0,26.195,26.195,0.0,0.0,0.0
2026-10-23 08:00:00,중간부하,140,0,0.0,156.597,156.597,0.0,0.0,0.0
2026-10-23 08:15:00,중간부하,140,0,0.0,260.635,260.635,0.0,0.0,0.0
2026-10-23 08:30:00,중간부하,140,0,0.0,279.825,279.825,0.0,0.0,0.0
2026-10-23 08:45:00,중간부하,140,0,0.0,290.583,290.583,0.0,0.0,0.0
2026-10-23 09:00:00,중간부하,140,0,0.0,293.703,293.703,0.0,0.0,0.0
2026-10-23 09:15:00,중간부하,140,0,0.0,276.915,276.915,0.0,0.0,0.0
2026-10-23 09:30:00,중간부하,140,0,0.0,264.379,264.379,0.0,0.0,0.0
2026-10-23 09:45:00,중간부하,140,0,0.0,263.182,263.182,0.0,0.0,0.0
2026-10-23 10:00:00,최대부하,220,1,0.0,254.578,254.578,0.0,0.0,0.0
2026-10-23 10:15:00,최대부하,220,1,0.0,258.041,258.041,0.0,0.0,0.0
2026-10-23 10:30:00,최대부하,220,1,0.0,251.716,251.716,0.0,0.0,0.0
2026-10-23 10:45:00,최대부하,220,1,0.0,256.311,256.311,0.0,0.0,0.0
2026-10-23 11:00:00,최대부하,220,1,0.0,262.412,262.412,0.0,0.0,0.0
2026-10-23 11:15:00,최대부하,220,1,0.0,269.604,269.604,0.0,0.0,0.0
2026-10-23 11:30:00,최대부하,220,1,0.0,260.805,260.805,0.0,0.0,0.0
2026-10-23 11:45:00,최대부하,220,1,0.0,255.243,255.243,0.0,0.0,0.0
2026-10-23 12:00:00,중간부하,140,0,0.0,46.342,46.342,0.0,0.0,0.0
2026-10-23 12:15:00,중간부하,140,0,0.0,24.532,24.532,0.0,0.0,0.0
2026-10-23 12:30:00,중간부하,140,0,0.0,23.851,23.851,0.0,0.0,0.0
2026-10-23 12:45:00,중간부하,140,0,0.0,23.976,23.976,0.0,0.0,0.0
2026-10-23 13:00:00,중간부하,140,0,0.0,174.841,174.841,0.0,0.0,0.0
2026-10-23 13:15:00,중간부하,140,0,0.0,260.305,260.305,0.0,0.0,0.0
2026-10-23 13:30:00,중간부하,140,0,0.0,270.731,270.731,0.0,0.0,0.0
2026-10-23 13:45:00,중간부하,140,0,0.0,258.359,258.359,0.0,0.0,0.0
2026-10-23 14:00:00,중간부하,140,0,0.0,266.001,266.001,0.0,0.0,0.0
2026-10-23 14:15:00,중간부하,140,0,0.0,269.82,269.82,0.0,0.0,0.0
2026-10-23 14:30:00,중간부하,140,0,0.0,270.388,270.388,0.0,0.0,0.0
2026-10-23 14:45:00,중간부하,140,0,0.0,266.162,266.162,0.0,0.0,0.0
2026-10-23 15:00:00,중간부하,140,0,0.0,248.149,248.149,0.0,0.0,0.0
2026-10-23 15:15:00,중간부하,140,0,0.0,267.525,267.525,0.0,0.0,0.0
2026-10-23 15:30:00,중간부하,140,0,0.0,261.2,261.2,0.0,0.0,0.0
2026-10-23 15:45:00,중간부하,140,0,0.0,255.565,255.565,0.0,0.0,0.0
2026-10-23 16:00:00,중간부하,140,0,0.0,276.294,276.294,0.0,0.0,0.0
2026-10-23 16:15:00,중간부하,140,0,0.0,255.948,255.948,0.0,0.0,0.0
2026-10-23 16:30:00,중간부하,140,0,0.0,278.278,278.278,0.0,0.0,0.0
2026-10-23 16:45:00,중간부하,140,0,0.0,251.913,251.913,0.0,0.0,0.0
2026-10-23 17:00:00,최대부하,220,1,0.0,243.877,243.877,0.0,0.0,0.0
2026-10-23 17:15:00,최대부하,220,1,0.0,235.685,235.685,0.0,0.0,0.0
2026-10-23 17:30:00,최대부하,220,1,0.0,142.014,142.014,0.0,0.0,0.0
2026-10-23 17:45:00,최대부하,220,1,0.0,132.378,132.378,0.0,0.0,0.0
2026-10-23 18:00:00,최대부하,220,1,0.0,158.27,158.27,0.0,0.0,0.0
2026-10-23 18:15:00,최대부하,220,1,0.0,203.446,203.446,0.0,0.0,0.0
2026-10-23 18:30:00,최대부하,220,1,0.0,200.544,200.544,0.0,0.0,0.0
2026-10-23 18:45:00,최대부하,220,1,0.0,204.748,204.748,0.0,0.0,0.0
2026-10-23 19:00:00,최대부하,220,1,0.0,202.898,202.898,0.0,0.0,0.0
2026-10-23 19:15:00,최대부하,220,1,0.0,204.345,204.345,0.0,0.0,0.0
2026-10-23 19:30:00,최대부하,220,1,0.0,213.591,213.591,0.0,0.0,0.0
2026-10-23 19:45:00,최대부하,220,1,0.0,210.014,210.014,0.0,0.0,0.0
2026-10-23 20:00:00,중간부하,140,0,0.0,210.725,210.725,0.0,0.0,0.0
2026-10-23 20:15:00,중간부하,140,0,0.0,197.949,197.949,0.0,0.0,0.0
2026-10-23 20:30:00,중간부하,140,0,0.0,189.179,189.179,0.0,0.0,0.0
2026-10-23 20:45:00,중간부하,140,0,0.0,114.285,114.285,0.0,0.0,0.0
2026-10-23 21:00:00,중간부하,140,0,0.0,60.127,60.127,0.0,0.0,0.0
2026-10-23 21:15:00,중간부하,140,0,0.0,52.508,52.508,0.0,0.0,0.0
2026-10-23 21:30:00,중간부하,140,0,0.0,46.501,46.501,0.0,0.0,0.0
2026-10-23 21:45:00,중간부하,140,0,0.0,50.834,50.834,0.0,0.0,0.0
2026-10-23 22:00:00,경부하,90,0,0.0,45.177,45.177,0.0,0.0,0.0
2026-10-23 22:15:00,경부하,90,0,0.0,38.754,38.754,0.0,0.0,0.0
2026-10-23 22:30:00,경부하,90,0,0.0,47.296,47.296,0.0,0.0,0.0
2026-10-23 22:45:00,경부하,90,0,0.0,37.343,37.343,0.0,0.0,0.0
2026-10-23 23:00:00,경부하,90,0,0.0,38.762,38.762,0.0,0.0,0.0
2026-10-23 23:15:00,경부하,90,0,0.0,46.49,46.49,0.0,0.0,0.0
2026-10-23 23:30:00,경부하,90,0,0.0,40.772,40.772,0.0,0.0,0.0
2026-10-23 23:45:00,경부하,90,0,0.0,42.482,42.482,0.0,0.0,0.0
2026-10-24 00:00:00,경부하,76,0,0.0,43.126,43.126,0.0,0.0,0.0
2026-10-24 00:15:00,경부하,76,0,0.0,40.765,40.765,0.0,0.0,0.0
2026-10-24 00:30:00,경부하,76,0,0.0,38.779,38.779,0.0,0.0,0.0
2026-10-24 00:45:00,경부하,76,0,0.0,34.83,34.83,0.0,0.0,0.0
2026-10-24 01:00:00,경부하,76,0,0.0,35.279,35.279,0.0,0.0,0.0
2026-10-24 01:15:00,경부하,76,0,0.0,25.721,25.721,0.0,0.0,0.0
2026-10-24 01:30:00,경부하,76,0,0.0,23.928,23.928,0.0,0.0,0.0
2026-10-24 01:45:00,경부하,76,0,0.0,21.462,21.462,0.0,0.0,0.0
2026-10-24 02:00:00,경부하,76,0,0.0,18.222,18.222,0.0,0.0,0.0
2026-10-24 02:15:00,경부하,76,0,0.0,20.736,20.736,0.0,0.0,0.0
2026-10-24 02:30:00,경부하,76,0,0.0,20.572,20.572,0.0,0.0,0.0
2026-10-24 02:45:00,경부하,76,0,0.0,18.598,18.598,0.0,0.0,0.0
2026-10-24 03:00:00,경부하,76,0,0.0,19.308,19.308,0.0,0.0,0.0
2026-10-24 03:15:00,경부하,76,0,0.0,20.568,20.568,0.0,0.0,0.0
2026-10-24 03:30:00,경부하,76,0,0.0,18.908,18.908,0.0,0.0,0.0
2026-10-24 03:45:00,경부하,76,0,0.0,19.745,19.745,0.0,0.0,0.0
2026-10-24 04:00:00,경부하,76,0,0.0,20.234,20.234,0.0,0.0,0.0
2026-10-24 04:15:00,경부하,76,0,0.0,18.193,18.193,0.0,0.0,0.0
2026-10-24 04:30:00,경부하,76,0,0.0,20.502,20.502,0.0,0.0,0.0
2026-10-24 04:45:00,경부하,76,0,0.0,19.883,19.883,0.0,0.0,0.0
2026-10-24 05:00:00,경부하,76,0,0.0,18.612,18.612,0.0,0.0,0.0
2026-10-24 05:15:00,경부하,76,0,0.0,20.46,20.46,0.0,0.0,0.0
2026-10-24 05:30:00,경부하,76,0,0.0,18.132,18.132,0.0,0.0,0.0
2026-10-24 05:45:00,경부하,76,0,0.0,17.727,17.727,0.0,0.0,0.0
2026-10-24 06:00:00,경부하,76,0,0.0,20.401,20.401,0.0,0.0,0.0
2026-10-24 06:15:00,경부하,76,0,0.0,18.839,18.839,0.0,0.0,0.0
2026-10-24 06:30:00,경부하,76,0,0.0,18.765,18.765,0.0,0.0,0.0
2026-10-24 06:45:00,경부하,76,0,0.0,20.345,20.345,0.0,0.0,0.0
2026-10-24 07:00:00,경부하,76,0,0.0,17.589,17.589,0.0,0.0,0.0
2026-10-24 07:15:00,경부하,76,0,0.0,16.712,16.712,0.0,0.0,0.0
2026-10-24 07:30:00,경부하,76,0,0.0,17.474,17.474,0.0,0.0,0.0
2026-10-24 07:45:00,경부하,76,0,0.0,20.316,20.316,0.0,0.0,0.0
2026-10-24 08:00:00,중간부하,119,0,0.0,89.882,89.882,0.0,0.0,0.0
2026-10-24 08:15:00,중간부하,119,0,0.0,148.489,148.489,0.0,0.0,0.0
2026-10-24 08:30:00,중간부하,119,0,0.0,139.175,139.175,0.0,0.0,0.0
2026-10-24 08:45:00,중간부하,119,0,0.0,143.964,143.964,0.0,0.0,0.0
2026-10-24 09:00:00,중간부하,119,0,0.0,151.455,151.455,0.0,0.0,0.0
2026-10-24 09:15:00,중간부하,119,0,0.0,146.051,146.051,0.0,0.0,0.0
2026-10-24 09:30:00,중간부하,119,0,0.0,142.095,142.095,0.0,0.0,0.0
2026-10-24 09:45:00,중간부하,119,0,0.0,145.035,145.035,0.0,0.0,0.0
2026-10-24 10:00:00,최대부하,187,1,0.0,145.905,145.905,0.0,0.0,0.0
2026-10-24 10:15:00,최대부하,187,1,0.0,148.066,148.066,0.0,0.0,0.0
2026-10-24 10:30:00,최대부하,187,1,0.0,147.628,147.628,0.0,0.0,0.0
2026-10-24 10:45:00,최대부하,187,1,0.0,155.062,155.062,0.0,0.0,0.0
2026-10-24 11:00:00,최대부하,187,1,0.0,142.73,142.73,0.0,0.0,0.0
2026-10-24 11:15:00,최대부하,187,1,0.0,146.409,146.409,0.0,0.0,0.0
2026-10-24 11:30:00,최대부하,187,1,0.0,145.442,145.442,0.0,0.0,0.0
2026-10-24 11:45:00,최대부하,187,1,0.0,106.313,106.313,0.0,0.0,0.0
2026-10-24 12:00:00,중간부하,119,0,0.0,25.505,25.505,0.0,0.0,0.0
2026-10-24 12:15:00,중간부하,119,0,0.0,20.312,20.312,0.0,0.0,0.0
2026-10-24 12:30:00,중간부하,119,0,0.0,20.444,20.444,0.0,0.0,0.0
2026-10-24 12:45:00,중간부하,119,0,0.0,20.73,20.73,0.0,0.0,0.0
2026-10-24 13:00:00,중간부하,119,0,0.0,74.014,74.014,0.0,0.0,0.0
2026-10-24 13:15:00,중간부하,119,0,0.0,151.325,151.325,0.0,0.0,0.0
2026-10-24 13:30:00,중간부하,119,0,0.0,151.055,151.055,0.0,0.0,0.0
2026-10-24 13:45:00,중간부하,119,0,0.0,154.525,154.525,0.0,0.0,0.0
2026-10-24 14:00:00,중간부하,119,0,0.0,145.119,145.119,0.0,0.0,0.0
2026-10-24 14:15:00,중간부하,119,0,0.0,154.367,154.367,0.0,0.0,0.0
2026-10-24 14:30:00,중간부하,119,0,0.0,151.035,151.035,0.0,0.0,0.0
2026-10-24 14:45:00,중간부하,119,0,0.0,158.344,158.344,0.0,0.0,0.0
2026-10-24 15:00:00,중간부하,119,0,0.0,153.372,153.372,0.0,0.0,0.0
2026-10-24 15:15:00,중간부하,119,0,0.0,156.283,156.283,0.0,0.0,0.0
2026-10-24 15:30:00,중간부하,119,0,0.0,163.725,163.725,0.0,0.0,0.0
2026-10-24 15:45:00,중간부하,119,0,0.0,146.872,146.872,0.0,0.0,0.0
2026-10-24 16:00:00,중간부하,119,0,0.0,153.275,153.275,0.0,0.0,0.0
2026-10-24 16:15:00,중간부하,119,0,0.0,148.156,148.156,0.0,0.0,0.0
2026-10-24 16:30:00,중간부하,119,0,0.0,140.021,140.021,0.0,0.0,0.0
2026-10-24 16:45:00,중간부하,119,0,0.0,75.312,75.312,0.0,0.0,0.0
2026-10-24 17:00:00,최대부하,187,1,0.0,38.946,38.946,0.0,0.0,0.0
2026-10-24 17:15:00,최대부하,187,1,0.0,35.028,35.028,0.0,0.0,0.0
2026-10-24 17:30:00,최대부하,187,1,0.0,33.513,33.513,0.0,0.0,0.0
2026-10-24 17:45:00,최대부하,187,1,0.0,34.641,34.641,0.0,0.0,0.0
2026-10-24 18:00:00,최대부하,187,1,0.0,31.698,31.698,0.0,0.0,0.0
2026-10-24 18:15:00,최대부하,187,1,0.0,31.564,31.564,0.0,0.0,0.0
2026-10-24 18:30:00,최대부하,187,1,0.0,28.671,28.671,0.0,0.0,0.0
2026-10-24 18:45:00,최대부하,187,1,0.0,31.088,31.088,0.0,0.0,0.0
2026-10-24 19:00:00,최대부하,187,1,0.0,28.996,28.996,0.0,0.0,0.0
2026-10-24 19:15:00,최대부하,187,1,0.0,26.009,26.009,0.0,0.0,0.0
2026-10-24 19:30:00,최대부하,187,1,0.0,29.461,29.461,0.0,0.0,0.0
2026-10-24 19:45:00,최대부하,187,1,0.0,29.867,29.867,0.0,0.0,0.0
2026-10-24 20:00:00,중간부하,119,0,0.0,29.556,29.556,0.0,0.0,0.0
2026-10-24 20:15:00,중간부하,119,0,0.0,28.473,28.473,0.0,0.0,0.0
2026-10-24 20:30:00,중간부하,119,0,0.0,26.323,26.323,0.0,0.0,0.0
2026-10-24 20:45:00,중간부하,119,0,0.0,25.864,25.864,0.0,0.0,0.0
2026-10-24 21:00:00,중간부하,119,0,0.0,26.016,26.016,0.0,0.0,0.0
2026-10-24 21:15:00,중간부하,119,0,0.0,25.37,25.37,0.0,0.0,0.0
2026-10-24 21:30:00,중간부하,119,0,0.0,26.457,26.457,0.0,0.0,0.0
2026-10-24 21:45:00,중간부하,119,0,0.0,23.398,23.398,0.0,0.0,0.0
2026-10-24 22:00:00,경부하,76,0,0.0,25.642,25.642,0.0,0.0,0.0
2026-10-24 22:15:00,경부하,76,0,0.0,24.288,24.288,0.0,0.0,0.0
2026-10-24 22:30:00,경부하,76,0,0.0,24.244,24.244,0.0,0.0,0.0
2026-10-24 22:45:00,경부하,76,0,0.0,23.669,23.669,0.0,0.0,0.0
2026-10-24 23:00:00,경부하,76,0,0.0,23.612,23.612,0.0,0.0,0.0
2026-10-24 23:15:00,경부하,76,0,0.0,23.451,23.451,0.0,0.0,0.0
2026-10-24 23:30:00,경부하,76,0,0.0,22.961,22.961,0.0,0.0,0.0
2026-10-24 23:45:00,경부하,76,0,0.0,21.873,21.873,0.0,0.0,0.0
2026-10-25 00:00:00,경부하,76,0,0.0,22.248,22.248,0.0,0.0,0.0
2026-10-25 00:15:00,경부하,76,0,0.0,21.832,21.832,0.0,0.0,0.0
2026-10-25 00:30:00,경부하,76,0,0.0,19.921,19.921,0.0,0.0,0.0
2026-10-25 00:45:00,경부하,76,0,0.0,20.232,20.232,0.0,0.0,0.0
2026-10-25 01:00:00,경부하,76,0,0.0,17.288,17.288,0.0,0.0,0.0
2026-10-25 01:15:00,경부하,76,0,0.0,15.905,15.905,0.0,0.0,0.0
2026-10-25 01:30:00,경부하,76,0,0.0,15.657,15.657,0.0,0.0,0.0
2026-10-25 01:45:00,경부하,76,0,0.0,15.828,15.828,0.0,0.0,0.0
2026-10-25 02:00:00,경부하,76,0,0.0,15.318,15.318,0.0,0.0,0.0
2026-10-25 02:15:00,경부하,76,0,0.0,15.278,15.278,0.0,0.0,0.0
2026-10-25 02:30:00,경부하,76,0,0.0,15.838,15.838,0.0,0.0,0.0
2026-10-25 02:45:00,경부하,76,0,0.0,15.985,15.985,0.0,0.0,0.0
2026-10-25 03:00:00,경부하,76,0,0.0,15.722,15.722,0.0,0.0,0.0
2026-10-25 03:15:00,경부하,76,0,0.0,15.743,15.743,0.0,0.0,0.0
2026-10-25 03:30:00,경부하,76,0,0.0,15.731,15.731,0.0,0.0,0.0
2026-10-25 03:45:00,경부하,76,0,0.0,15.575,15.575,0.0,0.0,0.0
2026-10-25 04:00:00,경부하,76,0,0.0,15.706,15.706,0.0,0.0,0.0
2026-10-25 04:15:00,경부하,76,0,0.0,15.354,15.354,0.0,0.0,0.0
2026-10-25 04:30:00,경부하,76,0,0.0,15.713,15.713,0.0,0.0,0.0
2026-10-25 04:45:00,경부하,76,0,0.0,15.895,15.895,0.0,0.0,0.0
2026-10-25 05:00:00,경부하,76,0,0.0,15.068,15.068,0.0,0.0,0.0
2026-10-25 05:15:00,경부하,76,0,0.0,14.018,14.018,0.0,0.0,0.0
2026-10-25 05:30:00,경부하,76,0,0.0,12.866,12.866,0.0,0.0,0.0
2026-10-25 05:45:00,경부하,76,0,0.0,12.792,12.792,0.0,0.0,0.0
2026-10-25 06:00:00,경부하,76,0,0.0,12.713,12.713,0.0,0.0,0.0
2026-10-25 06:15:00,경부하,76,0,0.0,12.64,12.64,0.0,0.0,0.0
2026-10-25 06:30:00,경부하,76,0,0.0,12.932,12.932,0.0,0.0,0.0
2026-10-25 06:45:00,경부하,76,0,0.0,12.771,12.771,0.0,0.0,0.0
2026-10-25 07:00:00,경부하,76,0,0.0,12.516,12.516,0.0,0.0,0.0
2026-10-25 07:15:00,경부하,76,0,0.0,12.54,12.54,0.0,0.0,0.0
2026-10-25 07:30:00,경부하,76,0,0.0,12.668,12.668,0.0,0.0,0.0
2026-10-25 07:45:00,경부하,76,0,0.0,14.532,14.532,0.0,0.0,0.0
2026-10-25 08:00:00,중간부하,119,0,0.0,42.572,42.572,0.0,0.0,0.0
2026-10-25 08:15:00,중간부하,119,0,0.0,65.489,65.489,0.0,0.0,0.0
2026-10-25 08:30:00,중간부하,119,0,0.0,60.635,60.635,0.0,0.0,0.0
2026-10-25 08:45:00,중간부하,119,0,0.0,65.008,65.008,0.0,0.0,0.0
2026-10-25 09:00:00,중간부하,119,0,0.0,60.27,60.27,0.0,0.0,0.0
2026-10-25 09:15:00,중간부하,119,0,0.0,63.161,63.161,0.0,0.0,0.0
2026-10-25 09:30:00,중간부하,119,0,0.0,68.01,68.01,0.0,0.0,0.0
2026-10-25 09:45:00,중간부하,119,0,0.0,62.445,62.445,0.0,0.0,0.0
2026-10-25 10:00:00,최대부하,187,1,0.0,64.752,64.752,0.0,0.0,0.0
2026-10-25 10:15:00,최대부하,187,1,0.0,64.89,64.89,0.0,0.0,0.0
2026-10-25 10:30:00,최대부하,187,1,0.0,64.339,64.339,0.0,0.0,0.0
2026-10-25 10:45:00,최대부하,187,1,0.0,62.242,62.242,0.0,0.0,0.0
2026-10-25 11:00:00,최대부하,187,1,0.0,66.597,66.597,0.0,0.0,0.0
2026-10-25 11:15:00,최대부하,187,1,0.0,62.407,62.407,0.0,0.0,0.0
2026-10-25 11:30:00,최대부하,187,1,0.0,64.188,64.188,0.0,0.0,0.0
2026-10-25 11:45:00,최대부하,187,1,0.0,41.472,41.472,0.0,0.0,0.0
2026-10-25 12:00:00,중간부하,119,0,0.0,16.96,16.96,0.0,0.0,0.0
2026-10-25 12:15:00,중간부하,119,0,0.0,16.848,16.848,0.0,0.0,0.0
2026-10-25 12:30:00,중간부하,119,0,0.0,16.795,16.795,0.0,0.0,0.0
2026-10-25 12:45:00,중간부하,119,0,0.0,16.46,16.46,0.0,0.0,0.0
2026-10-25 13:00:00,중간부하,119,0,0.0,37.534,37.534,0.0,0.0,0.0
2026-10-25 13:15:00,중간부하,119,0,0.0,67.28,67.28,0.0,0.0,0.0
2026-10-25 13:30:00,중간부하,119,0,0.0,61.742,61.742,0.0,0.0,0.0
2026-10-25 13:45:00,중간부하,119,0,0.0,62.418,62.418,0.0,0.0,0.0
2026-10-25 14:00:00,중간부하,119,0,0.0,59.25,59.25,0.0,0.0,0.0
2026-10-25 14:15:00,중간부하,119,0,0.0,59.904,59.904,0.0,0.0,0.0
2026-10-25 14:30:00,중간부하,119,0,0.0,59.657,59.657,0.0,0.0,0.0
2026-10-25 14:45:00,중간부하,119,0,0.0,58.42,58.42,0.0,0.0,0.0
2026-10-25 15:00:00,중간부하,119,0,0.0,57.632,57.632,0.0,0.0,0.0
2026-10-25 15:15:00,중간부하,119,0,0.0,57.97,57.97,0.0,0.0,0.0
2026-10-25 15:30:00,중간부하,119,0,0.0,57.804,57.804,0.0,0.0,0.0
2026-10-25 15:45:00,중간부하,119,0,0.0,57.182,57.182,0.0,0.0,0.0
2026-10-25 16:00:00,중간부하,119,0,0.0,57.992,57.992,0.0,0.0,0.0
2026-10-25 16:15:00,중간부하,119,0,0.0,52.412,52.412,0.0,0.0,0.0
2026-10-25 16:30:00,중간부하,119,0,0.0,47.272,47.272,0.0,0.0,0.0
2026-10-25 16:45:00,중간부하,119,0,0.0,25.923,25.923,0.0,0.0,0.0
2026-10-25 17:00:00,최대부하,187,1,0.0,20.468,20.468,0.0,0.0,0.0
2026-10-25 17:15:00,최대부하,187,1,0.0,20.326,20.326,0.0,0.0,0.0
2026-10-25 17:30:00,최대부하,187,1,0.0,19.438,19.438,0.0,0.0,0.0
2026-10-25 17:45:00,최대부하,187,1,0.0,18.378,18.378,0.0,0.0,0.0
2026-10-25 18:00:00,최대부하,187,1,0.0,18.608,18.608,0.0,0.0,0.0
2026-10-25 18:15:00,최대부하,187,1,0.0,18.747,18.747,0.0,0.0,0.0
2026-10-25 18:30:00,최대부하,187,1,0.0,19.018,19.018,0.0,0.0,0.0
2026-10-25 18:45:00,최대부하,187,1,0.0,19.511,19.511,0.0,0.0,0.0
2026-10-25 19:00:00,최대부하,187,1,0.0,19.579,19.579,0.0,0.0,0.0
2026-10-25 19:15:00,최대부하,187,1,0.0,19.396,19.396,0.0,0.0,0.0
2026-10-25 19:30:00,최대부하,187,1,0.0,19.217,19.217,0.0,0.0,0.0
2026-10-25 19:45:00,최대부하,187,1,0.0,19.61,19.61,0.0,0.0,0.0
2026-10-25 20:00:00,중간부하,119,0,0.0,19.327,19.327,0.0,0.0,0.0
2026-10-25 20:15:00,중간부하,119,0,0.0,19.314,19.314,0.0,0.0,0.0
2026-10-25 20:30:00,중간부하,119,0,0.0,19.325,19.325,0.0,0.0,0.0
2026-10-25 20:45:00,중간부하,119,0,0.0,16.784,16.784,0.0,0.0,0.0
2026-10-25 21:00:00,중간부하,119,0,0.0,16.109,16.109,0.0,0.0,0.0
2026-10-25 21:15:00,중간부하,119,0,0.0,15.985,15.985,0.0,0.0,0.0
2026-10-25 21:30:00,중간부하,119,0,0.0,15.941,15.941,0.0,0.0,0.0
2026-10-25 21:45:00,중간부하,119,0,0.0,15.938,15.938,0.0,0.0,0.0
2026-10-25 22:00:00,경부하,76,0,0.0,15.539,15.539,0.0,0.0,0.0
2026-10-25 22:15:00,경부하,76,0,0.0,13.565,13.565,0.0,0.0,0.0
2026-10-25 22:30:00,경부하,76,0,0.0,12.806,12.806,0.0,0.0,0.0
2026-10-25 22:45:00,경부하,76,0,0.0,13.003,13.003,0.0,0.0,0.0
2026-10-25 23:00:00,경부하,76,0,0.0,12.68,12.68,0.0,0.0,0.0
2026-10-25 23:15:00,경부하,76,0,0.0,12.646,12.646,0.0,0.0,0.0
2026-10-25 23:30:00,경부하,76,0,0.0,12.673,12.673,0.0,0.0,0.0
2026-10-25 23:45:00,경부하,76,0,0.0,12.833,12.833,0.0,0.0,0.0
2026-10-26 00:00:00,경부하,90,0,0.0,12.85,12.85,0.0,0.0,0.0
2026-10-26 00:15:00,경부하,90,0,0.0,12.956,12.956,0.0,0.0,0.0
2026-10-26 00:30:00,경부하,90,0,0.0,13.035,13.035,0.0,0.0,0.0
2026-10-26 00:45:00,경부하,90,0,0.0,13.085,13.085,0.0,0.0,0.0
2026-10-26 01:00:00,경부하,90,0,0.0,12.997,12.997,0.0,0.0,0.0
2026-10-26 01:15:00,경부하,90,0,0.0,12.794,12.794,0.0,0.0,0.0
2026-10-26 01:30:00,경부하,90,0,0.0,13.008,13.008,0.0,0.0,0.0
2026-10-26 01:45:00,경부하,90,0,0.0,12.882,12.882,0.0,0.0,0.0
2026-10-26 02:00:00,경부하,90,0,0.0,12.63,12.63,0.0,0.0,0.0
2026-10-26 02:15:00,경부하,90,0,0.0,12.98,12.98,0.0,0.0,0.0
2026-10-26 02:30:00,경부하,90,0,0.0,13.34,13.34,0.0,0.0,0.0
2026-10-26 02:45:00,경부하,90,0,0.0,12.99,12.99,0.0,0.0,0.0
2026-10-26 03:00:00,경부하,90,0,0.0,12.848,12.848,0.0,0.0,0.0
2026-10-26 03:15:00,경부하,90,0,0.0,12.751,12.751,0.0,0.0,0.0
2026-10-26 03:30:00,경부하,90,0,0.0,12.724,12.724,0.0,0.0,0.0
2026-10-26 03:45:00,경부하,90,0,0.0,12.756,12.756,0.0,0.0,0.0
2026-10-26 04:00:00,경부하,90,0,0.0,12.845,12.845,0.0,0.0,0.0
2026-10-26 04:15:00,경부하,90,0,0.0,12.782,12.782,0.0,0.0,0.0
2026-10-26 04:30:00,경부하,90,0,0.0,12.925,12.925,0.0,0.0,0.0
2026-10-26 04:45:00,경부하,90,0,0.0,12.878,12.878,0.0,0.0,0.0
2026-10-26 05:00:00,경부하,90,0,0.0,12.779,12.779,0.0,0.0,0.0
2026-10-26 05:15:00,경부하,90,0,0.0,12.618,12.618,0.0,0.0,0.0
2026-10-26 05:30:00,경부하,90,0,0.0,12.798,12.798,0.0,0.0,0.0
2026-10-26 05:45:00,경부하,90,0,0.0,12.466,12.466,0.0,0.0,0.0
2026-10-26 06:00:00,경부하,90,0,0.0,12.367,12.367,0.0,0.0,0.0
2026-10-26 06:15:00,경부하,90,0,0.0,12.623,12.623,0.0,0.0,0.0
2026-10-26 06:30:00,경부하,90,0,0.0,12.895,12.895,0.0,0.0,0.0
2026-10-26 06:45:00,경부하,90,0,0.0,12.731,12.731,0.0,0.0,0.0
2026-10-26 07:00:00,경부하,90,0,0.0,13.008,13.008,0.0,0.0,0.0
2026-10-26 07:15:00,경부하,90,0,0.0,15.638,15.638,0.0,0.0,0.0
2026-10-26 07:30:00,경부하,90,0,0.0,17.853,17.853,0.0,0.0,0.0
2026-10-26 07:45:00,경부하,90,0,0.0,20.112,20.112,0.0,0.0,0.0
2026-10-26 08:00:00,중간부하,140,0,0.0,114.752,114.752,0.0,0.0,0.0
2026-10-26 08:15:00,중간부하,140,0,0.0,251.374,251.374,0.0,0.0,0.0
2026-10-26 08:30:00,중간부하,140,0,0.0,265.695,265.695,0.0,0.0,0.0
2026-10-26 08:45:00,중간부하,140,0,0.0,276.251,276.251,0.0,0.0,0.0
2026-10-26 09:00:00,중간부하,140,0,0.0,280.412,280.412,0.0,0.0,0.0
2026-10-26 09:15:00,중간부하,140,0,0.0,266.788,266.788,0.0,0.0,0.0
2026-10-26 09:30:00,중간부하,140,0,0.0,285.483,285.483,0.0,0.0,0.0
2026-10-26 09:45:00,중간부하,140,0,0.0,277.985,277.985,0.0,0.0,0.0
2026-10-26 10:00:00,최대부하,220,1,0.0,259.021,259.021,0.0,0.0,0.0
2026-10-26 10:15:00,최대부하,220,1,0.0,269.785,269.785,0.0,0.0,0.0
2026-10-26 10:30:00,최대부하,220,1,0.0,263.931,263.931,0.0,0.0,0.0
2026-10-26 10:45:00,최대부하,220,1,0.0,271.781,271.781,0.0,0.0,0.0
2026-10-26 11:00:00,최대부하,220,1,0.0,284.783,284.783,0.0,0.0,0.0
2026-10-26 11:15:00,최대부하,220,1,0.0,271.371,271.371,0.0,0.0,0.0
2026-10-26 11:30:00,최대부하,220,1,0.0,278.232,278.232,0.0,0.0,0.0
2026-10-26 11:45:00,최대부하,220,1,0.0,252.95,252.95,0.0,0.0,0.0
2026-10-26 12:00:00,중간부하,140,0,0.0,43.005,43.005,0.0,0.0,0.0
2026-10-26 12:15:00,중간부하,140,0,0.0,28.669,28.669,0.0,0.0,0.0
2026-10-26 12:30:00,중간부하,140,0,0.0,27.18,27.18,0.0,0.0,0.0
2026-10-26 12:45:00,중간부하,140,0,0.0,27.192,27.192,0.0,0.0,0.0
2026-10-26 13:00:00,중간부하,140,0,0.0,189.26,189.26,0.0,0.0,0.0
2026-10-26 13:15:00,중간부하,140,0,0.0,278.242,278.242,0.0,0.0,0.0
2026-10-26 13:30:00,중간부하,140,0,0.0,289.083,289.083,0.0,0.0,0.0
2026-10-26 13:45:00,중간부하,140,0,0.0,283.115,283.115,0.0,0.0,0.0
2026-10-26 14:00:00,중간부하,140,0,0.0,280.602,280.602,0.0,0.0,0.0
2026-10-26 14:15:00,중간부하,140,0,0.0,281.37,281.37,0.0,0.0,0.0
2026-10-26 14:30:00,중간부하,140,0,0.0,269.744,269.744,0.0,0.0,0.0
2026-10-26 14:45:00,중간부하,140,0,0.0,265.072,265.072,0.0,0.0,0.0
2026-10-26 15:00:00,중간부하,140,0,0.0,267.761,267.761,0.0,0.0,0.0
2026-10-26 15:15:00,중간부하,140,0,0.0,261.191,261.191,0.0,0.0,0.0
2026-10-26 15:30:00,중간부하,140,0,0.0,274.968,274.968,0.0,0.0,0.0
2026-10-26 15:45:00,중간부하,140,0,0.0,276.381,276.381,0.0,0.0,0.0
2026-10-26 16:00:00,중간부하,140,0,0.0,265.951,265.951,0.0,0.0,0.0
2026-10-26 16:15:00,중간부하,140,0,0.0,262.306,262.306,0.0,0.0,0.0
2026-10-26 16:30:00,중간부하,140,0,0.0,274.065,274.065,0.0,0.0,0.0
2026-10-26 16:45:00,중간부하,140,0,0.0,275.57,275.57,0.0,0.0,0.0
2026-10-26 17:00:00,최대부하,220,1,0.0,256.761,256.761,0.0,0.0,0.0
2026-10-26 17:15:00,최대부하,220,1,0.0,251.72,251.72,0.0,0.0,0.0
2026-10-26 17:30:00,최대부하,220,1,0.0,144.286,144.286,0.0,0.0,0.0
2026-10-26 17:45:00,최대부하,220,1,0.0,128.107,128.107,0.0,0.0,0.0
2026-10-26 18:00:00,최대부하,220,1,0.0,165.557,165.557,0.0,0.0,0.0
2026-10-26 18:15:00,최대부하,220,1,0.0,207.442,207.442,0.0,0.0,0.0
2026-10-26 18:30:00,최대부하,220,1,0.0,218.337,218.337,0.0,0.0,0.0
2026-10-26 18:45:00,최대부하,220,1,0.0,210.851,210.851,0.0,0.0,0.0
2026-10-26 19:00:00,최대부하,220,1,0.0,209.525,209.525,0.0,0.0,0.0
2026-10-26 19:15:00,최대부하,220,1,0.0,221.882,221.882,0.0,0.0,0.0
2026-10-26 19:30:00,최대부하,220,1,0.0,222.524,222.524,0.0,0.0,0.0
2026-10-26 19:45:00,최대부하,220,1,0.0,220.453,220.453,0.0,0.0,0.0
2026-10-26 20:00:00,중간부하,140,0,0.0,223.052,223.052,0.0,0.0,0.0
2026-10-26 20:15:00,중간부하,140,0,0.0,214.365,214.365,0.0,0.0,0.0
2026-10-26 20:30:00,중간부하,140,0,0.0,191.101,191.101,0.0,0.0,0.0
2026-10-26 20:45:00,중간부하,140,0,0.0,132.022,132.022,0.0,0.0,0.0
2026-10-26 21:00:00,중간부하,140,0,0.0,57.185,57.185,0.0,0.0,0.0
2026-10-26 21:15:00,중간부하,140,0,0.0,44.256,44.256,0.0,0.0,0.0
2026-10-26 21:30:00,중간부하,140,0,0.0,44.252,44.252,0.0,0.0,0.0
2026-10-26 21:45:00,중간부하,140,0,0.0,44.954,44.954,0.0,0.0,0.0
2026-10-26 22:00:00,경부하,90,0,0.0,48.264,48.264,0.0,0.0,0.0
2026-10-26 22:15:00,경부하,90,0,0.0,38.911,38.911,0.0,0.0,0.0
2026-10-26 22:30:00,경부하,90,0,0.0,36.838,36.838,0.0,0.0,0.0
2026-10-26 22:45:00,경부하,90,0,0.0,34.514,34.514,0.0,0.0,0.0
2026-10-26 23:00:00,경부하,90,0,0.0,34.921,34.921,0.0,0.0,0.0
2026-10-26 23:15:00,경부하,90,0,0.0,36.772,36.772,0.0,0.0,0.0
2026-10-26 23:30:00,경부하,90,0,0.0,34.484,34.484,0.0,0.0,0.0
2026-10-26 23:45:00,경부하,90,0,0.0,36.675,36.675,0.0,0.0,0.0
2026-10-27 00:00:00,경부하,90,0,0.0,36.114,36.114,0.0,0.0,0.0
2026-10-27 00:15:00,경부하,90,0,0.0,39.337,39.337,0.0,0.0,0.0
2026-10-27 00:30:00,경부하,90,0,0.0,37.004,37.004,0.0,0.0,0.0
2026-10-27 00:45:00,경부하,90,0,0.0,41.599,41.599,0.0,0.0,0.0
2026-10-27 01:00:00,경부하,90,0,0.0,35.127,35.127,0.0,0.0,0.0
2026-10-27 01:15:00,경부하,90,0,0.0,24.466,24.466,0.0,0.0,0.0
2026-10-27 01:30:00,경부하,90,0,0.0,17.961,17.961,0.0,0.0,0.0
2026-10-27 01:45:00,경부하,90,0,0.0,17.045,17.045,0.0,0.0,0.0
2026-10-27 02:00:00,경부하,90,0,0.0,17.12,17.12,0.0,0.0,0.0
2026-10-27 02:15:00,경부하,90,0,0.0,17.022,17.022,0.0,0.0,0.0
2026-10-27 02:30:00,경부하,90,0,0.0,16.892,16.892,0.0,0.0,0.0
2026-10-27 02:45:00,경부하,90,0,0.0,16.721,16.721,0.0,0.0,0.0
2026-10-27 03:00:00,경부하,90,0,0.0,16.683,16.683,0.0,0.0,0.0
2026-10-27 03:15:00,경부하,90,0,0.0,16.655,16.655,0.0,0.0,0.0
2026-10-27 03:30:00,경부하,90,0,0.0,16.456,16.456,0.0,0.0,0.0
2026-10-27 03:45:00,경부하,90,0,0.0,16.764,16.764,0.0,0.0,0.0
2026-10-27 04:00:00,경부하,90,0,0.0,16.588,16.588,0.0,0.0,0.0
2026-10-27 04:15:00,경부하,90,0,0.0,16.348,16.348,0.0,0.0,0.0
2026-10-27 04:30:00,경부하,90,0,0.0,16.541,16.541,0.0,0.0,0.0
2026-10-27 04:45:00,경부하,90,0,0.0,16.217,16.217,0.0,0.0,0.0
2026-10-27 05:00:00,경부하,90,0,0.0,16.445,16.445,0.0,0.0,0.0
2026-10-27 05:15:00,경부하,90,0,0.0,16.532,16.532,0.0,0.0,0.0
2026-10-27 05:30:00,경부하,90,0,0.0,16.422,16.422,0.0,0.0,0.0
2026-10-27 05:45:00,경부하,90,0,0.0,16.698,16.698,0.0,0.0,0.0
2026-10-27 06:00:00,경부하,90,0,0.0,16.323,16.323,0.0,0.0,0.0
2026-10-27 06:15:00,경부하,90,0,0.0,16.122,16.122,0.0,0.0,0.0
2026-10-27 06:30:00,경부하,90,0,0.0,16.009,16.009,0.0,0.0,0.0
2026-10-27 06:45:00,경부하,90,0,0.0,15.721,15.721,0.0,0.0,0.0
2026-10-27 07:00:00,경부하,90,0,0.0,16.168,16.168,0.0,0.0,0.0
2026-10-27 07:15:00,경부하,90,0,0.0,18.227,18.227,0.0,0.0,0.0
2026-10-27 07:30:00,경부하,90,0,0.0,21.363,21.363,0.0,0.0,0.0
2026-10-27 07:45:00,경부하,90,0,0.0,29.263,29.263,0.0,0.0,0.0
2026-10-27 08:00:00,중간부하,140,0,0.0,151.495,151.495,0.0,0.0,0.0
2026-10-27 08:15:00,중간부하,140,0,0.0,243.643,243.643,0.0,0.0,0.0
2026-10-27 08:30:00,중간부하,140,0,0.0,265.412,265.412,0.0,0.0,0.0
2026-10-27 08:45:00,중간부하,140,0,0.0,290.912,290.912,0.0,0.0,0.0
2026-10-27 09:00:00,중간부하,140,0,0.0,279.681,279.681,0.0,0.0,0.0
2026-10-27 09:15:00,중간부하,140,0,0.0,283.746,283.746,0.0,0.0,0.0
2026-10-27 09:30:00,중간부하,140,0,0.0,279.415,279.415,0.0,0.0,0.0
2026-10-27 09:45:00,중간부하,140,0,0.0,272.546,272.546,0.0,0.0,0.0
2026-10-27 10:00:00,최대부하,220,1,0.0,265.441,265.441,0.0,0.0,0.0
2026-10-27 10:15:00,최대부하,220,1,0.0,261.782,261.782,0.0,0.0,0.0
2026-10-27 10:30:00,최대부하,220,1,0.0,275.664,275.664,0.0,0.0,0.0
2026-10-27 10:45:00,최대부하,220,1,0.0,266.892,266.892,0.0,0.0,0.0
2026-10-27 11:00:00,최대부하,220,1,0.0,287.107,287.107,0.0,0.0,0.0
2026-10-27 11:15:00,최대부하,220,1,0.0,284.135,284.135,0.0,0.0,0.0
2026-10-27 11:30:00,최대부하,220,1,0.0,276.332,276.332,0.0,0.0,0.0
2026-10-27 11:45:00,최대부하,220,1,0.0,273.556,273.556,0.0,0.0,0.0
2026-10-27 12:00:00,중간부하,140,0,0.0,46.767,46.767,0.0,0.0,0.0
2026-10-27 12:15:00,중간부하,140,0,0.0,27.72,27.72,0.0,0.0,0.0
2026-10-27 12:30:00,중간부하,140,0,0.0,26.774,26.774,0.0,0.0,0.0
2026-10-27 12:45:00,중간부하,140,0,0.0,27.928,27.928,0.0,0.0,0.0
2026-10-27 13:00:00,중간부하,140,0,0.0,182.489,182.489,0.0,0.0,0.0
2026-10-27 13:15:00,중간부하,140,0,0.0,285.736,285.736,0.0,0.0,0.0
2026-10-27 13:30:00,중간부하,140,0,0.0,286.145,286.145,0.0,0.0,0.0
2026-10-27 13:45:00,중간부하,140,0,0.0,279.957,279.957,0.0,0.0,0.0
2026-10-27 14:00:00,중간부하,140,0,0.0,264.714,264.714,0.0,0.0,0.0
2026-10-27 14:15:00,중간부하,140,0,0.0,274.39,274.39,0.0,0.0,0.0
2026-10-27 14:30:00,중간부하,140,0,0.0,268.019,268.019,0.0,0.0,0.0
2026-10-27 14:45:00,중간부하,140,0,0.0,270.076,270.076,0.0,0.0,0.0
2026-10-27 15:00:00,중간부하,140,0,0.0,262.217,262.217,0.0,0.0,0.0
2026-10-27 15:15:00,중간부하,140,0,0.0,268.865,268.865,0.0,0.0,0.0
2026-10-27 15:30:00,중간부하,140,0,0.0,285.578,285.578,0.0,0.0,0.0
2026-10-27 15:45:00,중간부하,140,0,0.0,277.58,277.58,0.0,0.0,0.0
2026-10-27 16:00:00,중간부하,140,0,0.0,278.23,278.23,0.0,0.0,0.0
2026-10-27 16:15:00,중간부하,140,0,0.0,276.398,276.398,0.0,0.0,0.0
2026-10-27 16:30:00,중간부하,140,0,0.0,285.036,285.036,0.0,0.0,0.0
2026-10-27 16:45:00,중간부하,140,0,0.0,281.371,281.371,0.0,0.0,0.0
2026-10-27 17:00:00,최대부하,220,1,0.0,269.065,269.065,0.0,0.0,0.0
2026-10-27 17:15:00,최대부하,220,1,0.0,257.127,257.127,0.0,0.0,0.0
2026-10-27 17:30:00,최대부하,220,1,0.0,158.167,158.167,0.0,0.0,0.0
2026-10-27 17:45:00,최대부하,220,1,0.0,133.933,133.933,0.0,0.0,0.0
2026-10-27 18:00:00,최대부하,220,1,0.0,173.995,173.995,0.0,0.0,0.0
2026-10-27 18:15:00,최대부하,220,1,0.0,228.677,228.677,0.0,0.0,0.0
2026-10-27 18:30:00,최대부하,220,1,0.0,221.255,221.255,0.0,0.0,0.0
2026-10-27 18:45:00,최대부하,220,1,0.0,225.055,225.055,0.0,0.0,0.0
2026-10-27 19:00:00,최대부하,220,1,0.0,215.646,215.646,0.0,0.0,0.0
2026-10-27 19:15:00,최대부하,220,1,0.0,224.292,224.292,0.0,0.0,0.0
2026-10-27 19:30:00,최대부하,220,1,0.0,224.765,224.765,0.0,0.0,0.0
2026-10-27 19:45:00,최대부하,220,1,0.0,220.343,220.343,0.0,0.0,0.0
2026-10-27 20:00:00,중간부하,140,0,0.0,217.295,217.295,0.0,0.0,0.0
2026-10-27 20:15:00,중간부하,140,0,0.0,232.438,232.438,0.0,0.0,0.0
2026-10-27 20:30:00,중간부하,140,0,0.0,202.0,202.0,0.0,0.0,0.0
2026-10-27 20:45:00,중간부하,140,0,0.0,123.442,123.442,0.0,0.0,0.0
2026-10-27 21:00:00,중간부하,140,0,0.0,54.756,54.756,0.0,0.0,0.0
2026-10-27 21:15:00,중간부하,140,0,0.0,47.072,47.072,0.0,0.0,0.0
2026-10-27 21:30:00,중간부하,140,0,0.0,44.078,44.078,0.0,0.0,0.0
2026-10-27 21:45:00,중간부하,140,0,0.0,40.455,40.455,0.0,0.0,0.0
2026-10-27 22:00:00,경부하,90,0,0.0,40.695,40.695,0.0,0.0,0.0
2026-10-27 22:15:00,경부하,90,0,0.0,44.449,44.449,0.0,0.0,0.0
2026-10-27 22:30:00,경부하,90,0,0.0,41.861,41.861,0.0,0.0,0.0
2026-10-27 22:45:00,경부하,90,0,0.0,41.546,41.546,0.0,0.0,0.0
2026-10-27 23:00:00,경부하,90,0,0.0,42.38,42.38,0.0,0.0,0.0
2026-10-27 23:15:00,경부하,90,0,0.0,40.47,40.47,0.0,0.0,0.0
2026-10-27 23:30:00,경부하,90,0,0.0,38.335,38.335,0.0,0.0,0.0
2026-10-27 23:45:00,경부하,90,0,0.0,38.911,38.911,0.0,0.0,0.0
2026-10-28 00:00:00,경부하,90,0,0.0,37.418,37.418,0.0,0.0,0.0
2026-10-28 00:15:00,경부하,90,0,0.0,40.035,40.035,0.0,0.0,0.0
2026-10-28 00:30:00,경부하,90,0,0.0,40.663,40.663,0.0,0.0,0.0
2026-10-28 00:45:00,경부하,90,0,0.0,40.911,40.911,0.0,0.0,0.0
2026-10-28 01:00:00,경부하,90,0,0.0,33.475,33.475,0.0,0.0,0.0
2026-10-28 01:15:00,경부하,90,0,0.0,22.947,22.947,0.0,0.0,0.0
2026-10-28 01:30:00,경부하,90,0,0.0,19.222,19.222,0.0,0.0,0.0
2026-10-28 01:45:00,경부하,90,0,0.0,18.318,18.318,0.0,0.0,0.0
2026-10-28 02:00:00,경부하,90,0,0.0,18.12,18.12,0.0,0.0,0.0
2026-10-28 02:15:00,경부하,90,0,0.0,18.145,18.145,0.0,0.0,0.0
2026-10-28 02:30:00,경부하,90,0,0.0,18.082,18.082,0.0,0.0,0.0
2026-10-28 02:45:00,경부하,90,0,0.0,17.741,17.741,0.0,0.0,0.0
2026-10-28 03:00:00,경부하,90,0,0.0,18.025,18.025,0.0,0.0,0.0
2026-10-28 03:15:00,경부하,90,0,0.0,18.775,18.775,0.0,0.0,0.0
2026-10-28 03:30:00,경부하,90,0,0.0,18.358,18.358,0.0,0.0,0.0
2026-10-28 03:45:00,경부하,90,0,0.0,17.994,17.994,0.0,0.0,0.0
2026-10-28 04:00:00,경부하,90,0,0.0,18.013,18.013,0.0,0.0,0.0
2026-10-28 04:15:00,경부하,90,0,0.0,17.742,17.742,0.0,0.0,0.0
2026-10-28 04:30:00,경부하,90,0,0.0,17.35,17.35,0.0,0.0,0.0
2026-10-28 04:45:00,경부하,90,0,0.0,17.128,17.128,0.0,0.0,0.0
2026-10-28 05:00:00,경부하,90,0,0.0,17.232,17.232,0.0,0.0,0.0
2026-10-28 05:15:00,경부하,90,0,0.0,17.455,17.455,0.0,0.0,0.0
2026-10-28 05:30:00,경부하,90,0,0.0,17.556,17.556,0.0,0.0,0.0
2026-10-28 05:45:00,경부하,90,0,0.0,17.41,17.41,0.0,0.0,0.0
2026-10-28 06:00:00,경부하,90,0,0.0,17.809,17.809,0.0,0.0,0.0
2026-10-28 06:15:00,경부하,90,0,0.0,17.996,17.996,0.0,0.0,0.0
2026-10-28 06:30:00,경부하,90,0,0.0,17.65,17.65,0.0,0.0,0.0
2026-10-28 06:45:00,경부하,90,0,0.0,17.578,17.578,0.0,0.0,0.0
2026-10-28 07:00:00,경부하,90,0,0.0,17.262,17.262,0.0,0.0,0.0
2026-10-28 07:15:00,경부하,90,0,0.0,19.424,19.424,0.0,0.0,0.0
2026-10-28 07:30:00,경부하,90,0,0.0,24.39,24.39,0.0,0.0,0.0
2026-10-28 07:45:00,경부하,90,0,0.0,31.34,31.34,0.0,0.0,0.0
2026-10-28 08:00:00,중간부하,140,0,0.0,159.069,159.069,0.0,0.0,0.0
2026-10-28 08:15:00,중간부하,140,0,0.0,269.942,269.942,0.0,0.0,0.0
2026-10-28 08:30:00,중간부하,140,0,0.0,284.293,284.293,0.0,0.0,0.0
2026-10-28 08:45:00,중간부하,140,0,0.0,276.33,276.33,0.0,0.0,0.0
2026-10-28 09:00:00,중간부하,140,0,0.0,279.042,279.042,0.0,0.0,0.0
2026-10-28 09:15:00,중간부하,140,0,0.0,286.857,286.857,0.0,0.0,0.0
2026-10-28 09:30:00,중간부하,140,0,0.0,272.74,272.74,0.0,0.0,0.0
2026-10-28 09:45:00,중간부하,140,0,0.0,269.892,269.892,0.0,0.0,0.0
2026-10-28 10:00:00,최대부하,220,1,0.0,256.118,256.118,0.0,0.0,0.0
2026-10-28 10:15:00,최대부하,220,1,0.0,267.085,267.085,0.0,0.0,0.0
2026-10-28 10:30:00,최대부하,220,1,0.0,265.439,265.439,0.0,0.0,0.0
2026-10-28 10:45:00,최대부하,220,1,0.0,295.369,295.369,0.0,0.0,0.0
2026-10-28 11:00:00,최대부하,220,1,0.0,291.302,291.302,0.0,0.0,0.0
2026-10-28 11:15:00,최대부하,220,1,0.0,284.038,284.038,0.0,0.0,0.0
2026-10-28 11:30:00,최대부하,220,1,0.0,266.75,266.75,0.0,0.0,0.0
2026-10-28 11:45:00,최대부하,220,1,0.0,244.678,244.678,0.0,0.0,0.0
2026-10-28 12:00:00,중간부하,140,0,0.0,40.369,40.369,0.0,0.0,0.0
2026-10-28 12:15:00,중간부하,140,0,0.0,27.647,27.647,0.0,0.0,0.0
2026-10-28 12:30:00,중간부하,140,0,0.0,28.149,28.149,0.0,0.0,0.0
2026-10-28 12:45:00,중간부하,140,0,0.0,29.332,29.332,0.0,0.0,0.0
2026-10-28 13:00:00,중간부하,140,0,0.0,171.38,171.38,0.0,0.0,0.0
2026-10-28 13:15:00,중간부하,140,0,0.0,266.295,266.295,0.0,0.0,0.0
2026-10-28 13:30:00,중간부하,140,0,0.0,258.91,258.91,0.0,0.0,0.0
2026-10-28 13:45:00,중간부하,140,0,0.0,279.498,279.498,0.0,0.0,0.0
2026-10-28 14:00:00,중간부하,140,0,0.0,285.861,285.861,0.0,0.0,0.0
2026-10-28 14:15:00,중간부하,140,0,0.0,272.125,272.125,0.0,0.0,0.0
2026-10-28 14:30:00,중간부하,140,0,0.0,272.985,272.985,0.0,0.0,0.0
2026-10-28 14:45:00,중간부하,140,0,0.0,279.835,279.835,0.0,0.0,0.0
2026-10-28 15:00:00,중간부하,140,0,0.0,270.658,270.658,0.0,0.0,0.0
2026-10-28 15:15:00,중간부하,140,0,0.0,269.159,269.159,0.0,0.0,0.0
2026-10-28 15:30:00,중간부하,140,0,0.0,271.022,271.022,0.0,0.0,0.0
2026-10-28 15:45:00,중간부하,140,0,0.0,271.092,271.092,0.0,0.0,0.0
2026-10-28 16:00:00,중간부하,140,0,0.0,264.628,264.628,0.0,0.0,0.0
2026-10-28 16:15:00,중간부하,140,0,0.0,280.148,280.148,0.0,0.0,0.0
2026-10-28 16:30:00,중간부하,140,0,0.0,287.726,287.726,0.0,0.0,0.0
2026-10-28 16:45:00,중간부하,140,0,0.0,269.837,269.837,0.0,0.0,0.0
2026-10-28 17:00:00,최대부하,220,1,0.0,269.621,269.621,0.0,0.0,0.0
2026-10-28 17:15:00,최대부하,220,1,0.0,251.815,251.815,0.0,0.0,0.0
2026-10-28 17:30:00,최대부하,220,1,0.0,173.331,173.331,0.0,0.0,0.0
2026-10-28 17:45:00,최대부하,220,1,0.0,135.333,135.333,0.0,0.0,0.0
2026-10-28 18:00:00,최대부하,220,1,0.0,124.455,124.455,0.0,0.0,0.0
2026-10-28 18:15:00,최대부하,220,1,0.0,154.137,154.137,0.0,0.0,0.0
2026-10-28 18:30:00,최대부하,220,1,0.0,151.595,151.595,0.0,0.0,0.0
2026-10-28 18:45:00,최대부하,220,1,0.0,158.055,158.055,0.0,0.0,0.0
2026-10-28 19:00:00,최대부하,220,1,0.0,152.064,152.064,0.0,0.0,0.0
2026-10-28 19:15:00,최대부하,220,1,0.0,150.662,150.662,0.0,0.0,0.0
2026-10-28 19:30:00,최대부하,220,1,0.0,147.891,147.891,0.0,0.0,0.0
2026-10-28 19:45:00,최대부하,220,1,0.0,153.55,153.55,0.0,0.0,0.0
2026-10-28 20:00:00,중간부하,140,0,0.0,159.595,159.595,0.0,0.0,0.0
2026-10-28 20:15:00,중간부하,140,0,0.0,154.218,154.218,0.0,0.0,0.0
2026-10-28 20:30:00,중간부하,140,0,0.0,133.906,133.906,0.0,0.0,0.0
2026-10-28 20:45:00,중간부하,140,0,0.0,90.133,90.133,0.0,0.0,0.0
2026-10-28 21:00:00,중간부하,140,0,0.0,54.913,54.913,0.0,0.0,0.0
2026-10-28 21:15:00,중간부하,140,0,0.0,49.363,49.363,0.0,0.0,0.0
2026-10-28 21:30:00,중간부하,140,0,0.0,48.443,48.443,0.0,0.0,0.0
2026-10-28 21:45:00,중간부하,140,0,0.0,39.593,39.593,0.0,0.0,0.0
2026-10-28 22:00:00,경부하,90,0,0.0,34.38,34.38,0.0,0.0,0.0
2026-10-28 22:15:00,경부하,90,0,0.0,32.804,32.804,0.0,0.0,0.0
2026-10-28 22:30:00,경부하,90,0,0.0,31.518,31.518,0.0,0.0,0.0
2026-10-28 22:45:00,경부하,90,0,0.0,34.164,34.164,0.0,0.0,0.0
2026-10-28 23:00:00,경부하,90,0,0.0,33.887,33.887,0.0,0.0,0.0
2026-10-28 23:15:00,경부하,90,0,0.0,34.529,34.529,0.0,0.0,0.0
2026-10-28 23:30:00,경부하,90,0,0.0,33.838,33.838,0.0,0.0,0.0
2026-10-28 23:45:00,경부하,90,0,0.0,30.667,30.667,0.0,0.0,0.0
2026-10-29 00:00:00,경부하,90,0,0.0,33.367,33.367,0.0,0.0,0.0
2026-10-29 00:15:00,경부하,90,0,0.0,33.265,33.265,0.0,0.0,0.0
2026-10-29 00:30:00,경부하,90,0,0.0,31.42,31.42,0.0,0.0,0.0
2026-10-29 00:45:00,경부하,90,0,0.0,34.583,34.583,0.0,0.0,0.0
2026-10-29 01:00:00,경부하,90,0,0.0,30.894,30.894,0.0,0.0,0.0
2026-10-29 01:15:00,경부하,90,0,0.0,20.935,20.935,0.0,0.0,0.0
2026-10-29 01:30:00,경부하,90,0,0.0,18.714,18.714,0.0,0.0,0.0
2026-10-29 01:45:00,경부하,90,0,0.0,19.015,19.015,0.0,0.0,0.0
2026-10-29 02:00:00,경부하,90,0,0.0,19.253,19.253,0.0,0.0,0.0
2026-10-29 02:15:00,경부하,90,0,0.0,19.285,19.285,0.0,0.0,0.0
2026-10-29 02:30:00,경부하,90,0,0.0,18.778,18.778,0.0,0.0,0.0
2026-10-29 02:45:00,경부하,90,0,0.0,18.864,18.864,0.0,0.0,0.0
2026-10-29 03:00:00,경부하,90,0,0.0,19.052,19.052,0.0,0.0,0.0
2026-10-29 03:15:00,경부하,90,0,0.0,18.583,18.583,0.0,0.0,0.0
2026-10-29 03:30:00,경부하,90,0,0.0,18.577,18.577,0.0,0.0,0.0
2026-10-29 03:45:00,경부하,90,0,0.0,19.012,19.012,0.0,0.0,0.0
2026-10-29 04:00:00,경부하,90,0,0.0,19.283,19.283,0.0,0.0,0.0
2026-10-29 04:15:00,경부하,90,0,0.0,19.173,19.173,0.0,0.0,0.0
2026-10-29 04:30:00,경부하,90,0,0.0,18.645,18.645,0.0,0.0,0.0
2026-10-29 04:45:00,경부하,90,0,0.0,18.767,18.767,0.0,0.0,0.0
2026-10-29 05:00:00,경부하,90,0,0.0,18.808,18.808,0.0,0.0,0.0
2026-10-29 05:15:00,경부하,90,0,0.0,18.412,18.412,0.0,0.0,0.0
2026-10-29 05:30:00,경부하,90,0,0.0,18.757,18.757,0.0,0.0,0.0
2026-10-29 05:45:00,경부하,90,0,0.0,19.035,19.035,0.0,0.0,0.0
2026-10-29 06:00:00,경부하,90,0,0.0,18.143,18.143,0.0,0.0,0.0
2026-10-29 06:15:00,경부하,90,0,0.0,18.978,18.978,0.0,0.0,0.0
2026-10-29 06:30:00,경부하,90,0,0.0,18.828,18.828,0.0,0.0,0.0
2026-10-29 06:45:00,경부하,90,0,0.0,18.335,18.335,0.0,0.0,0.0
2026-10-29 07:00:00,경부하,90,0,0.0,18.24,18.24,0.0,0.0,0.0
2026-10-29 07:15:00,경부하,90,0,0.0,20.425,20.425,0.0,0.0,0.0
2026-10-29 07:30:00,경부하,90,0,0.0,23.757,23.757,0.0,0.0,0.0
2026-10-29 07:45:00,경부하,90,0,0.0,27.183,27.183,0.0,0.0,0.0
2026-10-29 08:00:00,중간부하,140,0,0.0,191.397,191.397,0.0,0.0,0.0
2026-10-29 08:15:00,중간부하,140,0,0.0,305.288,305.288,0.0,0.0,0.0
2026-10-29 08:30:00,중간부하,140,0,0.0,307.401,307.401,0.0,0.0,0.0
2026-10-29 08:45:00,중간부하,140,0,0.0,323.661,323.661,0.0,0.0,0.0
2026-10-29 09:00:00,중간부하,140,0,0.0,308.033,308.033,0.0,0.0,0.0
2026-10-29 09:15:00,중간부하,140,0,0.0,300.822,300.822,0.0,0.0,0.0
2026-10-29 09:30:00,중간부하,140,0,0.0,298.718,298.718,0.0,0.0,0.0
2026-10-29 09:45:00,중간부하,140,0,0.0,292.326,292.326,0.0,0.0,0.0
2026-10-29 10:00:00,최대부하,220,1,0.0,302.987,302.987,0.0,0.0,0.0
2026-10-29 10:15:00,최대부하,220,1,0.0,289.321,289.321,0.0,0.0,0.0
2026-10-29 10:30:00,최대부하,220,1,0.0,294.67,294.67,0.0,0.0,0.0
2026-10-29 10:45:00,최대부하,220,1,0.0,280.6,280.6,0.0,0.0,0.0
2026-10-29 11:00:00,최대부하,220,1,0.0,285.437,285.437,0.0,0.0,0.0
2026-10-29 11:15:00,최대부하,220,1,0.0,285.953,285.953,0.0,0.0,0.0
2026-10-29 11:30:00,최대부하,220,1,0.0,286.922,286.922,0.0,0.0,0.0
2026-10-29 11:45:00,최대부하,220,1,0.0,276.387,276.387,0.0,0.0,0.0
2026-10-29 12:00:00,중간부하,140,0,0.0,49.101,49.101,0.0,0.0,0.0
2026-10-29 12:15:00,중간부하,140,0,0.0,28.675,28.675,0.0,0.0,0.0
2026-10-29 12:30:00,중간부하,140,0,0.0,30.302,30.302,0.0,0.0,0.0
2026-10-29 12:45:00,중간부하,140,0,0.0,33.602,33.602,0.0,0.0,0.0
2026-10-29 13:00:00,중간부하,140,0,0.0,187.318,187.318,0.0,0.0,0.0
2026-10-29 13:15:00,중간부하,140,0,0.0,272.024,272.024,0.0,0.0,0.0
2026-10-29 13:30:00,중간부하,140,0,0.0,272.189,272.189,0.0,0.0,0.0
2026-10-29 13:45:00,중간부하,140,0,0.0,266.752,266.752,0.0,0.0,0.0
2026-10-29 14:00:00,중간부하,140,0,0.0,264.631,264.631,0.0,0.0,0.0
2026-10-29 14:15:00,중간부하,140,0,0.0,265.352,265.352,0.0,0.0,0.0
2026-10-29 14:30:00,중간부하,140,0,0.0,265.271,265.271,0.0,0.0,0.0
2026-10-29 14:45:00,중간부하,140,0,0.0,270.798,270.798,0.0,0.0,0.0
2026-10-29 15:00:00,중간부하,140,0,0.0,260.983,260.983,0.0,0.0,0.0
2026-10-29 15:15:00,중간부하,140,0,0.0,261.572,261.572,0.0,0.0,0.0
2026-10-29 15:30:00,중간부하,140,0,0.0,281.624,281.624,0.0,0.0,0.0
2026-10-29 15:45:00,중간부하,140,0,0.0,262.866,262.866,0.0,0.0,0.0
2026-10-29 16:00:00,중간부하,140,0,0.0,277.955,277.955,0.0,0.0,0.0
2026-10-29 16:15:00,중간부하,140,0,0.0,271.536,271.536,0.0,0.0,0.0
2026-10-29 16:30:00,중간부하,140,0,0.0,264.813,264.813,0.0,0.0,0.0
2026-10-29 16:45:00,중간부하,140,0,0.0,251.23,251.23,0.0,0.0,0.0
2026-10-29 17:00:00,최대부하,220,1,0.0,270.641,270.641,0.0,0.0,0.0
2026-10-29 17:15:00,최대부하,220,1,0.0,243.981,243.981,0.0,0.0,0.0
2026-10-29 17:30:00,최대부하,220,1,0.0,137.975,137.975,0.0,0.0,0.0
2026-10-29 17:45:00,최대부하,220,1,0.0,130.982,130.982,0.0,0.0,0.0
2026-10-29 18:00:00,최대부하,220,1,0.0,180.622,180.622,0.0,0.0,0.0
2026-10-29 18:15:00,최대부하,220,1,0.0,228.064,228.064,0.0,0.0,0.0
2026-10-29 18:30:00,최대부하,220,1,0.0,216.218,216.218,0.0,0.0,0.0
2026-10-29 18:45:00,최대부하,220,1,0.0,231.463,231.463,0.0,0.0,0.0
2026-10-29 19:00:00,최대부하,220,1,0.0,214.949,214.949,0.0,0.0,0.0
2026-10-29 19:15:00,최대부하,220,1,0.0,222.671,222.671,0.0,0.0,0.0
2026-10-29 19:30:00,최대부하,220,1,0.0,223.345,223.345,0.0,0.0,0.0
2026-10-29 19:45:00,최대부하,220,1,0.0,216.407,216.407,0.0,0.0,0.0
2026-10-29 20:00:00,중간부하,140,0,0.0,216.952,216.952,0.0,0.0,0.0
2026-10-29 20:15:00,중간부하,140,0,0.0,235.69,235.69,0.0,0.0,0.0
2026-10-29 20:30:00,중간부하,140,0,0.0,201.626,201.626,0.0,0.0,0.0
2026-10-29 20:45:00,중간부하,140,0,0.0,136.433,136.433,0.0,0.0,0.0
2026-10-29 21:00:00,중간부하,140,0,0.0,77.192,77.192,0.0,0.0,0.0
2026-10-29 21:15:00,중간부하,140,0,0.0,52.722,52.722,0.0,0.0,0.0
2026-10-29 21:30:00,중간부하,140,0,0.0,43.755,43.755,0.0,0.0,0.0
2026-10-29 21:45:00,중간부하,140,0,0.0,41.743,41.743,0.0,0.0,0.0
2026-10-29 22:00:00,경부하,90,0,0.0,39.685,39.685,0.0,0.0,0.0
2026-10-29 22:15:00,경부하,90,0,0.0,36.102,36.102,0.0,0.0,0.0
2026-10-29 22:30:00,경부하,90,0,0.0,39.482,39.482,0.0,0.0,0.0
2026-10-29 22:45:00,경부하,90,0,0.0,41.073,41.073,0.0,0.0,0.0
2026-10-29 23:00:00,경부하,90,0,0.0,35.87,35.87,0.0,0.0,0.0
2026-10-29 23:15:00,경부하,90,0,0.0,34.091,34.091,0.0,0.0,0.0
2026-10-29 23:30:00,경부하,90,0,0.0,36.598,36.598,0.0,0.0,0.0
2026-10-29 23:45:00,경부하,90,0,0.0,39.829,39.829,0.0,0.0,0.0
2026-10-30 00:00:00,경부하,90,0,0.0,30.361,30.361,0.0,0.0,0.0
2026-10-30 00:15:00,경부하,90,0,0.0,38.746,38.746,0.0,0.0,0.0
2026-10-30 00:30:00,경부하,90,0,0.0,35.905,35.905,0.0,0.0,0.0
2026-10-30 00:45:00,경부하,90,0,0.0,33.632,33.632,0.0,0.0,0.0
2026-10-30 01:00:00,경부하,90,0,0.0,24.041,24.041,0.0,0.0,0.0
2026-10-30 01:15:00,경부하,90,0,0.0,21.534,21.534,0.0,0.0,0.0
2026-10-30 01:30:00,경부하,90,0,0.0,20.223,20.223,0.0,0.0,0.0
2026-10-30 01:45:00,경부하,90,0,0.0,19.115,19.115,0.0,0.0,0.0
2026-10-30 02:00:00,경부하,90,0,0.0,22.425,22.425,0.0,0.0,0.0
2026-10-30 02:15:00,경부하,90,0,0.0,22.317,22.317,0.0,0.0,0.0
2026-10-30 02:30:00,경부하,90,0,0.0,20.325,20.325,0.0,0.0,0.0
2026-10-30 02:45:00,경부하,90,0,0.0,21.089,21.089,0.0,0.0,0.0
2026-10-30 03:00:00,경부하,90,0,0.0,20.312,20.312,0.0,0.0,0.0
2026-10-30 03:15:00,경부하,90,0,0.0,21.456,21.456,0.0,0.0,0.0
2026-10-30 03:30:00,경부하,90,0,0.0,19.235,19.235,0.0,0.0,0.0
2026-10-30 03:45:00,경부하,90,0,0.0,19.102,19.102,0.0,0.0,0.0
2026-10-30 04:00:00,경부하,90,0,0.0,19.117,19.117,0.0,0.0,0.0
2026-10-30 04:15:00,경부하,90,0,0.0,20.109,20.109,0.0,0.0,0.0
2026-10-30 04:30:00,경부하,90,0,0.0,18.887,18.887,0.0,0.0,0.0
2026-10-30 04:45:00,경부하,90,0,0.0,18.64,18.64,0.0,0.0,0.0
2026-10-30 05:00:00,경부하,90,0,0.0,18.962,18.962,0.0,0.0,0.0
2026-10-30 05:15:00,경부하,90,0,0.0,20.562,20.562,0.0,0.0,0.0
2026-10-30 05:30:00,경부하,90,0,0.0,21.922,21.922,0.0,0.0,0.0
2026-10-30 05:45:00,경부하,90,0,0.0,21.122,21.122,0.0,0.0,0.0
2026-10-30 06:00:00,경부하,90,0,0.0,21.338,21.338,0.0,0.0,0.0
2026-10-30 06:15:00,경부하,90,0,0.0,21.855,21.855,0.0,0.0,0.0
2026-10-30 06:30:00,경부하,90,0,0.0,20.911,20.911,0.0,0.0,0.0
2026-10-30 06:45:00,경부하,90,0,0.0,22.001,22.001,0.0,0.0,0.0
2026-10-30 07:00:00,경부하,90,0,0.0,21.557,21.557,0.0,0.0,0.0
2026-10-30 07:15:00,경부하,90,0,0.0,21.214,21.214,0.0,0.0,0.0
2026-10-30 07:30:00,경부하,90,0,0.0,26.972,26.972,0.0,0.0,0.0
2026-10-30 07:45:00,경부하,90,0,0.0,26.195,26.195,0.0,0.0,0.0
2026-10-30 08:00:00,중간부하,140,0,0.0,156.597,156.597,0.0,0.0,0.0
2026-10-30 08:15:00,중간부하,140,0,0.0,260.635,260.635,0.0,0.0,0.0
2026-10-30 08:30:00,중간부하,140,0,0.0,279.825,279.825,0.0,0.0,0.0
2026-10-30 08:45:00,중간부하,140,0,0.0,290.583,290.583,0.0,0.0,0.0
2026-10-30 09:00:00,중간부하,140,0,0.0,293.703,293.703,0.0,0.0,0.0
2026-10-30 09:15:00,중간부하,140,0,0.0,276.915,276.915,0.0,0.0,0.0
2026-10-30 09:30:00,중간부하,140,0,0.0,264.379,264.379,0.0,0.0,0.0
2026-10-30 09:45:00,중간부하,140,0,0.0,263.182,263.182,0.0,0.0,0.0
2026-10-30 10:00:00,최대부하,220,1,0.0,254.578,254.578,0.0,0.0,0.0
2026-10-30 10:15:00,최대부하,220,1,0.0,258.041,258.041,0.0,0.0,0.0
2026-10-30 10:30:00,최대부하,220,1,0.0,251.716,251.716,0.0,0.0,0.0
2026-10-30 10:45:00,최대부하,220,1,0.0,256.311,256.311,0.0,0.0,0.0
2026-10-30 11:00:00,최대부하,220,1,0.0,262.412,262.412,0.0,0.0,0.0
2026-10-30 11:15:00,최대부하,220,1,0.0,269.604,269.604,0.0,0.0,0.0
2026-10-30 11:30:00,최대부하,220,1,0.0,260.805,260.805,0.0,0.0,0.0
2026-10-30 11:45:00,최대부하,220,1,0.0,255.243,255.243,0.0,0.0,0.0
2026-10-30 12:00:00,중간부하,140,0,0.0,46.342,46.342,0.0,0.0,0.0
2026-10-30 12:15:00,중간부하,140,0,0.0,24.532,24.532,0.0,0.0,0.0
2026-10-30 12:30:00,중간부하,140,0,0.0,23.851,23.851,0.0,0.0,0.0
2026-10-30 12:45:00,중간부하,140,0,0.0,23.976,23.976,0.0,0.0,0.0
2026-10-30 13:00:00,중간부하,140,0,0.0,174.841,174.841,0.0,0.0,0.0
2026-10-30 13:15:00,중간부하,140,0,0.0,260.305,260.305,0.0,0.0,0.0
2026-10-30 13:30:00,중간부하,140,0,0.0,270.731,270.731,0.0,0.0,0.0
2026-10-30 13:45:00,중간부하,140,0,0.0,258.359,258.359,0.0,0.0,0.0
2026-10-30 14:00:00,중간부하,140,0,0.0,266.001,266.001,0.0,0.0,0.0
2026-10-30 14:15:00,중간부하,140,0,0.0,269.82,269.82,0.0,0.0,0.0
2026-10-30 14:30:00,중간부하,140,0,0.0,270.388,270.388,0.0,0.0,0.0
2026-10-30 14:45:00,중간부하,140,0,0.0,266.162,266.162,0.0,0.0,0.0
2026-10-30 15:00:00,중간부하,140,0,0.0,248.149,248.149,0.0,0.0,0.0
2026-10-30 15:15:00,중간부하,140,0,0.0,267.525,267.525,0.0,0.0,0.0
2026-10-30 15:30:00,중간부하,140,0,0.0,261.2,261.2,0.0,0.0,0.0
2026-10-30 15:45:00,중간부하,140,0,0.0,255.565,255.565,0.0,0.0,0.0
2026-10-30 16:00:00,중간부하,140,0,0.0,276.294,276.294,0.0,0.0,0.0
2026-10-30 16:15:00,중간부하,140,0,0.0,255.948,255.948,0.0,0.0,0.0
2026-10-30 16:30:00,중간부하,140,0,0.0,278.278,278.278,0.0,0.0,0.0
2026-10-30 16:45:00,중간부하,140,0,0.0,251.913,251.913,0.0,0.0,0.0
2026-10-30 17:00:00,최대부하,220,1,0.0,243.877,243.877,0.0,0.0,0.0
2026-10-30 17:15:00,최대부하,220,1,0.0,235.685,235.685,0.0,0.0,0.0
2026-10-30 17:30:00,최대부하,220,1,0.0,142.014,142.014,0.0,0.0,0.0
2026-10-30 17:45:00,최대부하,220,1,0.0,132.378,132.378,0.0,0.0,0.0
2026-10-30 18:00:00,최대부하,220,1,0.0,158.27,158.27,0.0,0.0,0.0
2026-10-30 18:15:00,최대부하,220,1,0.0,203.446,203.446,0.0,0.0,0.0
2026-10-30 18:30:00,최대부하,220,1,0.0,200.544,200.544,0.0,0.0,0.0
2026-10-30 18:45:00,최대부하,220,1,0.0,204.748,204.748,0.0,0.0,0.0
2026-10-30 19:00:00,최대부하,220,1,0.0,202.898,202.898,0.0,0.0,0.0
2026-10-30 19:15:00,최대부하,220,1,0.0,204.345,204.345,0.0,0.0,0.0
2026-10-30 19:30:00,최대부하,220,1,0.0,213.591,213.591,0.0,0.0,0.0
2026-10-30 19:45:00,최대부하,220,1,0.0,210.014,210.014,0.0,0.0,0.0
2026-10-30 20:00:00,중간부하,140,0,0.0,210.725,210.725,0.0,0.0,0.0
2026-10-30 20:15:00,중간부하,140,0,0.0,197.949,197.949,0.0,0.0,0.0
2026-10-30 20:30:00,중간부하,140,0,0.0,189.179,189.179,0.0,0.0,0.0
2026-10-30 20:45:00,중간부하,140,0,0.0,114.285,114.285,0.0,0.0,0.0
2026-10-30 21:00:00,중간부하,140,0,0.0,60.127,60.127,0.0,0.0,0.0
2026-10-30 21:15:00,중간부하,140,0,0.0,52.508,52.508,0.0,0.0,0.0
2026-10-30 21:30:00,중간부하,140,0,0.0,46.501,46.501,0.0,0.0,0.0
2026-10-30 21:45:00,중간부하,140,0,0.0,50.834,50.834,0.0,0.0,0.0
2026-10-30 22:00:00,경부하,90,0,0.0,45.177,45.177,0.0,0.0,0.0
2026-10-30 22:15:00,경부하,90,0,0.0,38.754,38.754,0.0,0.0,0.0
2026-10-30 22:30:00,경부하,90,0,0.0,47.296,47.296,0.0,0.0,0.0
2026-10-30 22:45:00,경부하,90,0,0.0,37.343,37.343,0.0,0.0,0.0
2026-10-30 23:00:00,경부하,90,0,0.0,38.762,38.762,0.0,0.0,0.0
2026-10-30 23:15:00,경부하,90,0,0.0,46.49,46.49,0.0,0.0,0.0
2026-10-30 23:30:00,경부하,90,0,0.0,40.772,40.772,0.0,0.0,0.0
2026-10-30 23:45:00,경부하,90,0,0.0,42.482,42.482,0.0,0.0,0.0
2026-10-31 00:00:00,경부하,76,0,0.0,43.126,43.126,0.0,0.0,0.0
2026-10-31 00:15:00,경부하,76,0,0.0,40.765,40.765,0.0,0.0,0.0
2026-10-31 00:30:00,경부하,76,0,0.0,38.779,38.779,0.0,0.0,0.0
2026-10-31 00:45:00,경부하,76,0,0.0,34.83,34.83,0.0,0.0,0.0
2026-10-31 01:00:00,경부하,76,0,0.0,35.279,35.279,0.0,0.0,0.0
2026-10-31 01:15:00,경부하,76,0,0.0,25.721,25.721,0.0,0.0,0.0
2026-10-31 01:30:00,경부하,76,0,0.0,23.928,23.928,0.0,0.0,0.0
2026-10-31 01:45:00,경부하,76,0,0.0,21.462,21.462,0.0,0.0,0.0
2026-10-31 02:00:00,경부하,76,0,0.0,18.222,18.222,0.0,0.0,0.0
2026-10-31 02:15:00,경부하,76,0,0.0,20.736,20.736,0.0,0.0,0.0
2026-10-31 02:30:00,경부하,76,0,0.0,20.572,20.572,0.0,0.0,0.0
2026-10-31 02:45:00,경부하,76,0,0.0,18.598,18.598,0.0,0.0,0.0
2026-10-31 03:00:00,경부하,76,0,0.0,19.308,19.308,0.0,0.0,0.0
2026-10-31 03:15:00,경부하,76,0,0.0,20.568,20.568,0.0,0.0,0.0
2026-10-31 03:30:00,경부하,76,0,0.0,18.908,18.908,0.0,0.0,0.0
2026-10-31 03:45:00,경부하,76,0,0.0,19.745,19.745,0.0,0.0,0.0
2026-10-31 04:00:00,경부하,76,0,0.0,20.234,20.234,0.0,0.0,0.0
2026-10-31 04:15:00,경부하,76,0,0.0,18.193,18.193,0.0,0.0,0.0
2026-10-31 04:30:00,경부하,76,0,0.0,20.502,20.502,0.0,0.0,0.0
2026-10-31 04:45:00,경부하,76,0,0.0,19.883,19.883,0.0,0.0,0.0
2026-10-31 05:00:00,경부하,76,0,0.0,18.612,18.612,0.0,0.0,0.0
2026-10-31 05:15:00,경부하,76,0,0.0,20.46,20.46,0.0,0.0,0.0
2026-10-31 05:30:00,경부하,76,0,0.0,18.132,18.132,0.0,0.0,0.0
2026-10-31 05:45:00,경부하,76,0,0.0,17.727,17.727,0.0,0.0,0.0
2026-10-31 06:00:00,경부하,76,0,0.0,20.401,20.401,0.0,0.0,0.0
2026-10-31 06:15:00,경부하,76,0,0.0,18.839,18.839,0.0,0.0,0.0
2026-10-31 06:30:00,경부하,76,0,0.0,18.765,18.765,0.0,0.0,0.0
2026-10-31 06:45:00,경부하,76,0,0.0,20.345,20.345,0.0,0.0,0.0
2026-10-31 07:00:00,경부하,76,0,0.0,17.589,17.589,0.0,0.0,0.0
2026-10-31 07:15:00,경부하,76,0,0.0,16.712,16.712,0.0,0.0,0.0
2026-10-31 07:30:00,경부하,76,0,0.0,17.474,17.474,0.0,0.0,0.0
2026-10-31 07:45:00,경부하,76,0,0.0,20.316,20.316,0.0,0.0,0.0
2026-10-31 08:00:00,중간부하,119,0,0.0,89.882,89.882,0.0,0.0,0.0
2026-10-31 08:15:00,중간부하,119,0,0.0,148.489,148.489,0.0,0.0,0.0
2026-10-31 08:30:00,중간부하,119,0,0.0,139.175,139.175,0.0,0.0,0.0
2026-10-31 08:45:00,중간부하,119,0,0.0,143.964,143.964,0.0,0.0,0.0
2026-10-31 09:00:00,중간부하,119,0,0.0,151.455,151.455,0.0,0.0,0.0
2026-10-31 09:15:00,중간부하,119,0,0.0,146.051,146.051,0.0,0.0,0.0
2026-10-31 09:30:00,중간부하,119,0,0.0,142.095,142.095,0.0,0.0,0.0
2026-10-31 09:45:00,중간부하,119,0,0.0,145.035,145.035,0.0,0.0,0.0
2026-10-31 10:00:00,최대부하,187,1,0.0,145.905,145.905,0.0,0.0,0.0
2026-10-31 10:15:00,최대부하,187,1,0.0,148.066,148.066,0.0,0.0,0.0
2026-10-31 10:30:00,최대부하,187,1,0.0,147.628,147.628,0.0,0.0,0.0
2026-10-31 10:45:00,최대부하,187,1,0.0,155.062,155.062,0.0,0.0,0.0
2026-10-31 11:00:00,최대부하,187,1,0.0,142.73,142.73,0.0,0.0,0.0
2026-10-31 11:15:00,최대부하,187,1,0.0,146.409,146.409,0.0,0.0,0.0
2026-10-31 11:30:00,최대부하,187,1,0.0,145.442,145.442,0.0,0.0,0.0
2026-10-31 11:45:00,최대부하,187,1,0.0,106.313,106.313,0.0,0.0,0.0
2026-10-31 12:00:00,중간부하,119,0,0.0,25.505,25.505,0.0,0.0,0.0
2026-10-31 12:15:00,중간부하,119,0,0.0,20.312,20.312,0.0,0.0,0.0
2026-10-31 12:30:00,중간부하,119,0,0.0,20.444,20.444,0.0,0.0,0.0
2026-10-31 12:45:00,중간부하,119,0,0.0,20.73,20.73,0.0,0.0,0.0
2026-10-31 13:00:00,중간부하,119,0,0.0,74.014,74.014,0.0,0.0,0.0
2026-10-31 13:15:00,중간부하,119,0,0.0,151.325,151.325,0.0,0.0,0.0
2026-10-31 13:30:00,중간부하,119,0,0.0,151.055,151.055,0.0,0.0,0.0
2026-10-31 13:45:00,중간부하,119,0,0.0,154.525,154.525,0.0,0.0,0.0
2026-10-31 14:00:00,중간부하,119,0,0.0,145.119,145.119,0.0,0.0,0.0
2026-10-31 14:15:00,중간부하,119,0,0.0,154.367,154.367,0.0,0.0,0.0
2026-10-31 14:30:00,중간부하,119,0,0.0,151.035,151.035,0.0,0.0,0.0
2026-10-31 14:45:00,중간부하,119,0,0.0,158.344,158.344,0.0,0.0,0.0
2026-10-31 15:00:00,중간부하,119,0,0.0,153.372,153.372,0.0,0.0,0.0
2026-10-31 15:15:00,중간부하,119,0,0.0,156.283,156.283,0.0,0.0,0.0
2026-10-31 15:30:00,중간부하,119,0,0.0,163.725,163.725,0.0,0.0,0.0
2026-10-31 15:45:00,중간부하,119,0,0.0,146.872,146.872,0.0,0.0,0.0
2026-10-31 16:00:00,중간부하,119,0,0.0,153.275,153.275,0.0,0.0,0.0
2026-10-31 16:15:00,중간부하,119,0,0.0,148.156,148.156,0.0,0.0,0.0
2026-10-31 16:30:00,중간부하,119,0,0.0,140.021,140.021,0.0,0.0,0.0
2026-10-31 16:45:00,중간부하,119,0,0.0,75.312,75.312,0.0,0.0,0.0
2026-10-31 17:00:00,최대부하,187,1,0.0,38.946,38.946,0.0,0.0,0.0
2026-10-31 17:15:00,최대부하,187,1,0.0,35.028,35.028,0.0,0.0,0.0
2026-10-31 17:30:00,최대부하,187,1,0.0,33.513,33.513,0.0,0.0,0.0
2026-10-31 17:45:00,최대부하,187,1,0.0,34.641,34.641,0.0,0.0,0.0
2026-10-31 18:00:00,최대부하,187,1,0.0,31.698,31.698,0.0,0.0,0.0
2026-10-31 18:15:00,최대부하,187,1,0.0,31.564,31.564,0.0,0.0,0.0
2026-10-31 18:30:00,최대부하,187,1,0.0,28.671,28.671,0.0,0.0,0.0
2026-10-31 18:45:00,최대부하,187,1,0.0,31.088,31.088,0.0,0.0,0.0
2026-10-31 19:00:00,최대부하,187,1,0.0,28.996,28.996,0.0,0.0,0.0
2026-10-31 19:15:00,최대부하,187,1,0.0,26.009,26.009,0.0,0.0,0.0
2026-10-31 19:30:00,최대부하,187,1,0.0,29.461,29.461,0.0,0.0,0.0
2026-10-31 19:45:00,최대부하,187,1,0.0,29.867,29.867,0.0,0.0,0.0
2026-10-31 20:00:00,중간부하,119,0,0.0,29.556,29.556,0.0,0.0,0.0
2026-10-31 20:15:00,중간부하,119,0,0.0,28.473,28.473,0.0,0.0,0.0
2026-10-31 20:30:00,중간부하,119,0,0.0,26.323,26.323,0.0,0.0,0.0
2026-10-31 20:45:00,중간부하,119,0,0.0,25.864,25.864,0.0,0.0,0.0
2026-10-31 21:00:00,중간부하,119,0,0.0,26.016,26.016,0.0,0.0,0.0
2026-10-31 21:15:00,중간부하,119,0,0.0,25.37,25.37,0.0,0.0,0.0
2026-10-31 21:30:00,중간부하,119,0,0.0,26.457,26.457,0.0,0.0,0.0
2026-10-31 21:45:00,중간부하,119,0,0.0,23.398,23.398,0.0,0.0,0.0
2026-10-31 22:00:00,경부하,76,0,0.0,25.642,25.642,0.0,0.0,0.0
2026-10-31 22:15:00,경부하,76,0,0.0,24.288,24.288,0.0,0.0,0.0
2026-10-31 22:30:00,경부하,76,0,0.0,24.244,24.244,0.0,0.0,0.0
2026-10-31 22:45:00,경부하,76,0,0.0,23.669,23.669,0.0,0.0,0.0
2026-10-31 23:00:00,경부하,76,0,0.0,23.612,23.612,0.0,0.0,0.0
2026-10-31 23:15:00,경부하,76,0,0.0,23.451,23.451,0.0,0.0,0.0
2026-10-31 23:30:00,경부하,76,0,0.0,22.961,22.961,0.0,0.0,0.0
2026-10-31 23:45:00,경부하,76,0,0.0,21.873,21.873,0.0,0.0,0.0
2026-11-01 00:00:00,경부하,76,0,0.0,22.248,22.248,0.0,0.0,0.0
2026-11-01 00:15:00,경부하,76,0,0.0,21.832,21.832,0.0,0.0,0.0
2026-11-01 00:30:00,경부하,76,0,0.0,19.921,19.921,0.0,0.0,0.0
2026-11-01 00:45:00,경부하,76,0,0.0,20.232,20.232,0.0,0.0,0.0
2026-11-01 01:00:00,경부하,76,0,0.0,17.288,17.288,0.0,0.0,0.0
2026-11-01 01:15:00,경부하,76,0,0.0,15.905,15.905,0.0,0.0,0.0
2026-11-01 01:30:00,경부하,76,0,0.0,15.657,15.657,0.0,0.0,0.0
2026-11-01 01:45:00,경부하,76,0,0.0,15.828,15.828,0.0,0.0,0.0
2026-11-01 02:00:00,경부하,76,0,0.0,15.318,15.318,0.0,0.0,0.0
2026-11-01 02:15:00,경부하,76,0,0.0,15.278,15.278,0.0,0.0,0.0
2026-11-01 02:30:00,경부하,76,0,0.0,15.838,15.838,0.0,0.0,0.0
2026-11-01 02:45:00,경부하,76,0,0.0,15.985,15.985,0.0,0.0,0.0
2026-11-01 03:00:00,경부하,76,0,0.0,15.722,15.722,0.0,0.0,0.0
2026-11-01 03:15:00,경부하,76,0,0.0,15.743,15.743,0.0,0.0,0.0
2026-11-01 03:30:00,경부하,76,0,0.0,15.731,15.731,0.0,0.0,0.0
2026-11-01 03:45:00,경부하,76,0,0.0,15.575,15.575,0.0,0.0,0.0
2026-11-01 04:00:00,경부하,76,0,0.0,15.706,15.706,0.0,0.0,0.0
2026-11-01 04:15:00,경부하,76,0,0.0,15.354,15.354,0.0,0.0,0.0
2026-11-01 04:30:00,경부하,76,0,0.0,15.713,15.713,0.0,0.0,0.0
2026-11-01 04:45:00,경부하,76,0,0.0,15.895,15.895,0.0,0.0,0.0
2026-11-01 05:00:00,경부하,76,0,0.0,15.068,15.068,0.0,0.0,0.0
2026-11-01 05:15:00,경부하,76,0,0.0,14.018,14.018,0.0,0.0,0.0
2026-11-01 05:30:00,경부하,76,0,0.0,12.866,12.866,0.0,0.0,0.0
2026-11-01 05:45:00,경부하,76,0,0.0,12.792,12.792,0.0,0.0,0.0
2026-11-01 06:00:00,경부하,76,0,0.0,12.713,12.713,0.0,0.0,0.0
2026-11-01 06:15:00,경부하,76,0,0.0,12.64,12.64,0.0,0.0,0.0
2026-11-01 06:30:00,경부하,76,0,0.0,12.932,12.932,0.0,0.0,0.0
2026-11-01 06:45:00,경부하,76,0,0.0,12.771,12.771,0.0,0.0,0.0
2026-11-01 07:00:00,경부하,76,0,0.0,12.516,12.516,0.0,0.0,0.0
2026-11-01 07:15:00,경부하,76,0,0.0,12.54,12.54,0.0,0.0,0.0
2026-11-01 07:30:00,경부하,76,0,0.0,12.668,12.668,0.0,0.0,0.0
2026-11-01 07:45:00,경부하,76,0,0.0,14.532,14.532,0.0,0.0,0.0
2026-11-01 08:00:00,중간부하,119,0,0.0,42.572,42.572,0.0,0.0,0.0
2026-11-01 08:15:00,중간부하,119,0,0.0,65.489,65.489,0.0,0.0,0.0
2026-11-01 08:30:00,중간부하,119,0,0.0,60.635,60.635,0.0,0.0,0.0
2026-11-01 08:45:00,중간부하,119,0,0.0,65.008,65.008,0.0,0.0,0.0
2026-11-01 09:00:00,중간부하,119,0,0.0,60.27,60.27,0.0,0.0,0.0
2026-11-01 09:15:00,중간부하,119,0,0.0,63.161,63.161,0.0,0.0,0.0
2026-11-01 09:30:00,중간부하,119,0,0.0,68.01,68.01,0.0,0.0,0.0
2026-11-01 09:45:00,중간부하,119,0,0.0,62.445,62.445,0.0,0.0,0.0
2026-11-01 10:00:00,최대부하,187,1,0.0,64.752,64.752,0.0,0.0,0.0
2026-11-01 10:15:00,최대부하,187,1,0.0,64.89,64.89,0.0,0.0,0.0
2026-11-01 10:30:00,최대부하,187,1,0.0,64.339,64.339,0.0,0.0,0.0
2026-11-01 10:45:00,최대부하,187,1,0.0,62.242,62.242,0.0,0.0,0.0
2026-11-01 11:00:00,최대부하,187,1,0.0,66.597,66.597,0.0,0.0,0.0
2026-11-01 11:15:00,최대부하,187,1,0.0,62.407,62.407,0.0,0.0,0.0
2026-11-01 11:30:00,최대부하,187,1,0.0,64.188,64.188,0.0,0.0,0.0
2026-11-01 11:45:00,최대부하,187,1,0.0,41.472,41.472,0.0,0.0,0.0
2026-11-01 12:00:00,중간부하,119,0,0.0,16.96,16.96,0.0,0.0,0.0
2026-11-01 12:15:00,중간부하,119,0,0.0,16.848,16.848,0.0,0.0,0.0
2026-11-01 12:30:00,중간부하,119,0,0.0,16.795,16.795,0.0,0.0,0.0
2026-11-01 12:45:00,중간부하,119,0,0.0,16.46,16.46,0.0,0.0,0.0
2026-11-01 13:00:00,중간부하,119,0,0.0,37.534,37.534,0.0,0.0,0.0
2026-11-01 13:15:00,중간부하,119,0,0.0,67.28,67.28,0.0,0.0,0.0
2026-11-01 13:30:00,중간부하,119,0,0.0,61.742,61.742,0.0,0.0,0.0
2026-11-01 13:45:00,중간부하,119,0,0.0,62.418,62.418,0.0,0.0,0.0
2026-11-01 14:00:00,중간부하,119,0,0.0,59.25,59.25,0.0,0.0,0.0
2026-11-01 14:15:00,중간부하,119,0,0.0,59.904,59.904,0.0,0.0,0.0
2026-11-01 14:30:00,중간부하,119,0,0.0,59.657,59.657,0.0,0.0,0.0
2026-11-01 14:45:00,중간부하,119,0,0.0,58.42,58.42,0.0,0.0,0.0
2026-11-01 15:00:00,중간부하,119,0,0.0,57.632,57.632,0.0,0.0,0.0
2026-11-01 15:15:00,중간부하,119,0,0.0,57.97,57.97,0.0,0.0,0.0
2026-11-01 15:30:00,중간부하,119,0,0.0,57.804,57.804,0.0,0.0,0.0
2026-11-01 15:45:00,중간부하,119,0,0.0,57.182,57.182,0.0,0.0,0.0
2026-11-01 16:00:00,중간부하,119,0,0.0,57.992,57.992,0.0,0.0,0.0
2026-11-01 16:15:00,중간부하,119,0,0.0,52.412,52.412,0.0,0.0,0.0
2026-11-01 16:30:00,중간부하,119,0,0.0,47.272,47.272,0.0,0.0,0.0
2026-11-01 16:45:00,중간부하,119,0,0.0,25.923,25.923,0.0,0.0,0.0
2026-11-01 17:00:00,최대부하,187,1,0.0,20.468,20.468,0.0,0.0,0.0
2026-11-01 17:15:00,최대부하,187,1,0.0,20.326,20.326,0.0,0.0,0.0
2026-11-01 17:30:00,최대부하,187,1,0.0,19.438,19.438,0.0,0.0,0.0
2026-11-01 17:45:00,최대부하,187,1,0.0,18.378,18.378,0.0,0.0,0.0
2026-11-01 18:00:00,최대부하,187,1,0.0,18.608,18.608,0.0,0.0,0.0
2026-11-01 18:15:00,최대부하,187,1,0.0,18.747,18.747,0.0,0.0,0.0
2026-11-01 18:30:00,최대부하,187,1,0.0,19.018,19.018,0.0,0.0,0.0
2026-11-01 18:45:00,최대부하,187,1,0.0,19.511,19.511,0.0,0.0,0.0
2026-11-01 19:00:00,최대부하,187,1,0.0,19.579,19.579,0.0,0.0,0.0
2026-11-01 19:15:00,최대부하,187,1,0.0,19.396,19.396,0.0,0.0,0.0
2026-11-01 19:30:00,최대부하,187,1,0.0,19.217,19.217,0.0,0.0,0.0
2026-11-01 19:45:00,최대부하,187,1,0.0,19.61,19.61,0.0,0.0,0.0
2026-11-01 20:00:00,중간부하,119,0,0.0,19.327,19.327,0.0,0.0,0.0
2026-11-01 20:15:00,중간부하,119,0,0.0,19.314,19.314,0.0,0.0,0.0
2026-11-01 20:30:00,중간부하,119,0,0.0,19.325,19.325,0.0,0.0,0.0
2026-11-01 20:45:00,중간부하,119,0,0.0,16.784,16.784,0.0,0.0,0.0
2026-11-01 21:00:00,중간부하,119,0,0.0,16.109,16.109,0.0,0.0,0.0
2026-11-01 21:15:00,중간부하,119,0,0.0,15.985,15.985,0.0,0.0,0.0
2026-11-01 21:30:00,중간부하,119,0,0.0,15.941,15.941,0.0,0.0,0.0
2026-11-01 21:45:00,중간부하,119,0,0.0,15.938,15.938,0.0,0.0,0.0
2026-11-01 22:00:00,경부하,76,0,0.0,15.539,15.539,0.0,0.0,0.0
2026-11-01 22:15:00,경부하,76,0,0.0,13.565,13.565,0.0,0.0,0.0
2026-11-01 22:30:00,경부하,76,0,0.0,12.806,12.806,0.0,0.0,0.0
2026-11-01 22:45:00,경부하,76,0,0.0,13.003,13.003,0.0,0.0,0.0
2026-11-01 23:00:00,경부하,76,0,0.0,12.68,12.68,0.0,0.0,0.0
2026-11-01 23:15:00,경부하,76,0,0.0,12.646,12.646,0.0,0.0,0.0
2026-11-01 23:30:00,경부하,76,0,0.0,12.673,12.673,0.0,0.0,0.0
2026-11-01 23:45:00,경부하,76,0,0.0,12.833,12.833,0.0,0.0,0.0
